,선수명,팀명,타율,타수,안타,2루타,3루타,홈런,타점,볼넷,사구,삼진,병살타,타순,년도
0,이천웅,LG,0.304,526,160,22,3,2,45,57,5,78,11,1번,2019
1,이형종,LG,0.28,50,14,3,0,1,3,7,1,10,0,1번,2019
2,정주현,LG,0.25,4,1,0,0,0,0,0,0,2,0,1번,2019
3,신민재,LG,0.111,9,1,0,0,0,0,2,1,4,0,1번,2019
4,김용의,LG,0.0,2,0,0,0,0,1,1,0,1,0,1번,2019
5,윤진호,LG,0.0,2,0,0,0,0,0,0,0,1,0,1번,2019
6,전민수,LG,0.0,1,0,0,0,0,0,0,0,1,0,1번,2019
7,채은성,LG,0.0,1,0,0,0,0,0,0,0,1,0,1번,2019
8,홍창기,LG,0.0,5,0,0,0,0,0,0,0,4,0,1번,2019
9,채은성,LG,1.0,1,1,0,0,0,1,0,0,0,0,2번,2019
10,홍창기,LG,0.667,6,4,1,0,0,0,0,0,2,0,2번,2019
11,이천웅,LG,0.429,7,3,1,0,0,1,0,0,1,1,2번,2019
12,오지환,LG,0.261,276,72,13,2,7,36,32,6,63,5,2번,2019
13,정주현,LG,0.253,150,38,7,0,2,16,12,1,34,3,2번,2019
14,전민수,LG,0.222,9,2,1,0,0,2,0,0,3,0,2번,2019
15,박용택,LG,0.2,5,1,1,0,0,1,0,0,0,0,2번,2019
16,이형종,LG,0.2,45,9,1,0,1,5,3,1,7,2,2번,2019
17,신민재,LG,0.178,45,8,2,0,0,3,4,2,9,0,2번,2019
18,윤진호,LG,0.143,7,1,0,0,0,0,1,0,2,0,2번,2019
19,김용의,LG,0.091,11,1,0,0,0,0,2,0,3,0,2번,2019
20,구본혁,LG,0.0,3,0,0,0,0,0,0,0,0,0,2번,2019
21,류형우,LG,0.0,1,0,0,0,0,0,0,0,0,1,2번,2019
22,박지규,LG,0.0,3,0,0,0,0,0,2,1,3,0,2번,2019
23,서상우,LG,0.0,1,0,0,0,0,0,0,0,1,0,2번,2019
24,정상호,LG,0.0,1,0,0,0,0,0,0,0,0,0,2번,2019
25,유강남,LG,1.000,1,1,0,0,0,0,0,0,0,0,3번,2019
26,김현수,LG,0.333,291,97,25,0,9,55,33,4,26,7,3번,2019
27,페게로,LG,0.333,18,6,1,0,2,4,1,0,4,0,3번,2019
28,이형종,LG,0.307,199,61,15,1,6,36,16,6,36,5,3번,2019
29,채은성,LG,0.250,4,1,0,0,0,0,0,0,0,0,3번,2019
30,박용택,LG,0.159,44,7,0,0,0,3,5,0,14,0,3번,2019
31,김용의,LG,-,0,0,0,0,0,0,0,1,0,0,3번,2019
32,신민재,LG,0.000,1,0,0,0,0,0,0,0,0,0,3번,2019
33,윤진호,LG,0.000,2,0,0,0,0,0,0,0,0,0,3번,2019
34,이성우,LG,-,0,0,0,0,0,0,0,1,0,0,3번,2019
35,이천웅,LG,0.000,1,0,0,0,0,0,0,0,1,0,3번,2019
36,전민수,LG,0.000,5,0,0,0,0,0,2,0,1,0,3번,2019
37,홍창기,LG,0.000,1,0,0,0,0,0,1,0,0,0,3번,2019
38,신민재,LG,0.500,2,1,0,0,0,0,0,0,0,0,4번,2019
39,김용의,LG,0.375,16,6,2,1,0,4,1,0,3,0,4번,2019
40,채은성,LG,0.299,67,20,3,0,1,9,1,0,8,0,4번,2019
41,조셉,LG,0.277,166,46,1,0,8,30,14,4,34,2,4번,2019
42,김현수,LG,0.269,234,63,12,0,2,27,21,2,26,4,4번,2019
43,전민수,LG,0.250,8,2,0,0,0,0,0,0,0,0,4번,2019
44,페게로,LG,0.224,67,15,1,0,0,11,6,1,24,2,4번,2019
45,박지규,LG,-,0,0,0,0,0,1,0,1,0,0,4번,2019
46,서상우,LG,0.000,3,0,0,0,0,0,0,0,2,0,4번,2019
47,유강남,LG,-,0,0,0,0,0,0,1,0,0,0,4번,2019
48,홍창기,LG,0.000,4,0,0,0,0,0,0,0,3,1,4번,2019
49,페게로,LG,0.5,8,4,1,0,2,6,0,0,1,0,5번,2019
50,박용택,LG,0.391,23,9,2,0,0,4,0,0,2,0,5번,2019
51,이형종,LG,0.333,9,3,0,0,1,5,3,2,1,0,5번,2019
52,채은성,LG,0.314,379,119,14,1,11,61,21,12,56,9,5번,2019
53,전민수,LG,0.286,7,2,0,0,0,1,1,0,1,0,5번,2019
54,유강남,LG,0.258,93,24,3,0,5,15,6,4,17,5,5번,2019
55,홍창기,LG,0.25,4,1,0,0,0,0,0,1,2,0,5번,2019
56,조셉,LG,0.19,21,4,2,0,0,2,0,0,7,0,5번,2019
57,김용의,LG,0.0,6,0,0,0,0,0,0,0,2,0,5번,2019
58,류형우,LG,0.0,1,0,0,0,0,0,0,0,0,0,5번,2019
59,서상우,LG,0.0,3,0,0,0,0,0,0,0,2,0,5번,2019
60,윤진호,LG,0.0,1,0,0,0,0,0,0,0,0,0,5번,2019
61,이성우,LG,0.0,1,0,0,0,0,0,0,0,0,0,5번,2019
62,정상호,LG,0.0,1,0,0,0,0,0,0,0,1,0,5번,2019
63,서상우,LG,0.5,4,2,0,0,0,0,1,0,1,0,6번,2019
64,신민재,LG,0.5,2,1,0,0,0,0,0,0,1,0,6번,2019
65,조셉,LG,0.5,6,3,0,0,1,3,0,0,2,1,6번,2019
66,채은성,LG,0.4,15,6,1,0,0,1,2,0,1,0,6번,2019
67,윤진호,LG,0.333,3,1,0,0,0,1,0,0,1,0,6번,2019
68,박용택,LG,0.325,114,37,6,0,1,14,11,0,13,3,6번,2019
69,페게로,LG,0.302,106,32,7,0,5,23,5,1,34,0,6번,2019
70,이형종,LG,0.291,110,32,5,0,4,13,12,0,22,2,6번,2019
71,김용의,LG,0.286,7,2,0,0,0,1,0,0,2,0,6번,2019
72,오지환,LG,0.276,29,8,2,1,0,0,2,0,7,0,6번,2019
73,이천웅,LG,0.25,4,1,0,0,0,0,0,0,0,1,6번,2019
74,유강남,LG,0.241,58,14,2,0,1,5,4,2,10,4,6번,2019
75,김민성,LG,0.231,78,18,3,0,1,6,4,2,16,2,6번,2019
76,전민수,LG,0.125,8,1,1,0,0,0,2,0,1,1,6번,2019
77,구본혁,LG,0.0,1,0,0,0,0,0,0,0,0,0,6번,2019
78,정상호,LG,0.0,1,0,0,0,0,0,0,0,0,1,6번,2019
79,이천웅,LG,0.5,6,3,1,0,0,1,0,0,2,0,7번,2019
80,박지규,LG,0.333,3,1,0,0,0,0,1,0,1,0,7번,2019
81,백승현,LG,0.333,3,1,0,0,0,0,0,0,1,1,7번,2019
82,김민성,LG,0.275,273,75,13,0,7,44,26,2,58,7,7번,2019
83,유강남,LG,0.267,15,4,1,0,3,3,1,1,3,0,7번,2019
84,전민수,LG,0.267,15,4,1,0,0,0,2,0,2,1,7번,2019
85,오지환,LG,0.182,77,14,2,1,1,8,14,0,19,1,7번,2019
86,김용의,LG,0.15,40,6,1,0,0,1,5,0,8,1,7번,2019
87,구본혁,LG,0.143,7,1,0,0,1,2,3,0,1,0,7번,2019
88,윤진호,LG,0.133,15,2,1,0,0,3,0,0,2,0,7번,2019
89,양종민,LG,0.125,32,4,1,0,0,2,2,0,12,2,7번,2019
90,김재율,LG,0.111,9,1,0,0,0,0,0,0,0,0,7번,2019
91,김재성,LG,0.0,3,0,0,0,0,0,1,0,1,0,7번,2019
92,김현수,LG,0.0,1,0,0,0,0,0,0,0,0,0,7번,2019
93,류형우,LG,0.0,5,0,0,0,0,0,0,0,3,0,7번,2019
94,박용택,LG,0.0,1,0,0,0,0,0,0,0,0,0,7번,2019
95,서상우,LG,0.0,1,0,0,0,0,0,0,0,0,1,7번,2019
96,신민재,LG,0.0,1,0,0,0,0,0,0,0,0,0,7번,2019
97,이성우,LG,0.0,4,0,0,0,0,0,0,0,1,2,7번,2019
98,이형종,LG,0.0,2,0,0,0,0,0,0,0,1,0,7번,2019
99,정상호,LG,0.0,2,0,0,0,0,0,0,0,1,1,7번,2019
100,정주현,LG,0.0,2,0,0,0,0,0,1,0,2,0,7번,2019
101,백승현,LG,1.0,1,1,0,0,0,0,0,0,0,0,8번,2019
102,서상우,LG,0.6,5,3,1,0,0,1,0,0,1,0,8번,2019
103,김재성,LG,0.5,2,1,0,0,0,1,1,0,1,0,8번,2019
104,류형우,LG,0.5,2,1,0,0,0,0,1,0,0,0,8번,2019
105,신민재,LG,0.5,4,2,0,0,0,0,0,0,0,0,8번,2019
106,채은성,LG,0.5,2,1,0,0,0,0,0,0,1,0,8번,2019
107,전민수,LG,0.364,22,8,4,0,0,3,0,0,2,1,8번,2019
108,구본혁,LG,0.333,3,1,0,0,0,0,0,0,0,0,8번,2019
109,정주현,LG,0.3,10,3,0,0,0,0,1,0,1,0,8번,2019
110,유강남,LG,0.283,247,70,16,0,7,26,18,6,52,11,8번,2019
111,김용의,LG,0.257,70,18,1,2,0,7,9,1,15,0,8번,2019
112,김민성,LG,0.25,4,1,0,0,0,0,0,0,0,1,8번,2019
113,오지환,LG,0.192,26,5,0,0,0,0,0,1,3,1,8번,2019
114,이성우,LG,0.155,58,9,3,0,0,6,3,2,10,0,8번,2019
115,정상호,LG,0.105,19,2,1,0,0,2,0,0,9,1,8번,2019
116,윤진호,LG,0.077,13,1,0,0,1,1,0,0,3,0,8번,2019
117,박용택,LG,0.0,4,0,0,0,0,0,1,0,1,0,8번,2019
118,양종민,LG,0.0,8,0,0,0,0,0,0,0,2,0,8번,2019
119,이형종,LG,0.0,1,0,0,0,0,0,1,0,0,0,8번,2019
120,전준호,LG,0.0,5,0,0,0,0,0,0,0,1,0,8번,2019
121,조셉,LG,0.0,3,0,0,0,0,0,0,0,3,0,8번,2019
122,이성우,LG,1.0,1,1,0,0,0,0,1,0,0,0,9번,2019
123,조셉,LG,1.0,1,1,0,0,0,1,0,0,0,0,9번,2019
124,류형우,LG,0.5,2,1,0,0,0,1,0,0,0,0,9번,2019
125,양종민,LG,0.5,4,2,1,0,0,3,0,0,1,1,9번,2019
126,이천웅,LG,0.5,2,1,0,0,0,1,0,0,0,0,9번,2019
127,신민재,LG,0.353,17,6,1,0,0,2,2,0,3,0,9번,2019
128,이형종,LG,0.333,3,1,0,0,0,1,0,0,1,0,9번,2019
129,오지환,LG,0.308,65,20,6,1,1,9,9,0,21,0,9번,2019
130,박용택,LG,0.25,4,1,0,0,0,0,1,0,0,0,9번,2019
131,홍창기,LG,0.25,4,1,1,0,0,0,0,0,1,0,9번,2019
132,김용의,LG,0.222,27,6,1,0,0,3,6,0,4,0,9번,2019
133,정주현,LG,0.214,210,45,12,2,0,11,17,0,52,7,9번,2019
134,전민수,LG,0.19,21,4,0,0,0,2,2,0,7,1,9번,2019
135,구본혁,LG,0.183,71,13,1,0,0,4,3,2,16,0,9번,2019
136,백승현,LG,0.115,26,3,1,0,0,0,0,0,9,0,9번,2019
137,윤진호,LG,0.063,16,1,1,0,0,0,0,0,4,0,9번,2019
138,김민성,LG,0.0,6,0,0,0,0,0,0,0,1,2,9번,2019
139,박지규,LG,0.0,5,0,0,0,0,0,1,0,3,0,9번,2019
140,서상우,LG,0.0,4,0,0,0,0,0,2,0,1,0,9번,2019
141,유강남,LG,0.0,4,0,0,0,0,0,0,0,0,1,9번,2019
142,채은성,LG,0.0,1,0,0,0,0,0,0,0,0,0,9번,2019
143,채은성,LG,0.5,2,1,0,0,0,1,0,0,1,0,상위(1~2번),2019
144,홍창기,LG,0.364,11,4,1,0,0,0,0,0,6,0,상위(1~2번),2019
145,이천웅,LG,0.306,533,163,23,3,2,46,57,5,79,12,상위(1~2번),2019
146,오지환,LG,0.261,276,72,13,2,7,36,32,6,63,5,상위(1~2번),2019
147,정주현,LG,0.253,154,39,7,0,2,16,12,1,36,3,상위(1~2번),2019
148,이형종,LG,0.242,95,23,4,0,2,8,10,2,17,2,상위(1~2번),2019
149,박용택,LG,0.2,5,1,1,0,0,1,0,0,0,0,상위(1~2번),2019
150,전민수,LG,0.2,10,2,1,0,0,2,0,0,4,0,상위(1~2번),2019
151,신민재,LG,0.167,54,9,2,0,0,3,6,3,13,0,상위(1~2번),2019
152,윤진호,LG,0.111,9,1,0,0,0,0,1,0,3,0,상위(1~2번),2019
153,김용의,LG,0.077,13,1,0,0,0,1,3,0,4,0,상위(1~2번),2019
154,구본혁,LG,0.0,3,0,0,0,0,0,0,0,0,0,상위(1~2번),2019
155,류형우,LG,0.0,1,0,0,0,0,0,0,0,0,1,상위(1~2번),2019
156,박지규,LG,0.0,3,0,0,0,0,0,2,1,3,0,상위(1~2번),2019
157,서상우,LG,0.0,1,0,0,0,0,0,0,0,1,0,상위(1~2번),2019
158,정상호,LG,0.0,1,0,0,0,0,0,0,0,0,0,상위(1~2번),2019
159,신민재,LG,0.333,3,1,0,0,0,0,0,0,0,0,중심(3~5번),2019
160,채은성,LG,0.311,450,140,17,1,12,70,22,12,64,9,중심(3~5번),2019
161,이형종,LG,0.308,208,64,15,1,7,41,19,8,37,5,중심(3~5번),2019
162,김현수,LG,0.305,525,160,37,0,11,82,54,6,52,11,중심(3~5번),2019
163,김용의,LG,0.273,22,6,2,1,0,4,1,1,5,0,중심(3~5번),2019
164,페게로,LG,0.269,93,25,3,0,4,21,7,1,29,2,중심(3~5번),2019
165,조셉,LG,0.267,187,50,3,0,8,32,14,4,41,2,중심(3~5번),2019
166,유강남,LG,0.266,94,25,3,0,5,15,7,4,17,5,중심(3~5번),2019
167,박용택,LG,0.239,67,16,2,0,0,7,5,0,16,0,중심(3~5번),2019
168,전민수,LG,0.200,20,4,0,0,0,1,3,0,2,0,중심(3~5번),2019
169,홍창기,LG,0.111,9,1,0,0,0,0,1,1,5,1,중심(3~5번),2019
170,류형우,LG,0.000,1,0,0,0,0,0,0,0,0,0,중심(3~5번),2019
171,박지규,LG,-,0,0,0,0,0,1,0,1,0,0,중심(3~5번),2019
172,서상우,LG,0.000,6,0,0,0,0,0,0,0,4,0,중심(3~5번),2019
173,윤진호,LG,0.000,3,0,0,0,0,0,0,0,0,0,중심(3~5번),2019
174,이성우,LG,0.000,1,0,0,0,0,0,0,1,0,0,중심(3~5번),2019
175,이천웅,LG,0.000,1,0,0,0,0,0,0,0,1,0,중심(3~5번),2019
176,정상호,LG,0.000,1,0,0,0,0,0,0,0,1,0,중심(3~5번),2019
177,이천웅,LG,0.417,12,5,1,0,0,2,0,0,2,1,하위(6~9번),2019
178,조셉,LG,0.4,10,4,0,0,1,4,0,0,5,1,하위(6~9번),2019
179,채은성,LG,0.389,18,7,1,0,0,1,2,0,2,0,하위(6~9번),2019
180,신민재,LG,0.375,24,9,1,0,0,2,2,0,4,0,하위(6~9번),2019
181,서상우,LG,0.357,14,5,1,0,0,1,3,0,3,1,하위(6~9번),2019
182,박용택,LG,0.309,123,38,6,0,1,14,13,0,14,3,하위(6~9번),2019
183,페게로,LG,0.302,106,32,7,0,5,23,5,1,34,0,하위(6~9번),2019
184,이형종,LG,0.284,116,33,5,0,4,14,13,0,24,2,하위(6~9번),2019
185,유강남,LG,0.272,324,88,19,0,11,34,23,9,65,16,하위(6~9번),2019
186,김민성,LG,0.26,361,94,16,0,8,50,30,4,75,12,하위(6~9번),2019
187,전민수,LG,0.258,66,17,6,0,0,5,6,0,12,4,하위(6~9번),2019
188,홍창기,LG,0.25,4,1,1,0,0,0,0,0,1,0,하위(6~9번),2019
189,오지환,LG,0.239,197,47,10,3,2,17,25,1,50,2,하위(6~9번),2019
190,김용의,LG,0.222,144,32,3,2,0,12,20,1,29,1,하위(6~9번),2019
191,류형우,LG,0.222,9,2,0,0,0,1,1,0,3,0,하위(6~9번),2019
192,정주현,LG,0.216,222,48,12,2,0,11,19,0,55,7,하위(6~9번),2019
193,김재성,LG,0.2,5,1,0,0,0,1,2,0,2,0,하위(6~9번),2019
194,구본혁,LG,0.183,82,15,1,0,1,6,6,2,17,0,하위(6~9번),2019
195,백승현,LG,0.167,30,5,1,0,0,0,0,0,10,1,하위(6~9번),2019
196,이성우,LG,0.159,63,10,3,0,0,6,4,2,11,2,하위(6~9번),2019
197,양종민,LG,0.136,44,6,2,0,0,5,2,0,15,3,하위(6~9번),2019
198,박지규,LG,0.125,8,1,0,0,0,0,2,0,4,0,하위(6~9번),2019
199,김재율,LG,0.111,9,1,0,0,0,0,0,0,0,0,하위(6~9번),2019
200,윤진호,LG,0.106,47,5,2,0,1,5,0,0,10,0,하위(6~9번),2019
201,정상호,LG,0.091,22,2,1,0,0,2,0,0,10,3,하위(6~9번),2019
202,김현수,LG,0.0,1,0,0,0,0,0,0,0,0,0,하위(6~9번),2019
203,전준호,LG,0.0,5,0,0,0,0,0,0,0,1,0,하위(6~9번),2019
204,이원재,NC,0.500,2,1,0,0,0,0,0,0,0,0,1번,2019
205,박민우,NC,0.336,295,99,16,4,1,29,29,3,24,8,1번,2019
206,김준완,NC,0.333,3,1,0,0,0,1,0,0,0,0,1번,2019
207,노진혁,NC,0.300,10,3,2,0,0,2,0,0,2,0,1번,2019
208,이상호,NC,0.281,135,38,4,0,0,4,2,1,10,3,1번,2019
209,이명기,NC,0.257,226,58,7,1,0,10,20,2,31,8,1번,2019
210,권희동,NC,0.250,4,1,0,0,0,1,0,0,1,0,1번,2019
211,손시헌,NC,0.250,4,1,0,0,0,0,0,0,2,0,1번,2019
212,최승민,NC,0.250,4,1,0,0,0,0,0,0,1,0,1번,2019
213,김태진,NC,0.247,85,21,2,1,0,9,2,0,16,0,1번,2019
214,지석훈,NC,0.167,6,1,1,0,0,0,1,0,0,0,1번,2019
215,강진성,NC,0.000,1,0,0,0,0,0,0,0,1,0,1번,2019
216,김성욱,NC,0.000,1,0,0,0,0,0,0,0,1,0,1번,2019
217,김찬형,NC,-,0,0,0,0,0,1,0,0,0,0,1번,2019
218,김철호,NC,0.000,1,0,0,0,0,0,0,0,0,0,1번,2019
219,김형준,NC,0.000,1,0,0,0,0,0,0,0,0,0,1번,2019
220,유영준,NC,0.000,1,0,0,0,0,0,0,0,0,0,1번,2019
221,정범모,NC,0.000,1,0,0,0,0,0,0,0,0,0,1번,2019
222,이인혁,NC,1.0,1,1,0,0,0,0,0,0,0,0,2번,2019
223,박석민,NC,0.5,2,1,0,0,0,0,0,0,0,0,2번,2019
224,이원재,NC,0.5,2,1,0,0,0,2,0,0,1,0,2번,2019
225,손시헌,NC,0.429,7,3,1,0,1,5,0,0,0,0,2번,2019
226,나성범,NC,0.391,23,9,3,0,3,8,6,0,4,0,2번,2019
227,박민우,NC,0.372,43,16,4,1,0,2,4,0,5,1,2번,2019
228,지석훈,NC,0.35,20,7,2,0,0,0,0,0,4,1,2번,2019
229,강진성,NC,0.333,6,2,0,0,0,0,0,1,3,0,2번,2019
230,이명기,NC,0.323,158,51,6,1,1,11,16,1,18,4,2번,2019
231,모창민,NC,0.313,16,5,2,0,0,0,0,0,4,0,2번,2019
232,이상호,NC,0.294,34,10,2,0,0,2,3,0,3,2,2번,2019
233,김태진,NC,0.29,162,47,4,2,1,18,7,0,22,0,2번,2019
234,김성욱,NC,0.25,12,3,0,0,0,0,0,0,5,0,2번,2019
235,베탄코트,NC,0.25,4,1,0,0,0,0,1,0,1,0,2번,2019
236,권희동,NC,0.245,49,12,3,0,3,8,4,1,4,0,2번,2019
237,노진혁,NC,0.164,73,12,4,0,2,6,5,1,16,0,2번,2019
238,김준완,NC,0.143,7,1,0,0,0,0,2,0,2,0,2번,2019
239,김진형,NC,0.0,1,0,0,0,0,0,0,0,0,0,2번,2019
240,김찬형,NC,0.0,4,0,0,0,0,0,0,0,2,0,2번,2019
241,김철호,NC,0.0,1,0,0,0,0,0,0,0,0,0,2번,2019
242,김형준,NC,0.0,1,0,0,0,0,0,0,0,1,0,2번,2019
243,최승민,NC,0.0,2,0,0,0,0,0,0,0,1,0,2번,2019
244,김성욱,NC,1.000,1,1,0,0,0,0,0,0,0,0,3번,2019
245,손시헌,NC,1.000,1,1,1,0,0,0,0,0,0,0,3번,2019
246,김태진,NC,0.714,7,5,1,0,0,0,0,0,0,0,3번,2019
247,이명기,NC,0.364,11,4,1,0,0,1,1,0,3,0,3번,2019
248,박민우,NC,0.360,125,45,2,3,0,14,8,6,11,1,3번,2019
249,나성범,NC,0.343,67,23,8,1,1,5,5,1,22,2,3번,2019
250,지석훈,NC,0.333,6,2,0,0,1,2,0,0,2,0,3번,2019
251,박석민,NC,0.307,150,46,7,1,8,34,15,5,24,6,3번,2019
252,모창민,NC,0.294,17,5,2,0,0,0,2,0,2,0,3번,2019
253,노진혁,NC,0.283,46,13,3,0,2,11,2,1,13,3,3번,2019
254,권희동,NC,0.273,33,9,1,0,1,4,6,3,6,1,3번,2019
255,김찬형,NC,0.250,4,1,1,0,0,0,0,0,0,0,3번,2019
256,이원재,NC,0.231,13,3,0,0,0,0,2,0,2,1,3번,2019
257,스몰린스키,NC,0.230,87,20,8,1,3,20,10,3,11,3,3번,2019
258,강진성,NC,0.000,1,0,0,0,0,0,0,1,0,0,3번,2019
259,양의지,NC,-,0,0,0,0,0,0,1,0,0,0,3번,2019
260,오영수,NC,0.000,2,0,0,0,0,0,0,0,0,0,3번,2019
261,이상호,NC,0.000,2,0,0,0,0,0,0,0,0,0,3번,2019
262,이상호,NC,1.0,1,1,0,0,0,0,0,0,0,0,4번,2019
263,이원재,NC,1.0,1,1,0,0,0,0,1,0,0,0,4번,2019
264,최승민,NC,1.0,1,1,1,0,0,1,0,0,0,0,4번,2019
265,나성범,NC,0.667,3,2,1,0,0,1,1,0,0,0,4번,2019
266,노진혁,NC,0.5,2,1,1,0,0,0,0,0,0,0,4번,2019
267,모창민,NC,0.462,13,6,1,0,1,2,2,0,3,1,4번,2019
268,김형준,NC,0.364,11,4,0,0,0,0,0,0,1,1,4번,2019
269,양의지,NC,0.356,365,130,24,0,17,60,44,15,37,12,4번,2019
270,박석민,NC,0.27,63,17,4,0,5,17,13,3,12,5,4번,2019
271,스몰린스키,NC,0.25,24,6,2,0,1,2,2,2,4,1,4번,2019
272,권희동,NC,0.2,5,1,0,0,0,0,0,0,1,0,4번,2019
273,베탄코트,NC,0.175,40,7,0,0,2,7,4,0,9,0,4번,2019
274,정범모,NC,0.111,9,1,0,0,0,0,2,0,4,0,4번,2019
275,강진성,NC,0.0,2,0,0,0,0,0,0,0,0,0,4번,2019
276,김태군,NC,0.0,1,0,0,0,0,0,1,0,0,0,4번,2019
277,김태진,NC,0.0,1,0,0,0,0,0,0,0,1,0,4번,2019
278,손시헌,NC,0.0,2,0,0,0,0,0,0,0,0,0,4번,2019
279,지석훈,NC,0.0,1,0,0,0,0,0,0,0,1,0,4번,2019
280,강진성,NC,0.5,2,1,0,0,0,0,0,0,1,0,5번,2019
281,지석훈,NC,0.4,5,2,1,0,0,3,2,0,0,0,5번,2019
282,모창민,NC,0.323,167,54,11,2,4,39,16,2,28,3,5번,2019
283,양의지,NC,0.316,19,6,1,0,3,4,3,0,4,1,5번,2019
284,베탄코트,NC,0.294,85,25,5,0,4,16,9,1,13,0,5번,2019
285,이명기,NC,0.267,15,4,0,0,1,1,2,0,5,0,5번,2019
286,김진형,NC,0.25,4,1,0,0,0,1,0,0,0,0,5번,2019
287,이원재,NC,0.231,78,18,2,0,1,10,6,1,11,2,5번,2019
288,권희동,NC,0.226,31,7,3,0,0,4,5,0,7,1,5번,2019
289,박석민,NC,0.219,96,21,4,0,5,18,29,3,19,5,5번,2019
290,이상호,NC,0.167,6,1,0,0,0,0,0,0,1,0,5번,2019
291,스몰린스키,NC,0.156,32,5,0,0,2,9,2,0,9,0,5번,2019
292,김성욱,NC,0.0,2,0,0,0,0,0,0,0,0,0,5번,2019
293,노진혁,NC,0.0,3,0,0,0,0,0,1,0,0,0,5번,2019
294,박민우,NC,0.0,1,0,0,0,0,0,0,0,0,0,5번,2019
295,이인혁,NC,0.0,1,0,0,0,0,0,0,0,1,0,5번,2019
296,최승민,NC,1.0,1,1,0,0,0,0,0,0,0,0,6번,2019
297,김성욱,NC,0.533,15,8,1,0,1,1,3,0,4,0,6번,2019
298,이상호,NC,0.5,2,1,0,0,0,0,0,0,0,0,6번,2019
299,이명기,NC,0.429,28,12,2,0,0,5,3,0,5,0,6번,2019
300,모창민,NC,0.29,107,31,4,0,4,10,8,0,18,4,6번,2019
301,손시헌,NC,0.273,11,3,0,0,0,1,1,0,1,1,6번,2019
302,김찬형,NC,0.25,4,1,0,0,0,1,0,0,2,0,6번,2019
303,이원재,NC,0.235,81,19,2,0,3,12,7,0,16,1,6번,2019
304,권희동,NC,0.23,113,26,5,0,0,15,14,2,20,4,6번,2019
305,노진혁,NC,0.214,56,12,1,0,3,10,8,0,15,0,6번,2019
306,지석훈,NC,0.214,14,3,1,0,0,0,1,1,2,2,6번,2019
307,스몰린스키,NC,0.185,27,5,0,0,2,5,1,0,6,1,6번,2019
308,강진성,NC,0.179,28,5,1,0,1,4,0,1,5,4,6번,2019
309,박석민,NC,0.147,34,5,1,0,1,2,7,0,9,1,6번,2019
310,베탄코트,NC,0.136,22,3,1,0,0,1,1,0,8,1,6번,2019
311,김진형,NC,0.0,3,0,0,0,0,0,0,0,0,0,6번,2019
312,양의지,NC,0.0,1,0,0,0,0,0,0,0,0,0,6번,2019
313,오영수,NC,0.0,2,0,0,0,0,0,0,0,2,0,6번,2019
314,유영준,NC,0.0,1,0,0,0,0,0,0,0,0,0,6번,2019
315,박석민,NC,0.444,9,4,0,0,0,1,1,1,2,0,7번,2019
316,김태진,NC,0.324,34,11,3,1,0,4,3,1,6,2,7번,2019
317,이원재,NC,0.318,44,14,3,0,3,9,2,0,7,1,7번,2019
318,노진혁,NC,0.315,111,35,9,2,5,10,10,0,20,2,7번,2019
319,스몰린스키,NC,0.300,30,9,4,0,0,5,1,0,1,2,7번,2019
320,이명기,NC,0.300,40,12,1,1,0,7,4,0,4,0,7번,2019
321,강진성,NC,0.286,28,8,3,1,0,5,1,1,8,1,7번,2019
322,손시헌,NC,0.275,40,11,0,0,0,2,1,2,5,0,7번,2019
323,권희동,NC,0.250,80,20,3,0,2,9,8,0,16,3,7번,2019
324,지석훈,NC,0.211,19,4,0,0,0,3,2,3,7,0,7번,2019
325,베탄코트,NC,0.207,29,6,0,0,1,2,3,0,14,0,7번,2019
326,김찬형,NC,0.190,21,4,0,0,0,1,1,1,3,0,7번,2019
327,김성욱,NC,0.146,48,7,3,0,1,6,3,0,13,2,7번,2019
328,모창민,NC,0.118,17,2,1,0,1,4,2,1,7,0,7번,2019
329,김진형,NC,0.000,1,0,0,0,0,0,0,0,1,0,7번,2019
330,김형준,NC,0.000,5,0,0,0,0,0,0,0,3,0,7번,2019
331,박헌욱,NC,0.000,2,0,0,0,0,0,0,0,2,0,7번,2019
332,양의지,NC,0.000,1,0,0,0,0,0,0,0,1,0,7번,2019
333,이상호,NC,0.000,5,0,0,0,0,0,0,0,0,1,7번,2019
334,정범모,NC,0.000,1,0,0,0,0,0,0,0,0,0,7번,2019
335,최승민,NC,-,0,0,0,0,0,0,1,0,0,0,7번,2019
336,양의지,NC,1.0,2,2,1,0,0,4,0,0,0,0,8번,2019
337,최승민,NC,1.0,1,1,0,0,0,0,0,0,0,0,8번,2019
338,권희동,NC,0.4,25,10,2,0,0,0,6,1,4,1,8번,2019
339,스몰린스키,NC,0.4,5,2,0,0,1,1,0,0,0,0,8번,2019
340,베탄코트,NC,0.348,23,8,2,0,1,3,0,0,6,0,8번,2019
341,모창민,NC,0.333,3,1,0,0,0,0,0,0,0,0,8번,2019
342,박석민,NC,0.333,3,1,0,0,0,0,0,0,1,0,8번,2019
343,노진혁,NC,0.324,37,12,2,0,1,2,2,0,11,2,8번,2019
344,이원재,NC,0.31,29,9,4,0,1,3,1,0,8,0,8번,2019
345,김찬형,NC,0.295,61,18,3,1,1,6,2,3,5,1,8번,2019
346,강진성,NC,0.273,22,6,0,0,1,4,0,0,1,1,8번,2019
347,김태군,NC,0.25,4,1,0,0,0,0,0,1,2,0,8번,2019
348,박민우,NC,0.25,4,1,1,0,0,0,0,0,0,0,8번,2019
349,오영수,NC,0.25,4,1,0,0,0,0,0,0,2,0,8번,2019
350,윤수강,NC,0.25,4,1,0,0,0,0,0,0,1,1,8번,2019
351,이인혁,NC,0.25,4,1,0,0,1,1,0,0,2,0,8번,2019
352,김성욱,NC,0.232,56,13,2,0,2,8,7,1,11,1,8번,2019
353,지석훈,NC,0.231,52,12,3,0,1,7,2,2,14,2,8번,2019
354,김태진,NC,0.226,31,7,1,0,3,7,1,0,9,1,8번,2019
355,손시헌,NC,0.209,43,9,2,1,1,1,2,2,13,1,8번,2019
356,정범모,NC,0.2,15,3,1,0,0,2,1,0,6,0,8번,2019
357,김형준,NC,0.158,38,6,2,0,1,4,3,0,8,0,8번,2019
358,박헌욱,NC,0.143,7,1,1,0,0,1,0,0,3,1,8번,2019
359,김진형,NC,0.1,10,1,1,0,0,1,0,0,3,1,8번,2019
360,김준완,NC,0.0,1,0,0,0,0,0,0,0,0,0,8번,2019
361,유영준,NC,0.0,2,0,0,0,0,0,0,0,1,0,8번,2019
362,이명기,NC,0.0,1,0,0,0,0,0,1,0,0,0,8번,2019
363,이상호,NC,0.0,1,0,0,0,0,0,0,1,0,0,8번,2019
364,김진형,NC,1.0,1,1,0,0,0,0,0,0,0,0,9번,2019
365,김준완,NC,0.4,5,2,0,0,0,0,0,0,0,0,9번,2019
366,노진혁,NC,0.4,10,4,1,0,0,2,3,0,3,0,9번,2019
367,권희동,NC,0.375,8,3,0,0,0,0,7,0,1,0,9번,2019
368,정범모,NC,0.357,14,5,0,0,2,2,0,0,5,0,9번,2019
369,박석민,NC,0.333,3,1,1,0,0,2,0,0,2,0,9번,2019
370,김찬형,NC,0.319,47,15,0,1,0,3,3,0,9,0,9번,2019
371,손시헌,NC,0.296,27,8,0,0,0,1,1,1,2,0,9번,2019
372,이상호,NC,0.292,48,14,1,0,0,6,4,0,8,4,9번,2019
373,강진성,NC,0.286,7,2,0,0,0,1,2,0,1,0,9번,2019
374,김형준,NC,0.275,51,14,3,0,1,5,5,0,11,0,9번,2019
375,김성욱,NC,0.224,152,34,10,1,5,21,16,2,35,1,9번,2019
376,김태진,NC,0.222,54,12,3,1,1,8,3,0,13,0,9번,2019
377,이명기,NC,0.2,5,1,0,0,0,1,1,1,0,0,9번,2019
378,김태군,NC,0.176,17,3,0,0,0,1,3,1,6,1,9번,2019
379,지석훈,NC,0.115,26,3,1,0,0,0,2,0,7,1,9번,2019
380,모창민,NC,0.0,1,0,0,0,0,0,1,0,0,0,9번,2019
381,양의지,NC,0.0,2,0,0,0,0,0,0,0,1,0,9번,2019
382,이원재,NC,0.0,6,0,0,0,0,0,1,0,2,0,9번,2019
383,이인혁,NC,0.0,2,0,0,0,0,0,1,0,0,0,9번,2019
384,이인혁,NC,1.0,1,1,0,0,0,0,0,0,0,0,상위(1~2번),2019
385,박석민,NC,0.5,2,1,0,0,0,0,0,0,0,0,상위(1~2번),2019
386,이원재,NC,0.5,4,2,0,0,0,2,0,0,1,0,상위(1~2번),2019
387,나성범,NC,0.391,23,9,3,0,3,8,6,0,4,0,상위(1~2번),2019
388,손시헌,NC,0.364,11,4,1,0,1,5,0,0,2,0,상위(1~2번),2019
389,박민우,NC,0.34,338,115,20,5,1,31,33,3,29,9,상위(1~2번),2019
390,모창민,NC,0.313,16,5,2,0,0,0,0,0,4,0,상위(1~2번),2019
391,지석훈,NC,0.308,26,8,3,0,0,0,1,0,4,1,상위(1~2번),2019
392,강진성,NC,0.286,7,2,0,0,0,0,0,1,4,0,상위(1~2번),2019
393,이상호,NC,0.284,169,48,6,0,0,6,5,1,13,5,상위(1~2번),2019
394,이명기,NC,0.284,384,109,13,2,1,21,36,3,49,12,상위(1~2번),2019
395,김태진,NC,0.275,247,68,6,3,1,27,9,0,38,0,상위(1~2번),2019
396,베탄코트,NC,0.25,4,1,0,0,0,0,1,0,1,0,상위(1~2번),2019
397,권희동,NC,0.245,53,13,3,0,3,9,4,1,5,0,상위(1~2번),2019
398,김성욱,NC,0.231,13,3,0,0,0,0,0,0,6,0,상위(1~2번),2019
399,김준완,NC,0.2,10,2,0,0,0,1,2,0,2,0,상위(1~2번),2019
400,노진혁,NC,0.181,83,15,6,0,2,8,5,1,18,0,상위(1~2번),2019
401,최승민,NC,0.167,6,1,0,0,0,0,0,0,2,0,상위(1~2번),2019
402,김진형,NC,0.0,1,0,0,0,0,0,0,0,0,0,상위(1~2번),2019
403,김찬형,NC,0.0,4,0,0,0,0,1,0,0,2,0,상위(1~2번),2019
404,김철호,NC,0.0,2,0,0,0,0,0,0,0,0,0,상위(1~2번),2019
405,김형준,NC,0.0,2,0,0,0,0,0,0,0,1,0,상위(1~2번),2019
406,유영준,NC,0.0,1,0,0,0,0,0,0,0,0,0,상위(1~2번),2019
407,정범모,NC,0.0,1,0,0,0,0,0,0,0,0,0,상위(1~2번),2019
408,최승민,NC,1.0,1,1,1,0,0,1,0,0,0,0,중심(3~5번),2019
409,김태진,NC,0.625,8,5,1,0,0,0,0,0,1,0,중심(3~5번),2019
410,김형준,NC,0.364,11,4,0,0,0,0,0,0,1,1,중심(3~5번),2019
411,나성범,NC,0.357,70,25,9,1,1,6,6,1,22,2,중심(3~5번),2019
412,박민우,NC,0.357,126,45,2,3,0,14,8,6,11,1,중심(3~5번),2019
413,양의지,NC,0.354,384,136,25,0,20,64,48,15,41,13,중심(3~5번),2019
414,김성욱,NC,0.333,3,1,0,0,0,0,0,0,0,0,중심(3~5번),2019
415,손시헌,NC,0.333,3,1,1,0,0,0,0,0,0,0,중심(3~5번),2019
416,지석훈,NC,0.333,12,4,1,0,1,5,2,0,3,0,중심(3~5번),2019
417,모창민,NC,0.33,197,65,14,2,5,41,20,2,33,4,중심(3~5번),2019
418,이명기,NC,0.308,26,8,1,0,1,2,3,0,8,0,중심(3~5번),2019
419,노진혁,NC,0.275,51,14,4,0,2,11,3,1,13,3,중심(3~5번),2019
420,박석민,NC,0.272,309,84,15,1,18,69,57,11,55,16,중심(3~5번),2019
421,베탄코트,NC,0.256,125,32,5,0,6,23,13,1,22,0,중심(3~5번),2019
422,김진형,NC,0.25,4,1,0,0,0,1,0,0,0,0,중심(3~5번),2019
423,김찬형,NC,0.25,4,1,1,0,0,0,0,0,0,0,중심(3~5번),2019
424,권희동,NC,0.246,69,17,4,0,1,8,11,3,14,2,중심(3~5번),2019
425,이원재,NC,0.239,92,22,2,0,1,10,9,1,13,3,중심(3~5번),2019
426,이상호,NC,0.222,9,2,0,0,0,0,0,0,1,0,중심(3~5번),2019
427,스몰린스키,NC,0.217,143,31,10,1,6,31,14,5,24,4,중심(3~5번),2019
428,강진성,NC,0.2,5,1,0,0,0,0,0,1,1,0,중심(3~5번),2019
429,정범모,NC,0.111,9,1,0,0,0,0,2,0,4,0,중심(3~5번),2019
430,김태군,NC,0.0,1,0,0,0,0,0,1,0,0,0,중심(3~5번),2019
431,오영수,NC,0.0,2,0,0,0,0,0,0,0,0,0,중심(3~5번),2019
432,이인혁,NC,0.0,1,0,0,0,0,0,0,0,1,0,중심(3~5번),2019
433,최승민,NC,1.0,2,2,0,0,0,0,1,0,0,0,하위(6~9번),2019
434,이명기,NC,0.338,74,25,3,1,0,13,9,1,9,0,하위(6~9번),2019
435,김준완,NC,0.333,6,2,0,0,0,0,0,0,0,0,하위(6~9번),2019
436,양의지,NC,0.333,6,2,1,0,0,4,0,0,2,0,하위(6~9번),2019
437,노진혁,NC,0.294,214,63,13,2,9,24,23,0,49,4,하위(6~9번),2019
438,김찬형,NC,0.286,133,38,3,2,1,11,6,4,19,1,하위(6~9번),2019
439,이상호,NC,0.268,56,15,1,0,0,6,4,1,8,5,하위(6~9번),2019
440,정범모,NC,0.267,30,8,1,0,2,4,1,0,11,0,하위(6~9번),2019
441,모창민,NC,0.266,128,34,5,0,5,14,11,1,25,4,하위(6~9번),2019
442,이원재,NC,0.263,160,42,9,0,7,24,11,0,33,2,하위(6~9번),2019
443,권희동,NC,0.261,226,59,10,0,2,24,35,3,41,8,하위(6~9번),2019
444,스몰린스키,NC,0.258,62,16,4,0,3,11,2,0,7,3,하위(6~9번),2019
445,손시헌,NC,0.256,121,31,2,1,1,5,5,5,21,2,하위(6~9번),2019
446,김태진,NC,0.252,119,30,7,2,4,19,7,1,28,3,하위(6~9번),2019
447,박민우,NC,0.25,4,1,1,0,0,0,0,0,0,0,하위(6~9번),2019
448,윤수강,NC,0.25,4,1,0,0,0,0,0,0,1,1,하위(6~9번),2019
449,강진성,NC,0.247,85,21,4,1,2,14,3,2,15,6,하위(6~9번),2019
450,베탄코트,NC,0.23,74,17,3,0,2,6,4,0,28,1,하위(6~9번),2019
451,김성욱,NC,0.229,271,62,16,1,9,36,29,3,63,4,하위(6~9번),2019
452,박석민,NC,0.224,49,11,2,0,1,5,8,1,14,1,하위(6~9번),2019
453,김형준,NC,0.213,94,20,5,0,2,9,8,0,22,0,하위(6~9번),2019
454,지석훈,NC,0.198,111,22,5,0,1,10,7,6,30,5,하위(6~9번),2019
455,김태군,NC,0.19,21,4,0,0,0,1,3,2,8,1,하위(6~9번),2019
456,오영수,NC,0.167,6,1,0,0,0,0,0,0,4,0,하위(6~9번),2019
457,이인혁,NC,0.167,6,1,0,0,1,1,1,0,2,0,하위(6~9번),2019
458,김진형,NC,0.133,15,2,1,0,0,1,0,0,4,1,하위(6~9번),2019
459,박헌욱,NC,0.111,9,1,1,0,0,1,0,0,5,1,하위(6~9번),2019
460,유영준,NC,0.0,3,0,0,0,0,0,0,0,1,0,하위(6~9번),2019
461,허도환,SK,0.5,2,1,1,0,0,0,0,0,0,0,1번,2019
462,고종욱,SK,0.385,52,20,2,1,0,2,2,0,5,1,1번,2019
463,나주환,SK,0.333,3,1,0,0,0,0,1,0,2,0,1번,2019
464,이재원,SK,0.333,3,1,0,0,0,1,0,0,0,0,1번,2019
465,김강민,SK,0.251,179,45,4,1,4,16,15,1,44,0,1번,2019
466,노수광,SK,0.242,322,78,13,1,2,25,36,2,51,1,1번,2019
467,배영섭,SK,0.222,18,4,0,0,0,3,1,0,6,0,1번,2019
468,김재현,SK,0.2,25,5,1,1,0,0,3,0,8,0,1번,2019
469,로맥,SK,0.0,1,0,0,0,0,0,0,0,0,0,1번,2019
470,정의윤,SK,0.0,1,0,0,0,0,0,0,0,0,0,1번,2019
471,정진기,SK,0.0,1,0,0,0,0,0,1,0,1,0,1번,2019
472,한유섬,SK,0.0,1,0,0,0,0,0,0,0,1,0,1번,2019
473,김재현,SK,1.0,1,1,0,0,0,0,1,0,0,0,2번,2019
474,노수광,SK,0.333,15,5,0,0,0,0,2,0,4,0,2번,2019
475,고종욱,SK,0.303,188,57,10,4,3,21,7,1,40,3,2번,2019
476,한유섬,SK,0.285,354,101,17,0,11,43,39,16,78,5,2번,2019
477,강승호,SK,0.278,18,5,0,0,1,3,0,0,4,0,2번,2019
478,로맥,SK,0.143,7,1,0,0,0,0,2,0,1,0,2번,2019
479,김강민,SK,0.0,2,0,0,0,0,0,0,0,0,0,2번,2019
480,김성현,SK,0.0,1,0,0,0,0,0,0,0,0,0,2번,2019
481,나주환,SK,0.0,1,0,0,0,0,0,0,0,0,0,2번,2019
482,박정권,SK,0.0,1,0,0,0,0,0,1,0,0,0,2번,2019
483,배영섭,SK,0.0,2,0,0,0,0,0,0,0,0,0,2번,2019
484,오준혁,SK,0.0,1,0,0,0,0,0,0,0,1,0,2번,2019
485,채현우,SK,0.0,1,0,0,0,0,0,0,0,1,0,2번,2019
486,최승준,SK,0.0,2,0,0,0,0,0,0,0,2,0,2번,2019
487,최정,SK,0.0,1,0,0,0,0,0,0,0,0,0,2번,2019
488,최준우,SK,1.0,1,1,0,0,0,0,1,0,0,0,3번,2019
489,김강민,SK,0.391,23,9,2,1,0,6,0,3,3,0,3번,2019
490,정의윤,SK,0.333,36,12,4,0,1,7,6,0,7,0,3번,2019
491,최승준,SK,0.333,6,2,0,0,0,0,0,0,1,0,3번,2019
492,최정,SK,0.292,463,135,26,0,26,90,57,22,82,4,3번,2019
493,한유섬,SK,0.111,9,1,0,0,0,1,0,0,4,0,3번,2019
494,고종욱,SK,0.0,5,0,0,0,0,0,0,0,0,0,3번,2019
495,김재현,SK,0.0,1,0,0,0,0,0,0,0,0,0,3번,2019
496,나주환,SK,0.0,1,0,0,0,0,0,0,0,0,0,3번,2019
497,박정권,SK,0.0,3,0,0,0,0,1,1,0,3,0,3번,2019
498,최경모,SK,0.0,1,0,0,0,0,0,0,0,0,0,3번,2019
499,최항,SK,0.0,2,0,0,0,0,0,0,0,0,0,3번,2019
500,나주환,SK,0.5,2,1,0,0,0,0,0,0,0,0,4번,2019
501,이재원,SK,0.333,24,8,2,0,1,7,0,0,4,2,4번,2019
502,최항,SK,0.333,3,1,0,0,0,0,0,0,1,0,4번,2019
503,정의윤,SK,0.286,112,32,6,0,5,17,9,2,14,2,4번,2019
504,로맥,SK,0.254,346,88,23,1,17,70,48,4,81,9,4번,2019
505,고종욱,SK,0.25,4,1,0,0,0,1,0,0,1,0,4번,2019
506,정진기,SK,0.2,5,1,0,0,0,2,0,0,1,0,4번,2019
507,한유섬,SK,0.156,45,7,2,0,1,5,13,1,10,1,4번,2019
508,김재현,SK,0.0,2,0,0,0,0,0,0,0,1,0,4번,2019
509,노수광,SK,0.0,2,0,0,0,0,1,1,0,0,0,4번,2019
510,박정권,SK,0.0,2,0,0,0,0,0,0,0,1,0,4번,2019
511,김성현,SK,1.0,1,1,0,0,1,1,1,0,0,0,5번,2019
512,임재현,SK,1.0,1,1,0,0,0,0,0,0,0,0,5번,2019
513,정진기,SK,1.0,2,2,0,0,0,0,0,0,0,0,5번,2019
514,김재현,SK,0.75,4,3,0,0,0,1,0,0,1,0,5번,2019
515,한유섬,SK,0.5,2,1,0,0,0,0,1,0,1,0,5번,2019
516,로맥,SK,0.394,66,26,1,0,7,14,12,1,17,0,5번,2019
517,고종욱,SK,0.353,153,54,7,2,0,19,5,0,25,1,5번,2019
518,김강민,SK,0.333,15,5,0,0,0,2,1,0,2,0,5번,2019
519,박정권,SK,0.333,6,2,0,0,0,1,3,0,3,0,5번,2019
520,정의윤,SK,0.292,120,35,7,0,5,17,5,1,20,5,5번,2019
521,남태혁,SK,0.286,7,2,0,0,0,0,0,0,2,0,5번,2019
522,정현,SK,0.25,4,1,0,0,0,1,0,0,1,0,5번,2019
523,최승준,SK,0.2,5,1,0,0,0,0,1,0,2,1,5번,2019
524,이재원,SK,0.188,170,32,5,0,4,18,14,4,24,7,5번,2019
525,허도환,SK,0.167,6,1,0,0,0,1,0,0,0,0,5번,2019
526,나주환,SK,0.0,5,0,0,0,0,0,1,0,1,1,5번,2019
527,고종욱,SK,0.354,48,17,4,0,0,9,1,0,9,0,6번,2019
528,최정,SK,0.333,36,12,1,0,3,9,11,4,9,0,6번,2019
529,이재원,SK,0.294,126,37,9,0,0,13,5,3,22,5,6번,2019
530,최승준,SK,0.286,7,2,0,0,0,0,1,0,3,0,6번,2019
531,로맥,SK,0.273,77,21,4,0,4,10,11,1,16,2,6번,2019
532,김강민,SK,0.252,115,29,5,0,2,10,9,0,29,0,6번,2019
533,김성민,SK,0.25,4,1,0,0,0,0,0,0,3,0,6번,2019
534,한유섬,SK,0.25,4,1,0,0,0,0,0,0,0,0,6번,2019
535,남태혁,SK,0.2,5,1,0,0,0,1,0,0,0,0,6번,2019
536,배영섭,SK,0.2,5,1,0,0,0,0,0,0,0,0,6번,2019
537,나주환,SK,0.192,26,5,3,0,1,3,2,1,6,0,6번,2019
538,박정권,SK,0.167,12,2,0,0,0,1,0,0,2,0,6번,2019
539,정의윤,SK,0.148,54,8,1,0,1,8,4,0,8,2,6번,2019
540,김성현,SK,0.0,7,0,0,0,0,0,1,0,0,0,6번,2019
541,김재현,SK,0.0,2,0,0,0,0,0,0,0,0,0,6번,2019
542,정현,SK,0.0,5,0,0,0,0,0,0,0,2,1,6번,2019
543,허도환,SK,0.0,6,0,0,0,0,0,3,1,3,0,6번,2019
544,로맥,SK,0.429,7,3,0,0,1,1,0,0,2,0,7번,2019
545,정의윤,SK,0.36,50,18,5,0,1,10,5,3,10,0,7번,2019
546,이재원,SK,0.33,109,36,2,0,6,30,14,0,7,2,7번,2019
547,김강민,SK,0.308,78,24,2,0,2,12,6,0,24,2,7번,2019
548,김성현,SK,0.295,44,13,1,0,0,6,4,0,4,0,7번,2019
549,한유섬,SK,0.25,4,1,0,0,0,1,1,0,1,0,7번,2019
550,고종욱,SK,0.243,37,9,2,0,0,4,3,0,7,0,7번,2019
551,나주환,SK,0.239,88,21,5,0,0,13,6,2,24,3,7번,2019
552,남태혁,SK,0.2,5,1,0,0,0,0,0,0,0,2,7번,2019
553,허도환,SK,0.2,10,2,1,0,0,1,0,0,1,1,7번,2019
554,배영섭,SK,0.133,15,2,1,0,0,2,2,0,5,0,7번,2019
555,안상현,SK,0.125,8,1,0,0,0,0,0,0,1,0,7번,2019
556,최항,SK,0.1,30,3,0,0,0,4,2,0,8,1,7번,2019
557,강승호,SK,0.091,11,1,0,0,1,2,2,0,6,0,7번,2019
558,김창평,SK,0.0,8,0,0,0,0,0,1,0,4,0,7번,2019
559,이현석,SK,0.0,3,0,0,0,0,0,0,0,0,0,7번,2019
560,정현,SK,0.0,2,0,0,0,0,0,1,0,1,0,7번,2019
561,최경모,SK,0.0,1,0,0,0,0,1,0,0,0,0,7번,2019
562,최민재,SK,0.0,2,0,0,0,0,0,0,0,0,0,7번,2019
563,최정,SK,0.0,2,0,0,0,0,0,1,0,1,0,7번,2019
564,고종욱,SK,0.5,2,1,0,0,0,0,0,0,0,0,8번,2019
565,박정권,SK,0.5,2,1,1,0,0,1,0,0,1,0,8번,2019
566,임재현,SK,0.5,2,1,0,0,0,0,0,0,1,0,8번,2019
567,이재원,SK,0.4,10,4,0,0,1,4,0,1,1,0,8번,2019
568,최항,SK,0.28,82,23,5,0,0,10,13,2,14,1,8번,2019
569,김강민,SK,0.25,4,1,0,0,0,1,0,0,1,0,8번,2019
570,배영섭,SK,0.25,12,3,0,0,0,0,1,1,2,0,8번,2019
571,김성현,SK,0.244,131,32,5,1,0,6,10,0,13,6,8번,2019
572,김창평,SK,0.229,35,8,2,0,0,3,2,1,5,1,8번,2019
573,나주환,SK,0.202,84,17,0,0,0,2,2,0,20,2,8번,2019
574,노수광,SK,0.2,5,1,0,0,0,0,1,0,2,0,8번,2019
575,안상현,SK,0.172,29,5,0,0,0,1,1,0,8,1,8번,2019
576,한유섬,SK,0.143,7,1,1,0,0,2,1,3,5,0,8번,2019
577,허도환,SK,0.136,22,3,1,0,1,1,2,1,6,0,8번,2019
578,최준우,SK,0.095,21,2,2,0,0,0,2,0,3,1,8번,2019
579,정현,SK,0.053,19,1,0,0,0,1,3,0,9,0,8번,2019
580,강승호,SK,0.0,6,0,0,0,0,0,0,0,4,1,8번,2019
581,남태혁,SK,0.0,3,0,0,0,0,0,0,0,1,1,8번,2019
582,정의윤,SK,0.0,2,0,0,0,0,0,1,0,1,0,8번,2019
583,정진기,SK,0.0,8,0,0,0,0,0,0,0,0,0,8번,2019
584,최경모,SK,0.0,9,0,0,0,0,0,0,0,1,0,8번,2019
585,최승준,SK,0.0,2,0,0,0,0,0,0,0,2,0,8번,2019
586,최정,SK,0.0,1,0,0,0,0,0,0,0,0,0,8번,2019
587,남태혁,SK,0.5,2,1,0,0,0,0,2,0,0,0,9번,2019
588,김재현,SK,0.429,7,3,1,0,0,1,0,0,1,0,9번,2019
589,정의윤,SK,0.4,5,2,1,0,0,0,0,0,0,0,9번,2019
590,최준우,SK,0.364,11,4,0,0,0,0,0,0,0,1,9번,2019
591,나주환,SK,0.333,15,5,1,0,2,2,0,0,1,0,9번,2019
592,이재원,SK,0.333,9,3,1,0,0,2,1,1,1,0,9번,2019
593,배영섭,SK,0.316,19,6,0,0,0,2,2,1,2,0,9번,2019
594,노수광,SK,0.295,44,13,3,0,0,2,6,0,11,0,9번,2019
595,안상현,SK,0.277,65,18,3,0,0,4,3,0,19,2,9번,2019
596,김성현,SK,0.244,242,59,10,1,0,21,17,2,26,9,9번,2019
597,최경모,SK,0.2,5,1,1,0,0,0,0,0,1,0,9번,2019
598,최항,SK,0.2,10,2,0,0,0,0,1,0,1,1,9번,2019
599,김강민,SK,0.167,6,1,1,0,0,3,0,0,0,0,9번,2019
600,박정권,SK,0.167,6,1,0,0,1,1,0,0,1,0,9번,2019
601,정현,SK,0.125,8,1,0,0,0,0,2,0,4,0,9번,2019
602,허도환,SK,0.091,33,3,0,0,0,3,0,1,8,2,9번,2019
603,강승호,SK,0.0,4,0,0,0,0,0,0,0,4,0,9번,2019
604,고종욱,SK,0.0,3,0,0,0,0,0,0,0,2,0,9번,2019
605,김창평,SK,0.0,2,0,0,0,0,0,1,0,2,0,9번,2019
606,한유섬,SK,0.0,1,0,0,0,0,0,0,0,0,0,9번,2019
607,허도환,SK,0.5,2,1,1,0,0,0,0,0,0,0,상위(1~2번),2019
608,이재원,SK,0.333,3,1,0,0,0,1,0,0,0,0,상위(1~2번),2019
609,고종욱,SK,0.321,240,77,12,5,3,23,9,1,45,4,상위(1~2번),2019
610,한유섬,SK,0.285,355,101,17,0,11,43,39,16,79,5,상위(1~2번),2019
611,강승호,SK,0.278,18,5,0,0,1,3,0,0,4,0,상위(1~2번),2019
612,나주환,SK,0.25,4,1,0,0,0,0,1,0,2,0,상위(1~2번),2019
613,김강민,SK,0.249,181,45,4,1,4,16,15,1,44,0,상위(1~2번),2019
614,노수광,SK,0.246,337,83,13,1,2,25,38,2,55,1,상위(1~2번),2019
615,김재현,SK,0.231,26,6,1,1,0,0,4,0,8,0,상위(1~2번),2019
616,배영섭,SK,0.2,20,4,0,0,0,3,1,0,6,0,상위(1~2번),2019
617,로맥,SK,0.125,8,1,0,0,0,0,2,0,1,0,상위(1~2번),2019
618,김성현,SK,0.0,1,0,0,0,0,0,0,0,0,0,상위(1~2번),2019
619,박정권,SK,0.0,1,0,0,0,0,0,1,0,0,0,상위(1~2번),2019
620,오준혁,SK,0.0,1,0,0,0,0,0,0,0,1,0,상위(1~2번),2019
621,정의윤,SK,0.0,1,0,0,0,0,0,0,0,0,0,상위(1~2번),2019
622,정진기,SK,0.0,1,0,0,0,0,0,1,0,1,0,상위(1~2번),2019
623,채현우,SK,0.0,1,0,0,0,0,0,0,0,1,0,상위(1~2번),2019
624,최승준,SK,0.0,2,0,0,0,0,0,0,0,2,0,상위(1~2번),2019
625,최정,SK,0.0,1,0,0,0,0,0,0,0,0,0,상위(1~2번),2019
626,김성현,SK,1.0,1,1,0,0,1,1,1,0,0,0,중심(3~5번),2019
627,임재현,SK,1.0,1,1,0,0,0,0,0,0,0,0,중심(3~5번),2019
628,최준우,SK,1.0,1,1,0,0,0,0,1,0,0,0,중심(3~5번),2019
629,김재현,SK,0.429,7,3,0,0,0,1,0,0,2,0,중심(3~5번),2019
630,정진기,SK,0.429,7,3,0,0,0,2,0,0,1,0,중심(3~5번),2019
631,김강민,SK,0.368,38,14,2,1,0,8,1,3,5,0,중심(3~5번),2019
632,고종욱,SK,0.34,162,55,7,2,0,20,5,0,26,1,중심(3~5번),2019
633,정의윤,SK,0.295,268,79,17,0,11,41,20,3,41,7,중심(3~5번),2019
634,최정,SK,0.292,463,135,26,0,26,90,57,22,82,4,중심(3~5번),2019
635,남태혁,SK,0.286,7,2,0,0,0,0,0,0,2,0,중심(3~5번),2019
636,로맥,SK,0.277,412,114,24,1,24,84,60,5,98,9,중심(3~5번),2019
637,최승준,SK,0.273,11,3,0,0,0,0,1,0,3,1,중심(3~5번),2019
638,정현,SK,0.25,4,1,0,0,0,1,0,0,1,0,중심(3~5번),2019
639,이재원,SK,0.206,194,40,7,0,5,25,14,4,28,9,중심(3~5번),2019
640,최항,SK,0.2,5,1,0,0,0,0,0,0,1,0,중심(3~5번),2019
641,박정권,SK,0.182,11,2,0,0,0,2,4,0,7,0,중심(3~5번),2019
642,허도환,SK,0.167,6,1,0,0,0,1,0,0,0,0,중심(3~5번),2019
643,한유섬,SK,0.161,56,9,2,0,1,6,14,1,15,1,중심(3~5번),2019
644,나주환,SK,0.125,8,1,0,0,0,0,1,0,1,1,중심(3~5번),2019
645,노수광,SK,0.0,2,0,0,0,0,1,1,0,0,0,중심(3~5번),2019
646,최경모,SK,0.0,1,0,0,0,0,0,0,0,0,0,중심(3~5번),2019
647,임재현,SK,0.5,2,1,0,0,0,0,0,0,1,0,하위(6~9번),2019
648,김재현,SK,0.333,9,3,1,0,0,1,0,0,1,0,하위(6~9번),2019
649,이재원,SK,0.315,254,80,12,0,7,49,20,5,31,7,하위(6~9번),2019
650,최정,SK,0.308,39,12,1,0,3,9,12,4,10,0,하위(6~9번),2019
651,고종욱,SK,0.3,90,27,6,0,0,13,4,0,18,0,하위(6~9번),2019
652,노수광,SK,0.286,49,14,3,0,0,2,7,0,13,0,하위(6~9번),2019
653,로맥,SK,0.286,84,24,4,0,5,11,11,1,18,2,하위(6~9번),2019
654,김강민,SK,0.271,203,55,8,0,4,26,15,0,54,2,하위(6~9번),2019
655,정의윤,SK,0.252,111,28,7,0,2,18,10,3,19,2,하위(6~9번),2019
656,김성민,SK,0.25,4,1,0,0,0,0,0,0,3,0,하위(6~9번),2019
657,김성현,SK,0.245,424,104,16,2,0,33,32,2,43,15,하위(6~9번),2019
658,배영섭,SK,0.235,51,12,1,0,0,4,5,2,9,0,하위(6~9번),2019
659,안상현,SK,0.235,102,24,3,0,0,5,4,0,28,3,하위(6~9번),2019
660,최항,SK,0.23,122,28,5,0,0,14,16,2,23,3,하위(6~9번),2019
661,나주환,SK,0.225,213,48,9,0,3,20,10,3,51,5,하위(6~9번),2019
662,최승준,SK,0.222,9,2,0,0,0,0,1,0,5,0,하위(6~9번),2019
663,남태혁,SK,0.2,15,3,0,0,0,1,2,0,1,3,하위(6~9번),2019
664,박정권,SK,0.2,20,4,1,0,1,3,0,0,4,0,하위(6~9번),2019
665,최준우,SK,0.188,32,6,2,0,0,0,2,0,3,2,하위(6~9번),2019
666,한유섬,SK,0.188,16,3,1,0,0,3,2,3,6,0,하위(6~9번),2019
667,김창평,SK,0.178,45,8,2,0,0,3,4,1,11,1,하위(6~9번),2019
668,허도환,SK,0.113,71,8,2,0,1,5,5,3,18,3,하위(6~9번),2019
669,최경모,SK,0.067,15,1,1,0,0,1,0,0,2,0,하위(6~9번),2019
670,정현,SK,0.059,34,2,0,0,0,1,6,0,16,1,하위(6~9번),2019
671,강승호,SK,0.048,21,1,0,0,1,2,2,0,14,1,하위(6~9번),2019
672,이현석,SK,0.0,3,0,0,0,0,0,0,0,0,0,하위(6~9번),2019
673,정진기,SK,0.0,8,0,0,0,0,0,0,0,0,0,하위(6~9번),2019
674,최민재,SK,0.0,2,0,0,0,0,0,0,0,0,0,하위(6~9번),2019
675,오재원,두산,1.000,1,1,1,0,0,1,0,0,0,0,1번,2019
676,김경호,두산,0.667,3,2,1,0,0,2,0,0,0,0,1번,2019
677,정진호,두산,0.500,4,2,0,0,0,0,1,0,1,0,1번,2019
678,정병곤,두산,0.333,3,1,0,0,0,1,1,0,0,0,1번,2019
679,박건우,두산,0.317,145,46,7,2,5,21,16,2,16,5,1번,2019
680,류지혁,두산,0.303,33,10,0,0,0,3,1,2,4,0,1번,2019
681,정수빈,두산,0.263,167,44,8,1,0,15,25,3,30,3,1번,2019
682,허경민,두산,0.255,235,60,10,0,2,26,16,3,19,6,1번,2019
683,국해성,두산,-,0,0,0,0,0,0,1,0,0,0,1번,2019
684,김대한,두산,0.000,1,0,0,0,0,0,1,0,1,0,1번,2019
685,김재환,두산,0.000,1,0,0,0,0,0,0,0,1,0,1번,2019
686,백동훈,두산,0.000,5,0,0,0,0,0,0,0,3,0,1번,2019
687,서예일,두산,0.000,3,0,0,0,0,0,0,0,0,0,1번,2019
688,신성현,두산,0.000,2,0,0,0,0,0,0,0,2,0,1번,2019
689,김인태,두산,1.000,1,1,0,1,0,1,0,0,0,0,2번,2019
690,이유찬,두산,1.000,1,1,0,0,0,1,0,0,0,0,2번,2019
691,정병곤,두산,1.000,1,1,0,0,0,1,0,0,0,0,2번,2019
692,허경민,두산,1.000,1,1,1,0,0,0,0,0,0,0,2번,2019
693,페르난데스,두산,0.345,374,129,23,0,12,57,36,4,34,11,2번,2019
694,정수빈,두산,0.282,149,42,8,3,0,14,16,2,16,1,2번,2019
695,류지혁,두산,0.200,20,4,0,0,0,2,1,0,5,0,2번,2019
696,정진호,두산,0.167,12,2,0,0,0,1,0,0,3,0,2번,2019
697,최주환,두산,0.167,36,6,1,0,1,3,3,0,5,0,2번,2019
698,김재환,두산,0.000,1,0,0,0,0,0,0,0,1,0,2번,2019
699,박세혁,두산,-,0,0,0,0,0,1,0,0,0,0,2번,2019
700,백동훈,두산,0.000,3,0,0,0,0,0,0,0,1,0,2번,2019
701,송승환,두산,0.000,1,0,0,0,0,0,0,0,0,0,2번,2019
702,신성현,두산,0.000,1,0,0,0,0,0,0,0,1,0,2번,2019
703,오재원,두산,0.000,4,0,0,0,0,0,0,0,1,0,2번,2019
704,허경민,두산,1.000,2,2,1,0,0,0,1,0,0,0,3번,2019
705,페르난데스,두산,0.403,67,27,4,0,2,14,9,1,5,0,3번,2019
706,박건우,두산,0.331,254,84,15,3,4,37,27,5,33,13,3번,2019
707,오재일,두산,0.303,132,40,12,1,6,29,16,2,23,0,3번,2019
708,최주환,두산,0.278,97,27,3,0,2,15,12,0,15,5,3번,2019
709,김경호,두산,0.000,1,0,0,0,0,0,0,0,0,0,3번,2019
710,김대한,두산,0.000,2,0,0,0,0,0,1,0,1,0,3번,2019
711,김재호,두산,0.000,1,0,0,0,0,0,0,0,1,0,3번,2019
712,류지혁,두산,0.000,4,0,0,0,0,0,0,0,0,1,3번,2019
713,백동훈,두산,0.000,2,0,0,0,0,0,1,0,1,0,3번,2019
714,오재원,두산,0.000,5,0,0,0,0,0,0,0,1,0,3번,2019
715,이유찬,두산,0.000,1,0,0,0,0,0,0,0,0,0,3번,2019
716,정수빈,두산,0.000,1,0,0,0,0,0,0,0,0,0,3번,2019
717,정진호,두산,0.000,3,0,0,0,0,0,0,0,1,0,3번,2019
718,이유찬,두산,1.000,1,1,0,0,0,0,0,0,0,0,4번,2019
719,오재일,두산,0.356,45,16,3,0,3,11,2,0,8,0,4번,2019
720,최주환,두산,0.333,3,1,0,0,0,0,1,0,1,0,4번,2019
721,김재환,두산,0.275,443,122,16,5,14,84,55,4,103,7,4번,2019
722,페르난데스,두산,0.273,55,15,2,0,1,4,8,0,5,3,4번,2019
723,김인태,두산,0.250,4,1,0,0,0,0,0,0,1,0,4번,2019
724,김경호,두산,0.000,5,0,0,0,0,0,0,0,2,0,4번,2019
725,백동훈,두산,0.000,1,0,0,0,0,0,0,0,1,0,4번,2019
726,신성현,두산,0.000,2,0,0,0,0,0,2,1,1,0,4번,2019
727,이흥련,두산,0.000,1,0,0,0,0,0,0,0,1,0,4번,2019
728,정진호,두산,0.000,4,0,0,0,0,0,0,0,1,0,4번,2019
729,국해성,두산,1.000,1,1,1,0,0,0,0,1,0,0,5번,2019
730,신성현,두산,1.000,1,1,0,0,0,0,0,0,0,0,5번,2019
731,김재호,두산,0.393,28,11,4,0,0,5,5,1,6,2,5번,2019
732,허경민,두산,0.368,19,7,3,0,0,3,2,1,1,0,5번,2019
733,페르난데스,두산,0.338,68,23,4,0,0,9,8,1,8,1,5번,2019
734,오재원,두산,0.333,6,2,1,0,0,1,2,0,2,0,5번,2019
735,최주환,두산,0.333,117,39,8,0,0,26,8,1,11,2,5번,2019
736,김재환,두산,0.300,30,9,0,0,1,4,7,0,4,0,5번,2019
737,오재일,두산,0.277,191,53,9,0,9,49,25,0,53,3,5번,2019
738,박건우,두산,0.250,52,13,5,0,1,5,15,0,8,5,5번,2019
739,박세혁,두산,0.214,14,3,0,0,1,4,1,1,4,0,5번,2019
740,김경호,두산,0.000,1,0,0,0,0,0,0,0,0,0,5번,2019
741,김인태,두산,0.000,2,0,0,0,0,0,0,0,0,0,5번,2019
742,류지혁,두산,0.000,2,0,0,0,0,0,0,0,1,0,5번,2019
743,백동훈,두산,0.000,2,0,0,0,0,0,0,1,0,0,5번,2019
744,이유찬,두산,0.000,1,0,0,0,0,0,0,0,1,0,5번,2019
745,정수빈,두산,0.000,1,0,0,0,0,0,0,0,0,0,5번,2019
746,정진호,두산,0.000,3,0,0,0,0,0,1,0,1,0,5번,2019
747,박건우,두산,0.600,5,3,0,0,0,1,1,0,0,0,6번,2019
748,김재환,두산,0.444,18,8,4,0,0,3,1,1,4,0,6번,2019
749,페르난데스,두산,0.429,7,3,1,0,0,4,0,0,1,1,6번,2019
750,오재일,두산,0.341,41,14,3,0,1,5,2,0,3,1,6번,2019
751,김인태,두산,0.333,3,1,0,0,1,1,1,0,1,1,6번,2019
752,류지혁,두산,0.333,12,4,0,0,0,1,1,1,2,1,6번,2019
753,정병곤,두산,0.333,3,1,0,0,0,0,0,0,0,0,6번,2019
754,정진호,두산,0.333,3,1,0,0,0,0,1,0,0,0,6번,2019
755,박세혁,두산,0.296,162,48,9,2,0,18,9,2,23,0,6번,2019
756,이흥련,두산,0.286,7,2,1,0,0,0,0,0,0,0,6번,2019
757,허경민,두산,0.277,94,26,3,1,2,15,7,6,10,5,6번,2019
758,김재호,두산,0.266,124,33,5,0,0,13,16,2,18,0,6번,2019
759,최주환,두산,0.174,23,4,1,0,1,1,3,0,3,2,6번,2019
760,오재원,두산,0.161,31,5,2,0,0,2,6,0,7,2,6번,2019
761,국해성,두산,0.000,1,0,0,0,0,0,0,0,0,1,6번,2019
762,김경호,두산,0.000,1,0,0,0,0,0,0,0,0,0,6번,2019
763,신성현,두산,0.000,1,0,0,0,0,0,1,0,0,0,6번,2019
764,이유찬,두산,0.000,1,0,0,0,0,0,0,0,0,0,6번,2019
765,장승현,두산,0.000,3,0,0,0,0,0,0,1,0,0,6번,2019
766,김재환,두산,1.000,1,1,0,0,0,0,0,0,0,0,7번,2019
767,류지혁,두산,0.353,34,12,2,2,0,5,4,1,7,0,7번,2019
768,국해성,두산,0.333,3,1,0,0,0,0,1,0,2,0,7번,2019
769,백동훈,두산,0.333,12,4,0,0,0,1,1,0,4,0,7번,2019
770,허경민,두산,0.294,68,20,2,0,0,7,4,3,2,4,7번,2019
771,박세혁,두산,0.275,131,36,5,5,0,25,18,3,18,2,7번,2019
772,오재일,두산,0.250,44,11,2,0,0,5,7,0,11,1,7번,2019
773,이흥련,두산,0.250,12,3,0,1,0,1,1,0,6,0,7번,2019
774,신성현,두산,0.231,13,3,0,0,1,2,4,0,6,0,7번,2019
775,김재호,두산,0.211,123,26,4,0,1,13,19,2,21,5,7번,2019
776,김인태,두산,0.158,19,3,0,0,0,2,4,0,5,1,7번,2019
777,장승현,두산,0.143,7,1,0,0,0,1,0,0,1,0,7번,2019
778,정진호,두산,0.143,7,1,0,0,0,0,1,0,1,0,7번,2019
779,오재원,두산,0.121,33,4,1,1,0,2,5,0,10,0,7번,2019
780,김경호,두산,0.000,1,0,0,0,0,0,0,0,0,0,7번,2019
781,김대한,두산,0.000,1,0,0,0,0,0,0,0,0,0,7번,2019
782,박건우,두산,0.000,1,0,0,0,0,0,0,0,0,0,7번,2019
783,박유연,두산,0.000,1,0,0,0,0,0,0,0,1,0,7번,2019
784,이유찬,두산,0.000,1,0,0,0,0,0,0,0,0,0,7번,2019
785,정수빈,두산,0.389,18,7,0,0,0,3,2,0,4,0,8번,2019
786,이흥련,두산,0.368,19,7,1,0,0,4,1,0,4,1,8번,2019
787,허경민,두산,0.286,35,10,2,0,0,3,1,4,2,1,8번,2019
788,백동훈,두산,0.273,11,3,2,0,0,1,1,0,1,0,8번,2019
789,박세혁,두산,0.271,133,36,5,2,3,15,13,1,23,3,8번,2019
790,정진호,두산,0.267,30,8,0,0,0,1,6,0,7,1,8번,2019
791,김경호,두산,0.250,8,2,0,0,0,0,0,0,3,0,8번,2019
792,오재일,두산,0.214,14,3,0,0,2,3,3,1,1,0,8번,2019
793,김재호,두산,0.207,29,6,1,0,1,2,6,0,1,1,8번,2019
794,류지혁,두산,0.205,83,17,1,0,0,9,8,1,12,1,8번,2019
795,김인태,두산,0.200,15,3,1,0,1,1,1,0,3,0,8번,2019
796,장승현,두산,0.194,31,6,2,0,0,2,3,0,12,0,8번,2019
797,국해성,두산,0.176,17,3,2,0,0,2,2,0,7,2,8번,2019
798,최주환,두산,0.167,6,1,0,0,0,1,0,0,0,1,8번,2019
799,신성현,두산,0.143,14,2,0,0,0,3,2,0,4,0,8번,2019
800,오재원,두산,0.129,31,4,2,0,0,3,0,0,13,0,8번,2019
801,정병곤,두산,0.100,10,1,1,0,0,2,1,1,2,0,8번,2019
802,이유찬,두산,0.000,4,0,0,0,0,0,0,0,1,0,8번,2019
803,페르난데스,두산,0.000,1,0,0,0,0,0,0,0,1,0,8번,2019
804,허경민,두산,0.524,21,11,3,0,0,6,3,0,2,0,9번,2019
805,김재호,두산,0.347,72,25,8,0,2,15,21,2,11,2,9번,2019
806,이유찬,두산,0.333,3,1,0,0,0,0,0,0,1,0,9번,2019
807,이흥련,두산,0.333,3,1,0,0,0,0,0,0,1,0,9번,2019
808,최주환,두산,0.333,3,1,0,0,0,1,1,0,0,0,9번,2019
809,김인태,두산,0.313,16,5,1,0,0,2,2,0,2,0,9번,2019
810,신성현,두산,0.286,7,2,0,0,0,1,1,0,0,0,9번,2019
811,류지혁,두산,0.250,88,22,3,0,0,14,9,2,9,3,9번,2019
812,정수빈,두산,0.229,105,24,3,1,0,9,14,1,10,2,9번,2019
813,정진호,두산,0.200,30,6,0,0,1,1,1,0,9,1,9번,2019
814,오재원,두산,0.197,66,13,1,0,3,9,12,0,16,1,9번,2019
815,김경호,두산,0.167,6,1,0,0,0,0,0,0,2,0,9번,2019
816,정병곤,두산,0.100,10,1,0,0,0,0,0,1,2,2,9번,2019
817,백동훈,두산,0.091,11,1,0,0,0,0,1,0,5,0,9번,2019
818,국해성,두산,0.077,13,1,0,0,0,0,1,0,4,0,9번,2019
819,김대한,두산,0.000,11,0,0,0,0,0,1,0,7,0,9번,2019
820,김재환,두산,0.000,1,0,0,0,0,0,0,0,0,0,9번,2019
821,박건우,두산,0.000,1,0,0,0,0,0,1,0,0,0,9번,2019
822,박세혁,두산,0.000,1,0,0,0,0,0,0,0,0,0,9번,2019
823,송승환,두산,0.000,1,0,0,0,0,0,0,0,1,0,9번,2019
824,김인태,두산,1.000,1,1,0,1,0,1,0,0,0,0,상위(1~2번),2019
825,이유찬,두산,1.000,1,1,0,0,0,1,0,0,0,0,상위(1~2번),2019
826,김경호,두산,0.667,3,2,1,0,0,2,0,0,0,0,상위(1~2번),2019
827,정병곤,두산,0.500,4,2,0,0,0,2,1,0,0,0,상위(1~2번),2019
828,페르난데스,두산,0.345,374,129,23,0,12,57,36,4,34,11,상위(1~2번),2019
829,박건우,두산,0.317,145,46,7,2,5,21,16,2,16,5,상위(1~2번),2019
830,정수빈,두산,0.272,316,86,16,4,0,29,41,5,46,4,상위(1~2번),2019
831,류지혁,두산,0.264,53,14,0,0,0,5,2,2,9,0,상위(1~2번),2019
832,허경민,두산,0.258,236,61,11,0,2,26,16,3,19,6,상위(1~2번),2019
833,정진호,두산,0.250,16,4,0,0,0,1,1,0,4,0,상위(1~2번),2019
834,오재원,두산,0.200,5,1,1,0,0,1,0,0,1,0,상위(1~2번),2019
835,최주환,두산,0.167,36,6,1,0,1,3,3,0,5,0,상위(1~2번),2019
836,국해성,두산,-,0,0,0,0,0,0,1,0,0,0,상위(1~2번),2019
837,김대한,두산,0.000,1,0,0,0,0,0,1,0,1,0,상위(1~2번),2019
838,김재환,두산,0.000,2,0,0,0,0,0,0,0,2,0,상위(1~2번),2019
839,박세혁,두산,-,0,0,0,0,0,1,0,0,0,0,상위(1~2번),2019
840,백동훈,두산,0.000,8,0,0,0,0,0,0,0,4,0,상위(1~2번),2019
841,서예일,두산,0.000,3,0,0,0,0,0,0,0,0,0,상위(1~2번),2019
842,송승환,두산,0.000,1,0,0,0,0,0,0,0,0,0,상위(1~2번),2019
843,신성현,두산,0.000,3,0,0,0,0,0,0,0,3,0,상위(1~2번),2019
844,국해성,두산,1.000,1,1,1,0,0,0,0,1,0,0,중심(3~5번),2019
845,허경민,두산,0.429,21,9,4,0,0,3,3,1,1,0,중심(3~5번),2019
846,김재호,두산,0.379,29,11,4,0,0,5,5,1,7,2,중심(3~5번),2019
847,페르난데스,두산,0.342,190,65,10,0,3,27,25,2,18,4,중심(3~5번),2019
848,신성현,두산,0.333,3,1,0,0,0,0,2,1,1,0,중심(3~5번),2019
849,이유찬,두산,0.333,3,1,0,0,0,0,0,0,1,0,중심(3~5번),2019
850,박건우,두산,0.317,306,97,20,3,5,42,42,5,41,18,중심(3~5번),2019
851,최주환,두산,0.309,217,67,11,0,2,41,21,1,27,7,중심(3~5번),2019
852,오재일,두산,0.296,368,109,24,1,18,89,43,2,84,3,중심(3~5번),2019
853,김재환,두산,0.277,473,131,16,5,15,88,62,4,107,7,중심(3~5번),2019
854,박세혁,두산,0.214,14,3,0,0,1,4,1,1,4,0,중심(3~5번),2019
855,오재원,두산,0.182,11,2,1,0,0,1,2,0,3,0,중심(3~5번),2019
856,김인태,두산,0.167,6,1,0,0,0,0,0,0,1,0,중심(3~5번),2019
857,김경호,두산,0.000,7,0,0,0,0,0,0,0,2,0,중심(3~5번),2019
858,김대한,두산,0.000,2,0,0,0,0,0,1,0,1,0,중심(3~5번),2019
859,류지혁,두산,0.000,6,0,0,0,0,0,0,0,1,1,중심(3~5번),2019
860,백동훈,두산,0.000,5,0,0,0,0,0,1,1,2,0,중심(3~5번),2019
861,이흥련,두산,0.000,1,0,0,0,0,0,0,0,1,0,중심(3~5번),2019
862,정수빈,두산,0.000,2,0,0,0,0,0,0,0,0,0,중심(3~5번),2019
863,정진호,두산,0.000,10,0,0,0,0,0,1,0,3,0,중심(3~5번),2019
864,김재환,두산,0.450,20,9,4,0,0,3,1,1,4,0,하위(6~9번),2019
865,박건우,두산,0.429,7,3,0,0,0,1,2,0,0,0,하위(6~9번),2019
866,페르난데스,두산,0.375,8,3,1,0,0,4,0,0,2,1,하위(6~9번),2019
867,이흥련,두산,0.317,41,13,2,1,0,5,2,0,11,1,하위(6~9번),2019
868,허경민,두산,0.307,218,67,10,1,2,31,15,13,16,10,하위(6~9번),2019
869,오재일,두산,0.283,99,28,5,0,3,13,12,1,15,2,하위(6~9번),2019
870,박세혁,두산,0.281,427,120,19,9,3,58,40,6,64,5,하위(6~9번),2019
871,김재호,두산,0.259,348,90,18,0,4,43,62,6,51,8,하위(6~9번),2019
872,류지혁,두산,0.253,217,55,6,2,0,29,22,5,30,5,하위(6~9번),2019
873,정수빈,두산,0.252,123,31,3,1,0,12,16,1,14,2,하위(6~9번),2019
874,백동훈,두산,0.235,34,8,2,0,0,2,3,0,10,0,하위(6~9번),2019
875,정진호,두산,0.229,70,16,0,0,1,2,9,0,17,2,하위(6~9번),2019
876,김인태,두산,0.226,53,12,2,0,2,6,8,0,11,2,하위(6~9번),2019
877,신성현,두산,0.200,35,7,0,0,1,6,8,0,10,0,하위(6~9번),2019
878,김경호,두산,0.188,16,3,0,0,0,0,0,0,5,0,하위(6~9번),2019
879,최주환,두산,0.188,32,6,1,0,1,3,4,0,3,3,하위(6~9번),2019
880,장승현,두산,0.171,41,7,2,0,0,3,3,1,13,0,하위(6~9번),2019
881,오재원,두산,0.161,161,26,6,1,3,16,23,0,46,3,하위(6~9번),2019
882,국해성,두산,0.147,34,5,2,0,0,2,4,0,13,3,하위(6~9번),2019
883,정병곤,두산,0.130,23,3,1,0,0,2,1,2,4,2,하위(6~9번),2019
884,이유찬,두산,0.111,9,1,0,0,0,0,0,0,2,0,하위(6~9번),2019
885,김대한,두산,0.000,12,0,0,0,0,0,1,0,7,0,하위(6~9번),2019
886,박유연,두산,0.000,1,0,0,0,0,0,0,0,1,0,하위(6~9번),2019
887,송승환,두산,0.000,1,0,0,0,0,0,0,0,1,0,하위(6~9번),2019
888,임지열,키움,1.000,1,1,1,0,0,1,0,0,0,0,1번,2019
889,김지수,키움,0.500,2,1,1,0,0,0,0,0,0,0,1번,2019
890,이지영,키움,0.500,2,1,0,0,0,1,0,0,1,0,1번,2019
891,김하성,키움,0.385,13,5,2,0,0,3,0,0,4,0,1번,2019
892,이정후,키움,0.323,356,115,21,8,5,45,30,3,31,7,1번,2019
893,서건창,키움,0.301,186,56,9,2,0,18,22,3,25,3,1번,2019
894,김혜성,키움,0.250,4,1,0,0,0,0,0,0,0,0,1번,2019
895,박정음,키움,0.214,14,3,0,0,0,0,2,0,5,0,1번,2019
896,김규민,키움,0.176,34,6,0,0,0,0,3,0,13,0,1번,2019
897,송성문,키움,0.000,3,0,0,0,0,0,0,0,1,0,1번,2019
898,임병욱,키움,0.000,1,0,0,0,0,0,0,0,1,0,1번,2019
899,박정음,키움,0.500,4,2,0,1,0,2,2,1,0,1,2번,2019
900,김혜성,키움,0.364,11,4,1,0,0,2,0,0,2,0,2번,2019
901,이정후,키움,0.308,13,4,0,0,0,0,1,0,0,1,2번,2019
902,서건창,키움,0.292,89,26,7,1,0,3,14,0,9,0,2번,2019
903,김하성,키움,0.290,404,117,25,2,14,65,58,6,54,8,2번,2019
904,박동원,키움,0.250,4,1,0,0,0,0,0,0,0,0,2번,2019
905,장영석,키움,0.250,4,1,0,0,0,0,0,0,1,0,2번,2019
906,김지수,키움,0.200,5,1,0,0,0,0,0,0,0,1,2번,2019
907,샌즈,키움,0.194,36,7,2,0,1,1,3,0,7,2,2번,2019
908,송성문,키움,0.167,6,1,1,0,0,0,0,0,1,1,2번,2019
909,김은성,키움,0.000,3,0,0,0,0,0,0,0,0,1,2번,2019
910,이정후,키움,0.366,194,71,10,2,1,18,13,1,9,5,3번,2019
911,김하성,키움,0.341,82,28,7,0,5,24,5,1,17,3,3번,2019
912,김웅빈,키움,0.333,3,1,1,0,0,1,0,0,0,1,3번,2019
913,서건창,키움,0.333,6,2,0,0,0,0,0,0,0,0,3번,2019
914,샌즈,키움,0.297,202,60,15,0,13,48,24,4,41,8,3번,2019
915,박병호,키움,0.288,66,19,4,0,2,9,17,2,17,0,3번,2019
916,임병욱,키움,0.250,4,1,0,0,0,0,0,0,0,0,3번,2019
917,장영석,키움,0.200,5,1,0,0,0,1,0,0,3,0,3번,2019
918,송성문,키움,0.083,12,1,0,0,0,0,1,0,2,0,3번,2019
919,김규민,키움,0.000,2,0,0,0,0,0,0,0,1,0,3번,2019
920,김지수,키움,0.000,1,0,0,0,0,0,0,0,1,0,3번,2019
921,박정음,키움,0.000,2,0,0,0,0,1,0,0,0,0,3번,2019
922,임지열,키움,0.000,1,0,0,0,0,0,0,0,1,0,3번,2019
923,추재현,키움,0.000,1,0,0,0,0,0,0,0,0,0,3번,2019
924,허정협,키움,0.000,1,0,0,0,0,0,0,0,1,0,3번,2019
925,임지열,키움,1.000,1,1,0,0,0,1,0,0,0,0,4번,2019
926,장영석,키움,0.500,2,1,0,0,0,0,0,0,1,0,4번,2019
927,박동원,키움,0.333,3,1,0,0,0,0,1,0,1,0,4번,2019
928,샌즈,키움,0.327,159,52,13,1,7,37,23,2,26,4,4번,2019
929,박병호,키움,0.275,363,100,17,0,31,87,61,11,99,7,4번,2019
930,김규민,키움,0.000,1,0,0,0,0,0,0,0,1,0,4번,2019
931,김지수,키움,0.000,2,0,0,0,0,0,0,0,1,0,4번,2019
932,김혜성,키움,0.000,1,0,0,0,0,0,0,0,1,0,4번,2019
933,허정협,키움,-,0,0,0,0,0,0,1,0,0,0,4번,2019
934,김하성,키움,0.390,41,16,4,0,0,12,7,0,5,1,5번,2019
935,김규민,키움,0.381,21,8,0,0,0,2,1,2,6,0,5번,2019
936,샌즈,키움,0.317,126,40,9,0,6,26,26,0,27,3,5번,2019
937,서건창,키움,0.275,69,19,1,0,2,8,10,0,10,2,5번,2019
938,송성문,키움,0.264,53,14,1,1,2,12,6,0,5,2,5번,2019
939,장영석,키움,0.246,171,42,9,0,3,28,11,3,40,6,5번,2019
940,김혜성,키움,0.200,5,1,0,0,0,0,0,0,2,0,5번,2019
941,임병욱,키움,0.184,38,7,2,0,0,3,2,0,13,0,5번,2019
942,박동원,키움,0.158,19,3,0,0,1,2,1,0,3,0,5번,2019
943,김은성,키움,-,0,0,0,0,0,0,1,0,0,0,5번,2019
944,김지수,키움,0.000,2,0,0,0,0,0,1,0,0,0,5번,2019
945,박정음,키움,0.000,1,0,0,0,0,0,0,0,1,0,5번,2019
946,임지열,키움,0.000,1,0,0,0,0,0,0,1,0,0,5번,2019
947,허정협,키움,0.000,4,0,0,0,0,0,0,0,2,0,5번,2019
948,김웅빈,키움,0.500,4,2,0,0,0,2,0,0,0,0,6번,2019
949,박병호,키움,0.500,2,1,1,0,0,1,0,0,1,0,6번,2019
950,주효상,키움,0.500,2,1,0,1,0,2,0,0,0,0,6번,2019
951,김지수,키움,0.400,5,2,1,0,0,1,1,0,1,0,6번,2019
952,장영석,키움,0.315,92,29,4,0,4,22,10,1,13,4,6번,2019
953,서건창,키움,0.315,73,23,4,0,0,10,3,0,6,0,6번,2019
954,김혜성,키움,0.286,14,4,0,0,0,2,1,0,3,1,6번,2019
955,박동원,키움,0.284,109,31,8,0,1,19,16,1,19,3,6번,2019
956,김규민,키움,0.229,35,8,0,1,1,5,3,0,10,2,6번,2019
957,송성문,키움,0.200,90,18,8,3,0,11,5,0,19,1,6번,2019
958,임병욱,키움,0.198,101,20,4,1,0,7,6,3,34,4,6번,2019
959,허정협,키움,0.167,6,1,0,0,0,1,0,1,1,0,6번,2019
960,박정음,키움,0.000,3,0,0,0,0,0,0,0,2,0,6번,2019
961,이지영,키움,0.000,9,0,0,0,0,1,0,0,3,1,6번,2019
962,임지열,키움,0.000,2,0,0,0,0,0,0,0,0,0,6번,2019
963,박병호,키움,1.000,1,1,0,0,0,1,0,0,0,0,7번,2019
964,이지영,키움,0.417,36,15,1,0,0,2,2,0,3,1,7번,2019
965,박동원,키움,0.346,52,18,1,0,2,8,9,0,9,4,7번,2019
966,김혜성,키움,0.314,51,16,4,0,0,5,4,0,20,0,7번,2019
967,임병욱,키움,0.291,165,48,9,3,0,24,12,5,44,1,7번,2019
968,주효상,키움,0.286,7,2,1,0,0,1,0,0,1,0,7번,2019
969,김규민,키움,0.275,80,22,6,0,1,10,11,1,21,2,7번,2019
970,송성문,키움,0.268,56,15,1,1,1,4,1,0,10,0,7번,2019
971,허정협,키움,0.219,32,7,0,0,0,1,3,0,11,1,7번,2019
972,이정후,키움,0.143,7,1,0,0,0,1,1,0,0,1,7번,2019
973,장영석,키움,0.109,46,5,0,0,0,2,5,2,7,2,7번,2019
974,김웅빈,키움,0.000,3,0,0,0,0,0,0,0,1,1,7번,2019
975,김지수,키움,0.000,2,0,0,0,0,0,0,0,0,0,7번,2019
976,박정음,키움,-,0,0,0,0,0,1,1,0,0,0,7번,2019
977,임지열,키움,0.000,1,0,0,0,0,0,0,0,0,0,7번,2019
978,서건창,키움,1.000,2,2,2,0,0,2,0,0,0,0,8번,2019
979,김지수,키움,0.667,6,4,0,0,0,2,0,0,0,0,8번,2019
980,허정협,키움,0.429,7,3,0,0,0,0,0,0,2,0,8번,2019
981,임병욱,키움,0.311,45,14,2,1,0,4,1,2,11,1,8번,2019
982,장영석,키움,0.300,40,12,2,0,0,9,1,2,8,1,8번,2019
983,박동원,키움,0.291,86,25,4,1,4,20,6,0,14,3,8번,2019
984,이지영,키움,0.256,172,44,4,1,1,28,12,1,12,9,8번,2019
985,송성문,키움,0.236,55,13,1,0,0,4,3,0,8,1,8번,2019
986,김혜성,키움,0.228,92,21,1,2,0,6,6,1,24,1,8번,2019
987,박정음,키움,0.222,18,4,1,0,0,1,1,1,9,0,8번,2019
988,주효상,키움,0.143,7,1,0,0,0,0,0,0,2,0,8번,2019
989,김규민,키움,0.000,11,0,0,0,0,0,1,1,5,0,8번,2019
990,샌즈,키움,0.500,2,1,0,0,1,1,1,0,0,0,9번,2019
991,이정후,키움,0.500,4,2,0,0,0,4,0,0,0,1,9번,2019
992,박동원,키움,0.341,44,15,2,0,2,6,1,1,10,0,9번,2019
993,이지영,키움,0.303,89,27,0,0,0,7,1,0,9,3,9번,2019
994,김규민,키움,0.289,38,11,2,0,1,7,3,0,11,0,9번,2019
995,김혜성,키움,0.288,170,49,10,5,0,17,18,1,33,2,9번,2019
996,허정협,키움,0.278,18,5,1,0,0,6,3,0,2,0,9번,2019
997,송성문,키움,0.242,33,8,0,0,0,3,3,0,7,2,9번,2019
998,김은성,키움,0.200,5,1,0,0,0,0,1,0,2,0,9번,2019
999,박정음,키움,0.172,29,5,1,0,0,2,5,3,14,0,9번,2019
1000,예진원,키움,0.167,6,1,1,0,0,1,2,0,3,0,9번,2019
1001,주효상,키움,0.154,13,2,1,0,0,2,1,0,4,0,9번,2019
1002,장영석,키움,0.083,12,1,0,0,0,0,0,1,4,1,9번,2019
1003,임병욱,키움,0.080,25,2,0,0,0,2,2,1,7,0,9번,2019
1004,김웅빈,키움,0.000,1,0,0,0,0,0,0,0,1,0,9번,2019
1005,김주형,키움,0.000,1,0,0,0,0,0,0,0,0,0,9번,2019
1006,김지수,키움,0.000,5,0,0,0,0,0,0,0,4,0,9번,2019
1007,서건창,키움,0.000,1,0,0,0,0,0,0,0,0,0,9번,2019
1008,임지열,키움,0.000,8,0,0,0,0,1,1,0,6,1,9번,2019
1009,임지열,키움,1.000,1,1,1,0,0,1,0,0,0,0,상위(1~2번),2019
1010,이지영,키움,0.500,2,1,0,0,0,1,0,0,1,0,상위(1~2번),2019
1011,김혜성,키움,0.333,15,5,1,0,0,2,0,0,2,0,상위(1~2번),2019
1012,이정후,키움,0.322,369,119,21,8,5,45,31,3,31,8,상위(1~2번),2019
1013,서건창,키움,0.298,275,82,16,3,0,21,36,3,34,3,상위(1~2번),2019
1014,김하성,키움,0.293,417,122,27,2,14,68,58,6,58,8,상위(1~2번),2019
1015,김지수,키움,0.286,7,2,1,0,0,0,0,0,0,1,상위(1~2번),2019
1016,박정음,키움,0.278,18,5,0,1,0,2,4,1,5,1,상위(1~2번),2019
1017,박동원,키움,0.250,4,1,0,0,0,0,0,0,0,0,상위(1~2번),2019
1018,장영석,키움,0.250,4,1,0,0,0,0,0,0,1,0,상위(1~2번),2019
1019,샌즈,키움,0.194,36,7,2,0,1,1,3,0,7,2,상위(1~2번),2019
1020,김규민,키움,0.176,34,6,0,0,0,0,3,0,13,0,상위(1~2번),2019
1021,송성문,키움,0.111,9,1,1,0,0,0,0,0,2,1,상위(1~2번),2019
1022,김은성,키움,0.000,3,0,0,0,0,0,0,0,0,1,상위(1~2번),2019
1023,임병욱,키움,0.000,1,0,0,0,0,0,0,0,1,0,상위(1~2번),2019
1024,이정후,키움,0.366,194,71,10,2,1,18,13,1,9,5,중심(3~5번),2019
1025,김하성,키움,0.358,123,44,11,0,5,36,12,1,22,4,중심(3~5번),2019
1026,김규민,키움,0.333,24,8,0,0,0,2,1,2,8,0,중심(3~5번),2019
1027,김웅빈,키움,0.333,3,1,1,0,0,1,0,0,0,1,중심(3~5번),2019
1028,임지열,키움,0.333,3,1,0,0,0,1,0,1,1,0,중심(3~5번),2019
1029,샌즈,키움,0.312,487,152,37,1,26,111,73,6,94,15,중심(3~5번),2019
1030,서건창,키움,0.280,75,21,1,0,2,8,10,0,10,2,중심(3~5번),2019
1031,박병호,키움,0.277,429,119,21,0,33,96,78,13,116,7,중심(3~5번),2019
1032,장영석,키움,0.247,178,44,9,0,3,29,11,3,44,6,중심(3~5번),2019
1033,송성문,키움,0.231,65,15,1,1,2,12,7,0,7,2,중심(3~5번),2019
1034,임병욱,키움,0.190,42,8,2,0,0,3,2,0,13,0,중심(3~5번),2019
1035,박동원,키움,0.182,22,4,0,0,1,2,2,0,4,0,중심(3~5번),2019
1036,김혜성,키움,0.167,6,1,0,0,0,0,0,0,3,0,중심(3~5번),2019
1037,김은성,키움,-,0,0,0,0,0,0,1,0,0,0,중심(3~5번),2019
1038,김지수,키움,0.000,5,0,0,0,0,0,1,0,2,0,중심(3~5번),2019
1039,박정음,키움,0.000,3,0,0,0,0,1,0,0,1,0,중심(3~5번),2019
1040,추재현,키움,0.000,1,0,0,0,0,0,0,0,0,0,중심(3~5번),2019
1041,허정협,키움,0.000,5,0,0,0,0,0,1,0,3,0,중심(3~5번),2019
1042,박병호,키움,0.667,3,2,1,0,0,2,0,0,1,0,하위(6~9번),2019
1043,샌즈,키움,0.500,2,1,0,0,1,1,1,0,0,0,하위(6~9번),2019
1044,김지수,키움,0.333,18,6,1,0,0,3,1,0,5,0,하위(6~9번),2019
1045,서건창,키움,0.329,76,25,6,0,0,12,3,0,6,0,하위(6~9번),2019
1046,박동원,키움,0.306,291,89,15,1,9,53,32,2,52,10,하위(6~9번),2019
1047,이지영,키움,0.281,306,86,5,1,1,38,15,1,27,14,하위(6~9번),2019
1048,김혜성,키움,0.275,327,90,15,7,0,30,29,2,80,4,하위(6~9번),2019
1049,이정후,키움,0.273,11,3,0,0,0,5,1,0,0,2,하위(6~9번),2019
1050,허정협,키움,0.254,63,16,1,0,0,8,6,1,16,1,하위(6~9번),2019
1051,김규민,키움,0.250,164,41,8,1,3,22,18,2,47,4,하위(6~9번),2019
1052,김웅빈,키움,0.250,8,2,0,0,0,2,0,0,2,1,하위(6~9번),2019
1053,임병욱,키움,0.250,336,84,15,5,0,37,21,11,96,6,하위(6~9번),2019
1054,장영석,키움,0.247,190,47,6,0,4,33,16,6,32,8,하위(6~9번),2019
1055,송성문,키움,0.231,234,54,10,4,1,22,12,0,44,4,하위(6~9번),2019
1056,주효상,키움,0.207,29,6,2,1,0,5,1,0,7,0,하위(6~9번),2019
1057,김은성,키움,0.200,5,1,0,0,0,0,1,0,2,0,하위(6~9번),2019
1058,박정음,키움,0.180,50,9,2,0,0,4,7,4,25,0,하위(6~9번),2019
1059,예진원,키움,0.167,6,1,1,0,0,1,2,0,3,0,하위(6~9번),2019
1060,김주형,키움,0.000,1,0,0,0,0,0,0,0,0,0,하위(6~9번),2019
1061,임지열,키움,0.000,11,0,0,0,0,1,1,0,6,1,하위(6~9번),2019
0,박승욱,KT,1.0,1,1,1,0,0,1,1,0,0,0,1번,2020
1,김민혁,KT,0.295,61,18,1,0,1,6,8,0,14,1,1번,2020
2,황재균,KT,0.286,7,2,0,0,0,0,0,0,3,0,1번,2020
3,배정대,KT,0.281,178,50,5,0,4,20,14,3,50,3,1번,2020
4,심우준,KT,0.266,124,33,3,1,0,13,9,0,24,0,1번,2020
5,조용호,KT,0.264,216,57,6,0,0,12,35,1,50,2,1번,2020
6,송민섭,KT,0.235,17,4,1,0,0,0,1,0,9,0,1번,2020
7,강민국,KT,0.0,2,0,0,0,0,0,0,0,2,0,1번,2020
8,문상철,KT,0.0,5,0,0,0,0,0,1,1,2,1,1번,2020
9,박준혁,KT,0.0,1,0,0,0,0,0,0,0,1,0,1번,2020
10,이홍구,KT,0.0,2,0,0,0,0,0,0,0,1,0,1번,2020
11,천성호,KT,0.0,3,0,0,0,0,0,0,0,1,0,1번,2020
12,홍현빈,KT,0.0,2,0,0,0,0,0,1,0,1,0,1번,2020
13,강현우,KT,1.000,1,1,1,0,0,1,0,0,0,0,2번,2020
14,장성우,KT,1.000,1,1,0,0,0,0,0,0,0,0,2번,2020
15,문상철,KT,0.750,4,3,0,1,1,3,0,0,1,0,2번,2020
16,박승욱,KT,0.667,3,2,1,0,0,0,0,0,0,0,2번,2020
17,로하스,KT,0.500,8,4,1,0,0,1,1,0,1,0,2번,2020
18,황재균,KT,0.328,375,123,23,3,17,70,37,3,67,10,2번,2020
19,조용호,KT,0.273,33,9,1,0,0,2,4,0,7,1,2번,2020
20,배정대,KT,0.254,71,18,8,0,2,8,8,1,16,2,2번,2020
21,김민혁,KT,0.224,76,17,1,2,3,10,7,0,8,1,2번,2020
22,강백호,KT,0.143,7,1,0,0,0,0,1,0,2,0,2번,2020
23,강민국,KT,0.000,4,0,0,0,0,0,0,0,0,0,2번,2020
24,김병희,KT,0.000,1,0,0,0,0,1,0,0,0,0,2번,2020
25,송민섭,KT,0.000,4,0,0,0,0,0,0,0,1,0,2번,2020
26,이홍구,KT,-,0,0,0,0,0,0,1,0,0,0,2번,2020
27,천성호,KT,0.000,4,0,0,0,0,0,0,1,1,0,2번,2020
28,홍현빈,KT,0.000,1,0,0,0,0,0,0,0,0,0,2번,2020
29,강민국,KT,1.0,1,1,0,0,0,1,0,0,0,0,3번,2020
30,강현우,KT,1.0,1,1,0,0,1,1,0,0,0,0,3번,2020
31,배정대,KT,0.667,3,2,0,0,0,0,1,0,0,0,3번,2020
32,김민혁,KT,0.5,2,1,0,0,0,0,0,0,0,0,3번,2020
33,박승욱,KT,0.5,2,1,0,1,0,1,0,0,0,0,3번,2020
34,로하스,KT,0.337,392,132,25,1,35,97,50,4,93,11,3번,2020
35,강백호,KT,0.333,90,30,7,1,5,15,11,0,12,0,3번,2020
36,황재균,KT,0.333,3,1,1,0,0,2,1,0,0,0,3번,2020
37,조용호,KT,0.329,76,25,4,0,0,9,12,1,11,2,3번,2020
38,문상인,KT,0.0,1,0,0,0,0,0,0,0,0,0,3번,2020
39,문상철,KT,0.0,1,0,0,0,0,0,0,0,0,0,3번,2020
40,박경수,KT,0.0,1,0,0,0,0,0,0,0,1,0,3번,2020
41,송민섭,KT,0.0,2,0,0,0,0,0,1,0,0,0,3번,2020
42,홍현빈,KT,0.0,2,0,0,0,0,1,0,0,1,0,3번,2020
43,김민혁,KT,0.667,3,2,1,0,1,3,1,0,1,0,4번,2020
44,유한준,KT,0.337,95,32,5,0,6,26,12,0,12,0,4번,2020
45,강백호,KT,0.332,397,132,29,0,17,73,52,5,78,7,4번,2020
46,로하스,KT,0.313,64,20,3,0,7,20,3,0,17,0,4번,2020
47,김병희,KT,0.000,2,0,0,0,0,0,0,0,1,0,4번,2020
48,문상철,KT,0.000,5,0,0,0,0,0,0,0,1,0,4번,2020
49,박경수,KT,0.000,1,0,0,0,0,0,0,0,0,0,4번,2020
50,박승욱,KT,0.000,2,0,0,0,0,0,0,0,1,0,4번,2020
51,송민섭,KT,0.000,2,0,0,0,0,0,1,0,1,0,4번,2020
52,장성우,KT,0.000,1,0,0,0,0,0,0,0,0,0,4번,2020
53,정주후,KT,-,0,0,0,0,0,0,1,0,0,0,4번,2020
54,천성호,KT,0.000,1,0,0,0,0,0,0,0,1,0,4번,2020
55,강민국,KT,0.5,2,1,0,0,0,0,0,0,0,0,5번,2020
56,이홍구,KT,0.5,4,2,0,0,2,4,0,0,0,0,5번,2020
57,장성우,KT,0.436,39,17,3,0,2,9,4,0,3,1,5번,2020
58,로하스,KT,0.419,86,36,10,0,5,17,7,1,21,0,5번,2020
59,박경수,KT,0.34,47,16,2,0,2,14,4,7,11,1,5번,2020
60,강현우,KT,0.333,3,1,0,0,0,0,0,0,0,1,5번,2020
61,박승욱,KT,0.333,3,1,0,0,0,0,0,0,1,0,5번,2020
62,조용호,KT,0.313,16,5,1,0,0,1,2,0,4,0,5번,2020
63,문상철,KT,0.283,46,13,0,0,1,2,5,1,15,1,5번,2020
64,배정대,KT,0.273,11,3,0,0,0,2,2,0,1,1,5번,2020
65,유한준,KT,0.249,269,67,11,0,3,31,27,0,38,7,5번,2020
66,김민혁,KT,0.167,6,1,0,0,0,0,1,1,2,0,5번,2020
67,황재균,KT,0.161,31,5,2,1,0,3,0,0,10,0,5번,2020
68,김태훈,KT,0.0,3,0,0,0,0,0,0,0,1,0,5번,2020
69,박준혁,KT,0.0,1,0,0,0,0,0,0,0,0,0,5번,2020
70,송민섭,KT,0.0,3,0,0,0,0,1,0,0,1,0,5번,2020
71,허도환,KT,0.0,2,0,0,0,0,0,0,0,2,0,5번,2020
72,홍현빈,KT,0.0,2,0,0,0,0,0,1,0,0,0,5번,2020
73,허도환,KT,0.500,2,1,0,0,0,1,0,0,0,0,6번,2020
74,조용호,KT,0.382,34,13,1,0,0,5,9,0,6,1,6번,2020
75,문상철,KT,0.357,14,5,0,1,2,6,1,0,5,0,6번,2020
76,황재균,KT,0.294,85,25,6,1,2,14,8,2,12,2,6번,2020
77,박경수,KT,0.257,109,28,5,0,4,22,16,1,31,11,6번,2020
78,배정대,KT,0.251,167,42,4,0,5,16,30,0,51,3,6번,2020
79,장성우,KT,0.241,54,13,2,0,1,5,7,1,15,2,6번,2020
80,강민국,KT,0.167,6,1,0,0,0,0,2,0,2,0,6번,2020
81,천성호,KT,0.167,6,1,0,0,0,0,0,0,2,0,6번,2020
82,유한준,KT,0.143,7,1,0,0,0,1,0,0,1,1,6번,2020
83,박승욱,KT,0.083,12,1,0,1,0,0,2,1,7,0,6번,2020
84,강백호,KT,0.000,3,0,0,0,0,0,0,0,0,0,6번,2020
85,강현우,KT,0.000,3,0,0,0,0,0,1,0,1,0,6번,2020
86,김민혁,KT,0.000,15,0,0,0,0,1,1,0,1,1,6번,2020
87,김병희,KT,0.000,2,0,0,0,0,0,0,0,0,0,6번,2020
88,로하스,KT,-,0,0,0,0,0,0,2,0,0,0,6번,2020
89,송민섭,KT,0.000,2,0,0,0,0,0,0,1,0,0,6번,2020
90,홍현빈,KT,0.000,2,0,0,0,0,0,2,0,0,0,6번,2020
91,김병희,KT,1.0,1,1,0,0,0,0,0,0,0,0,7번,2020
92,유한준,KT,0.667,6,4,0,0,1,2,1,0,0,1,7번,2020
93,강백호,KT,0.5,2,1,0,0,1,1,1,0,1,0,7번,2020
94,송민섭,KT,0.5,4,2,0,0,1,2,0,0,0,0,7번,2020
95,배정대,KT,0.404,52,21,4,0,2,10,7,1,12,0,7번,2020
96,조용호,KT,0.385,13,5,0,0,0,1,0,0,2,0,7번,2020
97,허도환,KT,0.333,3,1,0,0,0,0,1,0,1,0,7번,2020
98,박경수,KT,0.295,149,44,10,0,6,22,26,1,47,2,7번,2020
99,황재균,KT,0.281,32,9,2,0,1,5,1,0,4,0,7번,2020
100,강민국,KT,0.273,22,6,2,0,0,3,2,0,2,0,7번,2020
101,박승욱,KT,0.25,28,7,0,0,1,4,1,1,11,1,7번,2020
102,김민혁,KT,0.24,25,6,0,0,0,3,3,1,8,1,7번,2020
103,이홍구,KT,0.222,27,6,2,0,0,1,2,1,8,1,7번,2020
104,문상철,KT,0.214,14,3,0,0,2,4,1,0,4,0,7번,2020
105,장성우,KT,0.198,116,23,2,0,2,14,10,0,19,4,7번,2020
106,천성호,KT,0.158,19,3,0,0,0,1,3,0,3,0,7번,2020
107,강현우,KT,0.125,8,1,0,0,0,0,1,0,3,0,7번,2020
108,정주후,KT,0.0,1,0,0,0,0,0,0,0,0,0,7번,2020
109,홍현빈,KT,0.0,4,0,0,0,0,0,0,0,3,0,7번,2020
110,강백호,KT,1.000,1,1,0,0,0,0,1,0,0,0,8번,2020
111,유한준,KT,1.000,4,4,1,0,1,4,0,0,0,0,8번,2020
112,황재균,KT,0.500,6,3,1,0,1,3,0,0,2,0,8번,2020
113,천성호,KT,0.353,17,6,1,0,0,0,3,0,2,0,8번,2020
114,송민섭,KT,0.333,6,2,0,1,0,2,2,0,0,0,8번,2020
115,박승욱,KT,0.308,39,12,1,0,0,2,1,1,8,0,8번,2020
116,장성우,KT,0.303,188,57,8,0,8,50,16,0,27,8,8번,2020
117,문상철,KT,0.281,57,16,3,0,2,9,3,0,12,2,8번,2020
118,허도환,KT,0.267,45,12,1,0,0,4,5,2,11,2,8번,2020
119,조용호,KT,0.214,14,3,2,0,0,1,1,0,3,0,8번,2020
120,김민혁,KT,0.211,19,4,2,0,0,2,1,0,5,0,8번,2020
121,박경수,KT,0.200,15,3,0,0,1,1,2,0,6,0,8번,2020
122,강민국,KT,0.173,52,9,1,0,0,3,3,0,11,0,8번,2020
123,심우준,KT,0.167,6,1,1,0,0,0,0,0,2,0,8번,2020
124,이홍구,KT,0.160,50,8,0,0,1,3,3,2,16,2,8번,2020
125,강현우,KT,0.143,14,2,1,0,0,1,0,0,7,0,8번,2020
126,김병희,KT,0.000,7,0,0,0,0,0,0,0,2,0,8번,2020
127,로하스,KT,-,0,0,0,0,0,0,2,0,0,0,8번,2020
128,문상인,KT,0.000,1,0,0,0,0,0,0,0,1,0,8번,2020
129,배정대,KT,0.000,2,0,0,0,0,0,2,0,1,0,8번,2020
130,홍현빈,KT,0.000,4,0,0,0,0,0,1,0,0,0,8번,2020
131,조용호,KT,0.571,7,4,0,0,0,1,1,0,0,0,9번,2020
132,황재균,KT,0.5,2,1,0,0,0,0,0,0,0,0,9번,2020
133,배정대,KT,0.367,49,18,4,3,0,9,4,0,11,0,9번,2020
134,강민국,KT,0.333,18,6,0,0,0,2,0,0,3,0,9번,2020
135,김민혁,KT,0.267,15,4,0,0,0,0,0,0,3,0,9번,2020
136,김병희,KT,0.25,8,2,0,0,1,1,0,0,4,0,9번,2020
137,심우준,KT,0.225,346,78,12,2,3,38,28,2,72,7,9번,2020
138,천성호,KT,0.211,19,4,2,0,0,0,1,0,5,0,9번,2020
139,박승욱,KT,0.2,20,4,0,0,0,2,6,1,9,0,9번,2020
140,문상철,KT,0.0,8,0,0,0,0,1,0,0,3,0,9번,2020
141,박경수,KT,0.0,2,0,0,0,0,0,0,0,0,0,9번,2020
142,송민섭,KT,0.0,1,0,0,0,0,0,0,0,1,0,9번,2020
143,유한준,KT,0.0,5,0,0,0,0,0,0,0,0,0,9번,2020
144,이홍구,KT,0.0,1,0,0,0,0,0,0,0,1,0,9번,2020
145,장성우,KT,0.0,1,0,0,0,0,1,1,0,0,0,9번,2020
146,허도환,KT,0.0,1,0,0,0,0,0,0,0,1,0,9번,2020
147,홍현빈,KT,0.0,1,0,0,0,0,0,0,0,0,0,9번,2020
148,강현우,KT,1.0,1,1,1,0,0,1,0,0,0,0,상위(1~2번),2020
149,장성우,KT,1.0,1,1,0,0,0,0,0,0,0,0,상위(1~2번),2020
150,박승욱,KT,0.75,4,3,2,0,0,1,1,0,0,0,상위(1~2번),2020
151,로하스,KT,0.5,8,4,1,0,0,1,1,0,1,0,상위(1~2번),2020
152,문상철,KT,0.333,9,3,0,1,1,3,1,1,3,1,상위(1~2번),2020
153,황재균,KT,0.327,382,125,23,3,17,70,37,3,70,10,상위(1~2번),2020
154,배정대,KT,0.273,249,68,13,0,6,28,22,4,66,5,상위(1~2번),2020
155,심우준,KT,0.266,124,33,3,1,0,13,9,0,24,0,상위(1~2번),2020
156,조용호,KT,0.265,249,66,7,0,0,14,39,1,57,3,상위(1~2번),2020
157,김민혁,KT,0.255,137,35,2,2,4,16,15,0,22,2,상위(1~2번),2020
158,송민섭,KT,0.19,21,4,1,0,0,0,1,0,10,0,상위(1~2번),2020
159,강백호,KT,0.143,7,1,0,0,0,0,1,0,2,0,상위(1~2번),2020
160,강민국,KT,0.0,6,0,0,0,0,0,0,0,2,0,상위(1~2번),2020
161,김병희,KT,0.0,1,0,0,0,0,1,0,0,0,0,상위(1~2번),2020
162,박준혁,KT,0.0,1,0,0,0,0,0,0,0,1,0,상위(1~2번),2020
163,이홍구,KT,0.0,2,0,0,0,0,0,1,0,1,0,상위(1~2번),2020
164,천성호,KT,0.0,7,0,0,0,0,0,0,1,2,0,상위(1~2번),2020
165,홍현빈,KT,0.0,3,0,0,0,0,0,1,0,1,0,상위(1~2번),2020
166,강민국,KT,0.667,3,2,0,0,0,1,0,0,0,0,중심(3~5번),2020
167,강현우,KT,0.500,4,2,0,0,1,1,0,0,0,1,중심(3~5번),2020
168,이홍구,KT,0.500,4,2,0,0,2,4,0,0,0,0,중심(3~5번),2020
169,장성우,KT,0.425,40,17,3,0,2,9,4,0,3,1,중심(3~5번),2020
170,김민혁,KT,0.364,11,4,1,0,1,3,2,1,3,0,중심(3~5번),2020
171,배정대,KT,0.357,14,5,0,0,0,2,3,0,1,1,중심(3~5번),2020
172,로하스,KT,0.347,542,188,38,1,47,134,60,5,131,11,중심(3~5번),2020
173,강백호,KT,0.333,487,162,36,1,22,88,63,5,90,7,중심(3~5번),2020
174,박경수,KT,0.327,49,16,2,0,2,14,4,7,12,1,중심(3~5번),2020
175,조용호,KT,0.326,92,30,5,0,0,10,14,1,15,2,중심(3~5번),2020
176,박승욱,KT,0.286,7,2,0,1,0,1,0,0,2,0,중심(3~5번),2020
177,유한준,KT,0.272,364,99,16,0,9,57,39,0,50,7,중심(3~5번),2020
178,문상철,KT,0.250,52,13,0,0,1,2,5,1,16,1,중심(3~5번),2020
179,황재균,KT,0.176,34,6,3,1,0,5,1,0,10,0,중심(3~5번),2020
180,김병희,KT,0.000,2,0,0,0,0,0,0,0,1,0,중심(3~5번),2020
181,김태훈,KT,0.000,3,0,0,0,0,0,0,0,1,0,중심(3~5번),2020
182,문상인,KT,0.000,1,0,0,0,0,0,0,0,0,0,중심(3~5번),2020
183,박준혁,KT,0.000,1,0,0,0,0,0,0,0,0,0,중심(3~5번),2020
184,송민섭,KT,0.000,7,0,0,0,0,1,2,0,2,0,중심(3~5번),2020
185,정주후,KT,-,0,0,0,0,0,0,1,0,0,0,중심(3~5번),2020
186,천성호,KT,0.000,1,0,0,0,0,0,0,0,1,0,중심(3~5번),2020
187,허도환,KT,0.000,2,0,0,0,0,0,0,0,2,0,중심(3~5번),2020
188,홍현빈,KT,0.000,4,0,0,0,0,1,1,0,1,0,중심(3~5번),2020
189,유한준,KT,0.409,22,9,1,0,2,7,1,0,1,2,하위(6~9번),2020
190,조용호,KT,0.368,68,25,3,0,0,8,11,0,11,1,하위(6~9번),2020
191,강백호,KT,0.333,6,2,0,0,1,1,2,0,1,0,하위(6~9번),2020
192,송민섭,KT,0.308,13,4,0,1,1,4,2,1,1,0,하위(6~9번),2020
193,황재균,KT,0.304,125,38,9,1,4,22,9,2,18,2,하위(6~9번),2020
194,배정대,KT,0.300,270,81,12,3,7,35,43,1,75,3,하위(6~9번),2020
195,허도환,KT,0.275,51,14,1,0,0,5,6,2,13,2,하위(6~9번),2020
196,박경수,KT,0.273,275,75,15,0,11,45,44,2,84,13,하위(6~9번),2020
197,장성우,KT,0.259,359,93,12,0,11,70,34,1,61,14,하위(6~9번),2020
198,문상철,KT,0.258,93,24,3,1,6,20,5,0,24,2,하위(6~9번),2020
199,박승욱,KT,0.242,99,24,1,1,1,8,10,4,35,1,하위(6~9번),2020
200,천성호,KT,0.230,61,14,3,0,0,1,7,0,12,0,하위(6~9번),2020
201,강민국,KT,0.224,98,22,3,0,0,8,7,0,18,0,하위(6~9번),2020
202,심우준,KT,0.224,352,79,13,2,3,38,28,2,74,7,하위(6~9번),2020
203,김민혁,KT,0.189,74,14,2,0,0,6,5,1,17,2,하위(6~9번),2020
204,이홍구,KT,0.179,78,14,2,0,1,4,5,3,25,3,하위(6~9번),2020
205,김병희,KT,0.167,18,3,0,0,1,1,0,0,6,0,하위(6~9번),2020
206,강현우,KT,0.120,25,3,1,0,0,1,2,0,11,0,하위(6~9번),2020
207,로하스,KT,-,0,0,0,0,0,0,4,0,0,0,하위(6~9번),2020
208,문상인,KT,0.000,1,0,0,0,0,0,0,0,1,0,하위(6~9번),2020
209,정주후,KT,0.000,1,0,0,0,0,0,0,0,0,0,하위(6~9번),2020
210,홍현빈,KT,0.000,11,0,0,0,0,0,3,0,3,0,하위(6~9번),2020
211,김호은,LG,0.500,4,2,0,0,0,0,0,0,1,0,1번,2020
212,신민재,LG,0.500,2,1,0,0,0,1,0,0,0,1,1번,2020
213,이형종,LG,0.333,12,4,0,0,1,3,0,0,3,1,1번,2020
214,이천웅,LG,0.281,231,65,7,1,1,27,27,4,30,2,1번,2020
215,홍창기,LG,0.277,321,89,22,4,4,32,68,9,67,6,1번,2020
216,박용택,LG,0.000,1,0,0,0,0,0,0,0,0,0,1번,2020
217,장준원,LG,-,0,0,0,0,0,0,0,0,0,0,1번,2020
218,정근우,LG,0.000,3,0,0,0,0,0,1,0,1,0,1번,2020
219,정주현,LG,0.000,1,0,0,0,0,0,0,0,0,0,1번,2020
220,채은성,LG,0.000,2,0,0,0,0,0,0,0,0,0,1번,2020
221,최재원,LG,0.000,1,0,0,0,0,0,0,0,1,0,1번,2020
222,박용택,LG,0.500,4,2,1,0,0,2,0,0,1,0,2번,2020
223,장준원,LG,0.500,4,2,1,0,0,1,0,0,0,0,2번,2020
224,김현수,LG,0.363,157,57,15,1,5,29,16,0,14,3,2번,2020
225,전민수,LG,0.333,3,1,0,0,0,0,1,0,0,0,2번,2020
226,오지환,LG,0.321,336,108,29,4,5,48,28,4,67,3,2번,2020
227,양석환,LG,0.250,4,1,0,0,0,0,0,0,1,0,2번,2020
228,이성우,LG,0.250,4,1,0,0,0,0,0,0,2,1,2번,2020
229,홍창기,LG,0.238,21,5,3,1,0,2,2,0,9,0,2번,2020
230,이형종,LG,0.222,18,4,1,0,1,3,3,1,4,0,2번,2020
231,정근우,LG,0.222,27,6,1,0,0,0,1,2,5,0,2번,2020
232,이천웅,LG,0.125,8,1,0,0,0,0,2,0,1,0,2번,2020
233,구본혁,LG,0.000,8,0,0,0,0,0,0,0,0,0,2번,2020
234,김민성,LG,0.000,1,0,0,0,0,0,0,0,0,0,2번,2020
235,김용의,LG,-,0,0,0,0,0,0,1,0,0,0,2번,2020
236,김호은,LG,0.000,8,0,0,0,0,0,0,0,1,1,2번,2020
237,신민재,LG,0.000,3,0,0,0,0,0,0,0,1,0,2번,2020
238,이재원,LG,0.000,1,0,0,0,0,0,0,0,1,0,2번,2020
239,정주현,LG,0.000,3,0,0,0,0,0,1,0,1,0,2번,2020
240,홍창기,LG,0.500,2,1,0,0,0,0,0,0,1,0,3번,2020
241,김용의,LG,0.333,3,1,0,0,0,1,0,0,0,1,3번,2020
242,김현수,LG,0.319,116,37,7,0,7,28,7,0,9,5,3번,2020
243,채은성,LG,0.305,249,76,7,1,8,62,14,5,44,7,3번,2020
244,이형종,LG,0.277,101,28,4,0,5,15,10,1,20,2,3번,2020
245,라모스,LG,0.264,91,24,5,1,9,24,17,0,31,2,3번,2020
246,박용택,LG,0.190,21,4,0,0,0,2,1,0,2,1,3번,2020
247,김민성,LG,0.000,2,0,0,0,0,0,2,0,1,0,3번,2020
248,백승현,LG,-,0,0,0,0,0,0,1,0,0,0,3번,2020
249,신민재,LG,0.000,2,0,0,0,0,0,0,0,0,0,3번,2020
250,이성우,LG,0.000,2,0,0,0,0,0,0,0,0,1,3번,2020
251,이재원,LG,0.000,2,0,0,0,0,0,0,0,1,0,3번,2020
252,이천웅,LG,0.000,1,0,0,0,0,0,0,0,0,0,3번,2020
253,정근우,LG,0.000,1,0,0,0,0,0,0,0,0,0,3번,2020
254,한석현,LG,-,0,0,0,0,0,0,1,0,0,0,3번,2020
255,백승현,LG,0.5,2,1,0,0,0,0,0,0,0,0,4번,2020
256,채은성,LG,0.35,20,7,2,0,1,3,2,0,2,0,4번,2020
257,김현수,LG,0.318,274,87,13,1,10,62,40,2,30,1,4번,2020
258,라모스,LG,0.298,235,70,11,0,18,43,28,3,70,3,4번,2020
259,김용의,LG,0.273,11,3,0,1,0,2,0,0,2,1,4번,2020
260,김호은,LG,0.0,5,0,0,0,0,0,0,0,1,0,4번,2020
261,박용택,LG,0.0,3,0,0,0,0,1,0,0,1,0,4번,2020
262,이재원,LG,0.0,1,0,0,0,0,0,1,0,1,0,4번,2020
263,이천웅,LG,0.0,1,0,0,0,0,0,0,0,0,1,4번,2020
264,정근우,LG,0.0,1,0,0,0,0,0,0,0,0,0,4번,2020
265,최재원,LG,0.0,3,0,0,0,0,0,0,0,1,1,4번,2020
266,백승현,LG,1.0,1,1,0,0,0,1,0,0,0,0,5번,2020
267,이성우,LG,1.0,1,1,0,0,0,1,0,0,0,0,5번,2020
268,장준원,LG,0.5,2,1,0,0,0,0,0,0,0,1,5번,2020
269,홍창기,LG,0.5,2,1,1,0,0,0,2,0,1,0,5번,2020
270,박용택,LG,0.423,52,22,6,0,0,8,2,0,3,0,5번,2020
271,김용의,LG,0.333,6,2,0,0,0,0,0,0,1,0,5번,2020
272,이형종,LG,0.296,108,32,7,2,7,22,9,3,25,3,5번,2020
273,양석환,LG,0.294,17,5,0,0,1,4,1,1,2,0,5번,2020
274,채은성,LG,0.28,125,35,7,1,6,22,15,4,20,5,5번,2020
275,김민성,LG,0.267,161,43,9,0,3,25,13,1,37,7,5번,2020
276,김호은,LG,0.267,15,4,1,0,1,2,0,0,2,0,5번,2020
277,유강남,LG,0.205,39,8,1,0,1,3,0,2,8,0,5번,2020
278,구본혁,LG,0.2,5,1,0,0,0,1,1,0,1,0,5번,2020
279,라모스,LG,0.1,10,1,0,0,0,0,0,1,3,0,5번,2020
280,정근우,LG,0.1,10,1,0,0,0,0,1,0,3,0,5번,2020
281,손호영,LG,0.0,1,0,0,0,0,0,0,0,0,0,5번,2020
282,신민재,LG,0.0,1,0,0,0,0,0,0,0,0,0,5번,2020
283,정주현,LG,0.0,1,0,0,0,0,0,0,0,0,0,5번,2020
284,장준원,LG,1.0,1,1,0,0,0,0,0,0,0,0,6번,2020
285,박재욱,LG,0.5,2,1,0,0,0,1,0,0,0,0,6번,2020
286,홍창기,LG,0.313,16,5,2,0,0,2,1,1,1,0,6번,2020
287,유강남,LG,0.296,27,8,0,0,1,5,2,0,6,3,6번,2020
288,김민성,LG,0.295,61,18,6,0,1,12,6,1,11,0,6번,2020
289,정근우,LG,0.286,35,10,0,0,1,7,5,0,3,3,6번,2020
290,박용택,LG,0.274,84,23,4,0,0,11,8,0,15,4,6번,2020
291,오지환,LG,0.271,59,16,6,0,1,5,8,0,13,1,6번,2020
292,김용의,LG,0.267,15,4,0,0,0,3,1,0,4,0,6번,2020
293,라모스,LG,0.263,95,25,1,1,11,19,10,0,32,2,6번,2020
294,김호은,LG,0.256,43,11,2,0,1,4,1,1,5,1,6번,2020
295,이천웅,LG,0.209,67,14,4,1,2,7,5,0,13,4,6번,2020
296,채은성,LG,0.176,17,3,1,0,0,0,1,0,2,0,6번,2020
297,양석환,LG,0.133,15,2,0,0,0,1,0,0,1,1,6번,2020
298,구본혁,LG,0.125,8,1,0,0,0,0,0,0,2,0,6번,2020
299,손호영,LG,0.0,1,0,0,0,0,0,0,0,0,1,6번,2020
300,신민재,LG,0.0,1,0,0,0,0,0,0,0,0,0,6번,2020
301,이성우,LG,0.0,1,0,0,0,0,0,1,0,0,0,6번,2020
302,이재원,LG,0.0,1,0,0,0,0,0,0,0,1,0,6번,2020
303,이형종,LG,0.0,1,0,0,0,0,0,0,0,1,0,6번,2020
304,전민수,LG,0.0,1,0,0,0,0,0,0,0,1,0,6번,2020
305,정주현,LG,0.0,2,0,0,0,0,0,0,0,1,0,6번,2020
306,한석현,LG,0.0,1,0,0,0,0,0,0,0,1,0,6번,2020
307,신민재,LG,1.000,2,2,0,0,0,1,1,0,0,0,7번,2020
308,김호은,LG,0.429,7,3,0,0,0,1,2,1,2,0,7번,2020
309,이형종,LG,0.386,44,17,5,0,3,7,5,2,7,1,7번,2020
310,박용택,LG,0.292,24,7,1,0,2,6,2,0,9,1,7번,2020
311,김용의,LG,0.278,18,5,1,0,1,5,1,0,4,0,7번,2020
312,홍창기,LG,0.276,29,8,1,0,1,2,5,0,4,2,7번,2020
313,오지환,LG,0.260,50,13,2,1,2,6,5,4,14,0,7번,2020
314,양석환,LG,0.257,74,19,4,0,2,7,9,1,16,0,7번,2020
315,백승현,LG,0.250,4,1,1,0,0,0,1,0,1,0,7번,2020
316,손호영,LG,0.250,4,1,0,0,0,1,0,0,2,0,7번,2020
317,김민성,LG,0.246,69,17,5,0,1,9,3,2,17,1,7번,2020
318,정근우,LG,0.245,53,13,2,0,0,4,4,0,6,1,7번,2020
319,유강남,LG,0.242,99,24,2,0,6,18,6,3,20,2,7번,2020
320,장준원,LG,0.200,5,1,0,0,0,1,1,0,2,0,7번,2020
321,이성우,LG,0.167,6,1,0,0,0,0,0,0,0,0,7번,2020
322,정주현,LG,0.154,26,4,2,0,0,0,1,0,8,0,7번,2020
323,구본혁,LG,0.111,9,1,0,0,0,0,1,1,4,0,7번,2020
324,박재욱,LG,0.000,2,0,0,0,0,0,0,0,0,1,7번,2020
325,이재원,LG,0.000,1,0,0,0,0,0,1,0,1,0,7번,2020
326,이천웅,LG,-,0,0,0,0,0,0,1,0,0,0,7번,2020
327,전민수,LG,0.000,1,0,0,0,0,0,0,0,1,0,7번,2020
328,채은성,LG,1.0,1,1,0,0,0,1,0,0,0,0,8번,2020
329,손호영,LG,0.5,4,2,0,0,0,0,1,0,1,0,8번,2020
330,정근우,LG,0.429,7,3,0,0,0,0,1,0,2,0,8번,2020
331,홍창기,LG,0.429,7,3,0,0,0,0,5,0,2,0,8번,2020
332,정주현,LG,0.333,45,15,2,1,1,8,4,1,6,0,8번,2020
333,박재욱,LG,0.273,11,3,0,0,0,0,0,1,4,1,8번,2020
334,유강남,LG,0.27,263,71,15,0,8,48,24,8,50,13,8번,2020
335,신민재,LG,0.25,12,3,1,0,0,1,3,0,2,0,8번,2020
336,이성우,LG,0.25,60,15,1,0,3,10,5,0,11,1,8번,2020
337,오지환,LG,0.2,15,3,0,1,0,1,2,0,2,0,8번,2020
338,구본혁,LG,0.182,11,2,0,0,0,1,1,0,3,1,8번,2020
339,박용택,LG,0.182,11,2,0,0,0,1,0,0,0,0,8번,2020
340,김용의,LG,0.167,6,1,0,0,0,0,0,0,2,0,8번,2020
341,양석환,LG,0.143,7,1,0,0,0,0,0,0,5,0,8번,2020
342,김호은,LG,0.125,8,1,0,0,0,0,1,0,0,0,8번,2020
343,백승현,LG,0.125,8,1,0,0,0,0,2,0,3,0,8번,2020
344,장준원,LG,0.095,21,2,0,0,1,2,3,0,2,1,8번,2020
345,이재원,LG,0.071,14,1,0,0,0,0,0,0,6,0,8번,2020
346,이천웅,LG,0.0,2,0,0,0,0,1,0,0,0,0,8번,2020
347,이형종,LG,0.0,1,0,0,0,0,0,0,0,0,0,8번,2020
348,최재원,LG,0.0,1,0,0,0,0,0,0,0,1,0,8번,2020
349,한석현,LG,0.0,1,0,0,0,0,0,0,0,0,0,8번,2020
350,양석환,LG,1.0,1,1,1,0,0,1,0,0,0,0,9번,2020
351,유강남,LG,1.0,1,1,0,0,0,0,0,0,0,0,9번,2020
352,신민재,LG,0.667,3,2,0,0,0,2,0,0,1,0,9번,2020
353,손호영,LG,0.4,20,8,2,0,0,2,0,0,3,1,9번,2020
354,김민성,LG,0.333,3,1,0,0,0,1,0,0,0,0,9번,2020
355,김호은,LG,0.308,13,4,2,0,0,4,3,0,2,0,9번,2020
356,박용택,LG,0.294,17,5,3,0,0,4,2,0,3,1,9번,2020
357,김용의,LG,0.273,11,3,0,0,0,1,0,0,2,0,9번,2020
358,오지환,LG,0.269,67,18,4,1,2,11,2,1,20,0,9번,2020
359,정주현,LG,0.248,250,62,6,3,3,22,23,2,47,6,9번,2020
360,정근우,LG,0.235,17,4,1,0,0,3,4,0,3,0,9번,2020
361,백승현,LG,0.231,13,3,0,0,0,1,0,1,4,0,9번,2020
362,장준원,LG,0.222,27,6,2,0,0,2,2,0,3,0,9번,2020
363,구본혁,LG,0.2,45,9,0,1,1,5,4,1,8,1,9번,2020
364,홍창기,LG,0.2,10,2,0,1,0,1,0,0,2,0,9번,2020
365,이성우,LG,0.0,3,0,0,0,0,0,0,0,1,0,9번,2020
366,이천웅,LG,0.0,2,0,0,0,0,1,0,0,0,0,9번,2020
367,이형종,LG,0.0,2,0,0,0,0,0,0,0,1,0,9번,2020
368,채은성,LG,0.0,2,0,0,0,0,0,0,0,1,0,9번,2020
369,최재원,LG,0.0,1,0,0,0,0,0,0,0,1,0,9번,2020
370,장준원,LG,0.500,4,2,1,0,0,1,0,0,0,0,상위(1~2번),2020
371,박용택,LG,0.400,5,2,1,0,0,2,0,0,1,0,상위(1~2번),2020
372,김현수,LG,0.363,157,57,15,1,5,29,16,0,14,3,상위(1~2번),2020
373,전민수,LG,0.333,3,1,0,0,0,0,1,0,0,0,상위(1~2번),2020
374,오지환,LG,0.321,336,108,29,4,5,48,28,4,67,3,상위(1~2번),2020
375,이천웅,LG,0.276,239,66,7,1,1,27,29,4,31,2,상위(1~2번),2020
376,홍창기,LG,0.275,342,94,25,5,4,34,70,9,76,6,상위(1~2번),2020
377,이형종,LG,0.267,30,8,1,0,2,6,3,1,7,1,상위(1~2번),2020
378,양석환,LG,0.250,4,1,0,0,0,0,0,0,1,0,상위(1~2번),2020
379,이성우,LG,0.250,4,1,0,0,0,0,0,0,2,1,상위(1~2번),2020
380,신민재,LG,0.200,5,1,0,0,0,1,0,0,1,1,상위(1~2번),2020
381,정근우,LG,0.200,30,6,1,0,0,0,2,2,6,0,상위(1~2번),2020
382,김호은,LG,0.167,12,2,0,0,0,0,0,0,2,1,상위(1~2번),2020
383,구본혁,LG,0.000,8,0,0,0,0,0,0,0,0,0,상위(1~2번),2020
384,김민성,LG,0.000,1,0,0,0,0,0,0,0,0,0,상위(1~2번),2020
385,김용의,LG,-,0,0,0,0,0,0,1,0,0,0,상위(1~2번),2020
386,이재원,LG,0.000,1,0,0,0,0,0,0,0,1,0,상위(1~2번),2020
387,정주현,LG,0.000,4,0,0,0,0,0,1,0,1,0,상위(1~2번),2020
388,채은성,LG,0.000,2,0,0,0,0,0,0,0,0,0,상위(1~2번),2020
389,최재원,LG,0.000,1,0,0,0,0,0,0,0,1,0,상위(1~2번),2020
390,백승현,LG,0.667,3,2,0,0,0,1,1,0,0,0,중심(3~5번),2020
391,장준원,LG,0.500,2,1,0,0,0,0,0,0,0,1,중심(3~5번),2020
392,홍창기,LG,0.500,4,2,1,0,0,0,2,0,2,0,중심(3~5번),2020
393,박용택,LG,0.342,76,26,6,0,0,11,3,0,6,1,중심(3~5번),2020
394,이성우,LG,0.333,3,1,0,0,0,1,0,0,0,1,중심(3~5번),2020
395,김현수,LG,0.318,390,124,20,1,17,90,47,2,39,6,중심(3~5번),2020
396,김용의,LG,0.300,20,6,0,1,0,3,0,0,3,2,중심(3~5번),2020
397,채은성,LG,0.299,394,118,16,2,15,87,31,9,66,12,중심(3~5번),2020
398,양석환,LG,0.294,17,5,0,0,1,4,1,1,2,0,중심(3~5번),2020
399,이형종,LG,0.287,209,60,11,2,12,37,19,4,45,5,중심(3~5번),2020
400,라모스,LG,0.283,336,95,16,1,27,67,45,4,104,5,중심(3~5번),2020
401,김민성,LG,0.264,163,43,9,0,3,25,15,1,38,7,중심(3~5번),2020
402,유강남,LG,0.205,39,8,1,0,1,3,0,2,8,0,중심(3~5번),2020
403,구본혁,LG,0.200,5,1,0,0,0,1,1,0,1,0,중심(3~5번),2020
404,김호은,LG,0.200,20,4,1,0,1,2,0,0,3,0,중심(3~5번),2020
405,정근우,LG,0.083,12,1,0,0,0,0,1,0,3,0,중심(3~5번),2020
406,손호영,LG,0.000,1,0,0,0,0,0,0,0,0,0,중심(3~5번),2020
407,신민재,LG,0.000,3,0,0,0,0,0,0,0,0,0,중심(3~5번),2020
408,이재원,LG,0.000,3,0,0,0,0,0,1,0,2,0,중심(3~5번),2020
409,이천웅,LG,0.000,2,0,0,0,0,0,0,0,0,1,중심(3~5번),2020
410,정주현,LG,0.000,1,0,0,0,0,0,0,0,0,0,중심(3~5번),2020
411,최재원,LG,0.000,3,0,0,0,0,0,0,0,1,1,중심(3~5번),2020
412,한석현,LG,-,0,0,0,0,0,0,1,0,0,0,중심(3~5번),2020
413,신민재,LG,0.389,18,7,1,0,0,4,4,0,3,0,하위(6~9번),2020
414,손호영,LG,0.379,29,11,2,0,0,3,1,0,6,2,하위(6~9번),2020
415,이형종,LG,0.354,48,17,5,0,3,7,5,2,9,1,하위(6~9번),2020
416,홍창기,LG,0.29,62,18,3,1,1,5,11,1,9,2,하위(6~9번),2020
417,박용택,LG,0.272,136,37,8,0,2,22,12,0,27,6,하위(6~9번),2020
418,김민성,LG,0.271,133,36,11,0,2,22,9,3,28,1,하위(6~9번),2020
419,정근우,LG,0.268,112,30,3,0,1,14,14,0,14,4,하위(6~9번),2020
420,김호은,LG,0.268,71,19,4,0,1,9,7,2,9,1,하위(6~9번),2020
421,박재욱,LG,0.267,15,4,0,0,0,1,0,1,4,2,하위(6~9번),2020
422,유강남,LG,0.267,390,104,17,0,15,71,32,11,76,18,하위(6~9번),2020
423,라모스,LG,0.263,95,25,1,1,11,19,10,0,32,2,하위(6~9번),2020
424,오지환,LG,0.262,191,50,12,3,5,23,17,5,49,1,하위(6~9번),2020
425,김용의,LG,0.26,50,13,1,0,1,9,2,0,12,0,하위(6~9번),2020
426,정주현,LG,0.251,323,81,10,4,4,30,28,3,62,6,하위(6~9번),2020
427,양석환,LG,0.237,97,23,5,0,2,9,9,1,22,1,하위(6~9번),2020
428,이성우,LG,0.229,70,16,1,0,3,10,6,0,12,1,하위(6~9번),2020
429,백승현,LG,0.2,25,5,1,0,0,1,3,1,8,0,하위(6~9번),2020
430,채은성,LG,0.2,20,4,1,0,0,1,1,0,3,0,하위(6~9번),2020
431,이천웅,LG,0.197,71,14,4,1,2,9,6,0,13,4,하위(6~9번),2020
432,장준원,LG,0.185,54,10,2,0,1,5,6,0,7,1,하위(6~9번),2020
433,구본혁,LG,0.178,73,13,0,1,1,6,6,2,17,2,하위(6~9번),2020
434,이재원,LG,0.063,16,1,0,0,0,0,1,0,8,0,하위(6~9번),2020
435,전민수,LG,0.0,2,0,0,0,0,0,0,0,2,0,하위(6~9번),2020
436,최재원,LG,0.0,2,0,0,0,0,0,0,0,2,0,하위(6~9번),2020
437,한석현,LG,0.0,2,0,0,0,0,0,0,0,1,0,하위(6~9번),2020
438,양의지,NC,1.0,2,2,0,0,0,2,0,0,0,0,1번,2020
439,김찬형,NC,0.5,2,1,0,0,0,0,0,0,0,0,1번,2020
440,지석훈,NC,0.5,2,1,0,0,0,0,0,1,0,1,1번,2020
441,이재율,NC,0.4,5,2,0,0,0,0,0,0,1,1,1번,2020
442,박민우,NC,0.329,325,107,22,2,4,30,26,8,31,8,1번,2020
443,이명기,NC,0.305,203,62,7,2,0,19,26,1,32,2,1번,2020
444,권희동,NC,0.25,4,1,0,0,0,0,3,0,0,0,1번,2020
445,모창민,NC,0.2,5,1,0,0,0,0,0,0,3,0,1번,2020
446,김준완,NC,0.182,11,2,1,0,0,1,2,0,2,0,1번,2020
447,김성욱,NC,0.146,41,6,0,1,3,9,3,1,7,0,1번,2020
448,이상호,NC,0.143,14,2,0,0,0,0,0,0,2,1,1번,2020
449,강진성,NC,0.0,1,0,0,0,0,0,0,0,1,0,1번,2020
450,박준영,NC,0.0,1,0,0,0,0,0,0,0,1,0,1번,2020
451,이원재,NC,0.0,1,0,0,0,0,0,0,0,0,0,1번,2020
452,최정원,NC,0.0,3,0,0,0,0,0,1,0,2,1,1번,2020
453,김태군,NC,1.0,1,1,0,0,0,0,0,0,0,0,2번,2020
454,이재율,NC,1.0,1,1,0,0,0,1,1,0,0,0,2번,2020
455,박석민,NC,0.5,2,1,0,0,0,0,0,0,0,0,2번,2020
456,모창민,NC,0.429,7,3,0,0,0,1,1,0,1,0,2번,2020
457,강진성,NC,0.364,11,4,1,0,1,4,0,0,2,1,2번,2020
458,이명기,NC,0.31,242,75,11,1,2,24,22,3,37,4,2번,2020
459,박민우,NC,0.273,11,3,0,0,0,2,1,0,2,0,2번,2020
460,최정원,NC,0.273,22,6,0,1,0,1,3,0,5,0,2번,2020
461,나성범,NC,0.25,24,6,1,0,1,4,1,1,8,0,2번,2020
462,김성욱,NC,0.233,43,10,0,0,1,3,4,2,8,0,2번,2020
463,권희동,NC,0.217,143,31,7,0,5,17,33,6,33,1,2번,2020
464,김준완,NC,0.214,28,6,0,0,1,3,3,0,4,1,2번,2020
465,알테어,NC,0.2,35,7,1,0,2,4,2,0,15,1,2번,2020
466,이상호,NC,0.125,8,1,0,0,0,0,0,0,1,0,2번,2020
467,이원재,NC,0.125,8,1,0,0,0,3,1,0,1,0,2번,2020
468,김기환,NC,0.0,1,0,0,0,0,0,0,0,0,0,2번,2020
469,노진혁,NC,0.0,3,0,0,0,0,0,0,0,0,1,2번,2020
470,서호철,NC,0.0,6,0,0,0,0,0,0,0,2,0,2번,2020
471,지석훈,NC,0.0,1,0,0,0,0,0,0,0,1,0,2번,2020
472,김형준,NC,1.000,1,1,0,0,1,3,1,0,0,0,3번,2020
473,모창민,NC,0.500,2,1,0,0,0,0,1,0,1,0,3번,2020
474,박민우,NC,0.383,128,49,4,3,4,29,9,7,14,4,3번,2020
475,나성범,NC,0.322,395,127,26,2,29,90,39,7,112,6,3번,2020
476,알테어,NC,0.308,13,4,0,0,0,2,2,0,5,1,3번,2020
477,권희동,NC,0.250,8,2,0,0,0,1,2,0,1,0,3번,2020
478,최정원,NC,0.250,8,2,0,0,0,0,0,0,3,0,3번,2020
479,박석민,NC,0.167,6,1,0,0,0,0,1,0,0,0,3번,2020
480,강진성,NC,0.160,25,4,0,0,1,3,0,0,5,0,3번,2020
481,김성욱,NC,0.000,6,0,0,0,0,0,1,0,2,0,3번,2020
482,김찬형,NC,0.000,1,0,0,0,0,0,0,0,0,0,3번,2020
483,김태군,NC,-,0,0,0,0,0,0,1,0,0,0,3번,2020
484,노진혁,NC,0.000,1,0,0,0,0,0,0,0,0,0,3번,2020
485,박준영,NC,0.000,1,0,0,0,0,0,0,0,0,0,3번,2020
486,이명기,NC,-,0,0,0,0,0,0,1,0,0,0,3번,2020
487,이상호,NC,0.000,2,0,0,0,0,0,0,0,0,0,3번,2020
488,이원재,NC,0.000,1,0,0,0,0,0,1,0,1,0,3번,2020
489,지석훈,NC,0.000,1,0,0,0,0,0,0,0,0,0,3번,2020
490,이명기,NC,1.0,2,2,0,0,0,1,1,0,0,0,4번,2020
491,나성범,NC,0.333,24,8,2,0,2,7,2,0,3,0,4번,2020
492,양의지,NC,0.329,432,142,26,1,30,112,42,13,45,10,4번,2020
493,김형준,NC,0.25,12,3,0,0,1,1,4,0,4,0,4번,2020
494,박석민,NC,0.25,16,4,0,0,1,2,2,1,4,0,4번,2020
495,김태군,NC,0.231,13,3,1,0,0,1,0,1,4,0,4번,2020
496,강진성,NC,0.208,24,5,1,0,1,7,2,0,3,0,4번,2020
497,알테어,NC,0.196,51,10,0,0,1,7,3,1,17,1,4번,2020
498,권희동,NC,0.0,2,0,0,0,0,0,0,0,0,0,4번,2020
499,모창민,NC,0.0,2,0,0,0,0,0,0,1,0,0,4번,2020
500,박준영,NC,0.0,1,0,0,0,0,0,0,0,0,0,4번,2020
501,윤수강,NC,0.0,1,0,0,0,0,0,0,0,1,0,4번,2020
502,이상호,NC,0.0,1,0,0,0,0,0,0,0,1,0,4번,2020
503,지석훈,NC,0.0,2,0,0,0,0,0,0,0,2,0,4번,2020
504,이재율,NC,0.500,2,1,1,0,0,2,0,0,0,0,5번,2020
505,권희동,NC,0.375,16,6,0,0,1,4,1,2,1,0,5번,2020
506,나성범,NC,0.338,80,27,6,0,2,11,7,1,25,0,5번,2020
507,양의지,NC,0.313,16,5,0,0,2,7,3,1,2,1,5번,2020
508,이원재,NC,0.296,27,8,3,0,1,3,2,0,7,0,5번,2020
509,모창민,NC,0.292,24,7,1,0,1,2,0,0,3,2,5번,2020
510,박석민,NC,0.287,174,50,7,0,7,29,40,4,32,4,5번,2020
511,강진성,NC,0.282,124,35,11,0,3,11,5,3,15,6,5번,2020
512,알테어,NC,0.271,59,16,3,2,2,11,3,1,23,2,5번,2020
513,노진혁,NC,0.200,10,2,0,0,0,0,0,0,3,0,5번,2020
514,김성욱,NC,0.000,1,0,0,0,0,0,0,0,0,0,5번,2020
515,김준완,NC,0.000,2,0,0,0,0,0,1,0,0,0,5번,2020
516,김찬형,NC,0.000,1,0,0,0,0,0,0,0,1,0,5번,2020
517,김태군,NC,0.000,2,0,0,0,0,0,0,0,0,0,5번,2020
518,도태훈,NC,0.000,4,0,0,0,0,0,0,0,1,0,5번,2020
519,박준영,NC,0.000,1,0,0,0,0,0,0,0,1,0,5번,2020
520,이상호,NC,0.000,2,0,0,0,0,0,0,0,0,0,5번,2020
521,지석훈,NC,0.000,3,0,0,0,0,0,0,0,1,0,5번,2020
522,최정원,NC,-,0,0,0,0,0,0,1,0,0,0,5번,2020
523,김형준,NC,1.000,1,1,0,0,0,0,0,0,0,0,6번,2020
524,최정원,NC,0.500,2,1,1,0,0,1,0,0,0,0,6번,2020
525,권희동,NC,0.365,52,19,2,0,5,14,6,1,7,5,6번,2020
526,강진성,NC,0.351,74,26,2,0,3,14,6,2,11,1,6번,2020
527,박석민,NC,0.339,124,42,8,0,5,24,27,2,20,6,6번,2020
528,김찬형,NC,0.333,6,2,1,0,0,0,0,0,1,0,6번,2020
529,노진혁,NC,0.302,199,60,14,2,6,38,24,4,58,1,6번,2020
530,김성욱,NC,0.250,4,1,0,0,0,0,0,0,1,0,6번,2020
531,모창민,NC,0.240,25,6,3,0,1,2,1,0,4,1,6번,2020
532,알테어,NC,0.231,13,3,1,0,1,3,2,1,5,0,6번,2020
533,이원재,NC,0.222,18,4,1,0,1,1,1,0,5,1,6번,2020
534,박준영,NC,0.200,10,2,1,0,0,2,0,0,1,0,6번,2020
535,이상호,NC,0.143,7,1,0,0,0,2,1,0,0,1,6번,2020
536,김태군,NC,-,0,0,0,0,0,0,0,0,0,0,6번,2020
537,윤수강,NC,0.000,1,0,0,0,0,0,0,0,0,0,6번,2020
538,이명기,NC,0.000,2,0,0,0,0,0,0,0,0,0,6번,2020
539,지석훈,NC,0.000,3,0,0,0,0,0,1,0,2,1,6번,2020
540,김기환,NC,1.0,1,1,1,0,0,0,0,0,0,0,7번,2020
541,양의지,NC,1.0,1,1,0,0,0,2,0,0,0,0,7번,2020
542,최정원,NC,1.0,1,1,1,0,0,0,0,0,0,0,7번,2020
543,김태군,NC,0.5,2,1,0,0,0,0,0,0,0,0,7번,2020
544,강진성,NC,0.395,81,32,7,0,2,24,5,2,5,1,7번,2020
545,이원재,NC,0.357,28,10,0,1,2,6,3,0,6,2,7번,2020
546,모창민,NC,0.348,46,16,2,2,0,7,4,0,6,2,7번,2020
547,박준영,NC,0.333,3,1,0,0,0,0,0,0,1,1,7번,2020
548,김찬형,NC,0.286,7,2,1,0,0,2,0,0,0,0,7번,2020
549,노진혁,NC,0.272,162,44,6,1,11,38,20,1,35,4,7번,2020
550,알테어,NC,0.262,107,28,2,1,8,28,12,2,29,1,7번,2020
551,박석민,NC,0.25,20,5,0,0,0,4,4,2,4,1,7번,2020
552,이명기,NC,0.25,4,1,0,0,0,0,0,0,1,0,7번,2020
553,김성욱,NC,0.179,28,5,0,0,1,2,2,0,6,0,7번,2020
554,이상호,NC,0.167,12,2,0,0,0,0,1,0,0,0,7번,2020
555,권희동,NC,0.143,28,4,1,0,1,3,2,1,8,0,7번,2020
556,김형준,NC,0.0,3,0,0,0,0,0,0,0,0,0,7번,2020
557,박민우,NC,0.0,1,0,0,0,0,0,0,0,1,0,7번,2020
558,유영준,NC,0.0,2,0,0,0,0,0,0,0,0,0,7번,2020
559,윤수강,NC,0.0,1,0,0,0,0,0,0,0,1,0,7번,2020
560,지석훈,NC,0.0,5,0,0,0,0,0,0,0,2,1,7번,2020
561,김준완,NC,1.000,1,1,0,0,0,0,0,0,0,0,8번,2020
562,나성범,NC,1.000,2,2,2,0,0,0,0,0,0,0,8번,2020
563,윤수강,NC,1.000,1,1,0,0,0,0,0,0,0,0,8번,2020
564,박석민,NC,0.800,5,4,0,0,1,3,0,0,1,0,8번,2020
565,권희동,NC,0.389,18,7,2,0,0,3,3,1,3,0,8번,2020
566,김찬형,NC,0.385,13,5,2,0,0,2,2,1,2,0,8번,2020
567,김형준,NC,0.333,18,6,0,0,0,0,0,0,4,0,8번,2020
568,모창민,NC,0.333,21,7,4,0,0,1,1,0,3,0,8번,2020
569,이명기,NC,0.333,6,2,0,0,0,1,0,0,2,0,8번,2020
570,최정원,NC,0.333,3,1,1,0,0,0,1,0,2,0,8번,2020
571,알테어,NC,0.325,200,65,13,4,17,52,22,7,55,4,8번,2020
572,김태군,NC,0.294,68,20,5,0,1,14,3,2,9,3,8번,2020
573,강진성,NC,0.250,36,9,2,0,1,6,2,0,1,2,8번,2020
574,노진혁,NC,0.250,36,9,1,0,3,6,4,0,4,2,8번,2020
575,이상호,NC,0.250,4,1,1,0,0,2,0,0,1,0,8번,2020
576,이원재,NC,0.185,27,5,1,1,0,2,2,0,4,0,8번,2020
577,김성욱,NC,0.150,20,3,2,0,1,2,3,0,9,0,8번,2020
578,박준영,NC,0.143,7,1,1,0,0,1,0,0,4,0,8번,2020
579,지석훈,NC,0.077,13,1,0,0,0,1,2,0,2,0,8번,2020
580,도태훈,NC,-,0,0,0,0,0,0,1,0,0,0,8번,2020
581,박민우,NC,-,0,0,0,0,0,1,0,0,0,0,8번,2020
582,양의지,NC,0.000,6,0,0,0,0,0,1,0,0,0,8번,2020
583,이재율,NC,0.000,1,0,0,0,0,0,0,0,0,0,8번,2020
584,박민우,NC,1.0,2,2,1,0,0,1,0,0,0,0,9번,2020
585,강진성,NC,0.368,19,7,1,0,0,1,0,2,3,0,9번,2020
586,김성욱,NC,0.346,52,18,2,0,2,10,4,1,7,0,9번,2020
587,김형준,NC,0.297,37,11,1,0,1,7,5,0,13,1,9번,2020
588,김태군,NC,0.296,27,8,0,0,0,3,2,1,1,0,9번,2020
589,도태훈,NC,0.286,7,2,0,0,0,1,1,0,2,0,9번,2020
590,이원재,NC,0.273,22,6,0,0,0,2,1,0,2,0,9번,2020
591,권희동,NC,0.267,75,20,4,0,0,8,8,0,19,0,9번,2020
592,김찬형,NC,0.265,34,9,2,0,0,3,2,0,7,0,9번,2020
593,지석훈,NC,0.253,91,23,8,0,1,11,12,1,23,1,9번,2020
594,알테어,NC,0.25,4,1,0,0,0,1,0,0,0,0,9번,2020
595,양의지,NC,0.25,4,1,0,0,1,1,0,0,0,0,9번,2020
596,박석민,NC,0.222,9,2,0,0,0,1,1,1,1,0,9번,2020
597,이명기,NC,0.222,18,4,0,0,0,0,0,0,6,0,9번,2020
598,김준완,NC,0.217,23,5,0,0,0,1,4,0,3,2,9번,2020
599,박준영,NC,0.136,22,3,2,0,0,0,2,3,9,1,9번,2020
600,노진혁,NC,0.125,16,2,1,0,0,0,1,0,6,0,9번,2020
601,이상호,NC,0.091,11,1,0,0,0,0,1,0,0,0,9번,2020
602,모창민,NC,0.0,4,0,0,0,0,0,0,0,1,0,9번,2020
603,박시원,NC,0.0,1,0,0,0,0,0,0,0,0,0,9번,2020
604,서호철,NC,0.0,2,0,0,0,0,0,0,0,0,0,9번,2020
605,유영준,NC,0.0,1,0,0,0,0,0,0,0,0,0,9번,2020
606,최정원,NC,0.0,1,0,0,0,0,0,1,0,1,0,9번,2020
607,김태군,NC,1.0,1,1,0,0,0,0,0,0,0,0,상위(1~2번),2020
608,양의지,NC,1.0,2,2,0,0,0,2,0,0,0,0,상위(1~2번),2020
609,김찬형,NC,0.5,2,1,0,0,0,0,0,0,0,0,상위(1~2번),2020
610,박석민,NC,0.5,2,1,0,0,0,0,0,0,0,0,상위(1~2번),2020
611,이재율,NC,0.5,6,3,0,0,0,1,1,0,1,1,상위(1~2번),2020
612,강진성,NC,0.333,12,4,1,0,1,4,0,0,3,1,상위(1~2번),2020
613,모창민,NC,0.333,12,4,0,0,0,1,1,0,4,0,상위(1~2번),2020
614,지석훈,NC,0.333,3,1,0,0,0,0,0,1,1,1,상위(1~2번),2020
615,박민우,NC,0.327,336,110,22,2,4,32,27,8,33,8,상위(1~2번),2020
616,이명기,NC,0.308,445,137,18,3,2,43,48,4,69,6,상위(1~2번),2020
617,나성범,NC,0.25,24,6,1,0,1,4,1,1,8,0,상위(1~2번),2020
618,최정원,NC,0.24,25,6,0,1,0,1,4,0,7,1,상위(1~2번),2020
619,권희동,NC,0.218,147,32,7,0,5,17,36,6,33,1,상위(1~2번),2020
620,김준완,NC,0.205,39,8,1,0,1,4,5,0,6,1,상위(1~2번),2020
621,알테어,NC,0.2,35,7,1,0,2,4,2,0,15,1,상위(1~2번),2020
622,김성욱,NC,0.19,84,16,0,1,4,12,7,3,15,0,상위(1~2번),2020
623,이상호,NC,0.136,22,3,0,0,0,0,0,0,3,1,상위(1~2번),2020
624,이원재,NC,0.111,9,1,0,0,0,3,1,0,1,0,상위(1~2번),2020
625,김기환,NC,0.0,1,0,0,0,0,0,0,0,0,0,상위(1~2번),2020
626,노진혁,NC,0.0,3,0,0,0,0,0,0,0,0,1,상위(1~2번),2020
627,박준영,NC,0.0,1,0,0,0,0,0,0,0,1,0,상위(1~2번),2020
628,서호철,NC,0.0,6,0,0,0,0,0,0,0,2,0,상위(1~2번),2020
629,이명기,NC,1.0,2,2,0,0,0,1,2,0,0,0,중심(3~5번),2020
630,이재율,NC,0.5,2,1,1,0,0,2,0,0,0,0,중심(3~5번),2020
631,박민우,NC,0.383,128,49,4,3,4,29,9,7,14,4,중심(3~5번),2020
632,양의지,NC,0.328,448,147,26,1,32,119,45,14,47,11,중심(3~5번),2020
633,나성범,NC,0.325,499,162,34,2,33,108,48,8,140,6,중심(3~5번),2020
634,권희동,NC,0.308,26,8,0,0,1,5,3,2,2,0,중심(3~5번),2020
635,김형준,NC,0.308,13,4,0,0,2,4,5,0,4,0,중심(3~5번),2020
636,모창민,NC,0.286,28,8,1,0,1,2,1,1,4,2,중심(3~5번),2020
637,이원재,NC,0.286,28,8,3,0,1,3,3,0,8,0,중심(3~5번),2020
638,박석민,NC,0.281,196,55,7,0,8,31,43,5,36,4,중심(3~5번),2020
639,강진성,NC,0.254,173,44,12,0,5,21,7,3,23,6,중심(3~5번),2020
640,최정원,NC,0.25,8,2,0,0,0,0,1,0,3,0,중심(3~5번),2020
641,알테어,NC,0.244,123,30,3,2,3,20,8,2,45,4,중심(3~5번),2020
642,김태군,NC,0.2,15,3,1,0,0,1,1,1,4,0,중심(3~5번),2020
643,노진혁,NC,0.182,11,2,0,0,0,0,0,0,3,0,중심(3~5번),2020
644,김성욱,NC,0.0,7,0,0,0,0,0,1,0,2,0,중심(3~5번),2020
645,김준완,NC,0.0,2,0,0,0,0,0,1,0,0,0,중심(3~5번),2020
646,김찬형,NC,0.0,2,0,0,0,0,0,0,0,1,0,중심(3~5번),2020
647,도태훈,NC,0.0,4,0,0,0,0,0,0,0,1,0,중심(3~5번),2020
648,박준영,NC,0.0,3,0,0,0,0,0,0,0,1,0,중심(3~5번),2020
649,윤수강,NC,0.0,1,0,0,0,0,0,0,0,1,0,중심(3~5번),2020
650,이상호,NC,0.0,5,0,0,0,0,0,0,0,1,0,중심(3~5번),2020
651,지석훈,NC,0.0,6,0,0,0,0,0,0,0,3,0,중심(3~5번),2020
652,김기환,NC,1.0,1,1,1,0,0,0,0,0,0,0,하위(6~9번),2020
653,나성범,NC,1.0,2,2,2,0,0,0,0,0,0,0,하위(6~9번),2020
654,박민우,NC,0.667,3,2,1,0,0,2,0,0,1,0,하위(6~9번),2020
655,최정원,NC,0.429,7,3,3,0,0,1,2,0,3,0,하위(6~9번),2020
656,강진성,NC,0.352,210,74,12,0,6,45,13,6,20,4,하위(6~9번),2020
657,박석민,NC,0.335,158,53,8,0,6,32,32,5,26,7,하위(6~9번),2020
658,윤수강,NC,0.333,3,1,0,0,0,0,0,0,1,0,하위(6~9번),2020
659,김형준,NC,0.305,59,18,1,0,1,7,5,0,17,1,하위(6~9번),2020
660,모창민,NC,0.302,96,29,9,2,1,10,6,0,14,3,하위(6~9번),2020
661,김찬형,NC,0.3,60,18,6,0,0,7,4,1,10,0,하위(6~9번),2020
662,알테어,NC,0.299,324,97,16,5,26,84,36,10,89,5,하위(6~9번),2020
663,김태군,NC,0.299,97,29,5,0,1,17,5,3,10,3,하위(6~9번),2020
664,권희동,NC,0.289,173,50,9,0,6,28,19,3,37,5,하위(6~9번),2020
665,도태훈,NC,0.286,7,2,0,0,0,1,2,0,2,0,하위(6~9번),2020
666,노진혁,NC,0.278,413,115,22,3,20,82,49,5,103,7,하위(6~9번),2020
667,이원재,NC,0.263,95,25,2,2,3,11,7,0,17,3,하위(6~9번),2020
668,김성욱,NC,0.26,104,27,4,0,4,14,9,1,23,0,하위(6~9번),2020
669,김준완,NC,0.25,24,6,0,0,0,1,4,0,3,2,하위(6~9번),2020
670,이명기,NC,0.233,30,7,0,0,0,1,0,0,9,0,하위(6~9번),2020
671,지석훈,NC,0.214,112,24,8,0,1,12,15,1,29,3,하위(6~9번),2020
672,양의지,NC,0.182,11,2,0,0,1,3,1,0,0,0,하위(6~9번),2020
673,박준영,NC,0.167,42,7,4,0,0,3,2,3,15,2,하위(6~9번),2020
674,이상호,NC,0.147,34,5,1,0,0,4,3,0,1,1,하위(6~9번),2020
675,박시원,NC,0.0,1,0,0,0,0,0,0,0,0,0,하위(6~9번),2020
676,서호철,NC,0.0,2,0,0,0,0,0,0,0,0,0,하위(6~9번),2020
677,유영준,NC,0.0,3,0,0,0,0,0,0,0,0,0,하위(6~9번),2020
678,이재율,NC,0.0,1,0,0,0,0,0,0,0,0,0,하위(6~9번),2020
679,권민석,두산,1.000,1,1,0,0,0,0,0,0,0,0,1번,2020
680,이유찬,두산,0.400,5,2,0,0,0,1,2,0,0,0,1번,2020
681,허경민,두산,0.394,94,37,11,0,0,14,10,2,6,1,1번,2020
682,안권수,두산,0.294,17,5,0,0,0,1,2,0,1,1,1번,2020
683,박건우,두산,0.291,385,112,33,0,10,45,33,9,47,6,1번,2020
684,국해성,두산,0.250,4,1,0,0,0,1,1,0,1,0,1번,2020
685,양찬열,두산,0.250,4,1,0,0,0,0,0,0,0,0,1번,2020
686,정수빈,두산,0.228,92,21,1,3,1,7,13,1,11,1,1번,2020
687,백동훈,두산,0.200,5,1,0,0,0,0,1,1,2,0,1번,2020
688,김인태,두산,0.000,4,0,0,0,0,0,2,0,1,0,1번,2020
689,서예일,두산,0.000,1,0,0,0,0,0,0,0,1,0,1번,2020
690,오명진,두산,0.000,1,0,0,0,0,0,0,0,0,0,1번,2020
691,오재원,두산,0.000,1,0,0,0,0,0,0,0,0,1,1번,2020
692,오재일,두산,0.000,1,0,0,0,0,0,0,0,1,0,1번,2020
693,조수행,두산,0.000,2,0,0,0,0,0,0,0,0,0,1번,2020
694,최용제,두산,0.000,1,0,0,0,0,0,0,0,0,0,1번,2020
695,권민석,두산,1.000,2,2,0,0,0,1,0,0,0,0,2번,2020
696,박세혁,두산,0.500,2,1,0,0,0,1,0,0,0,0,2번,2020
697,이유찬,두산,0.500,2,1,0,0,0,1,0,0,0,0,2번,2020
698,페르난데스,두산,0.347,429,149,23,0,17,80,46,9,34,20,2번,2020
699,정수빈,두산,0.310,71,22,3,0,0,4,10,0,6,4,2번,2020
700,최주환,두산,0.290,69,20,3,0,1,12,5,2,6,0,2번,2020
701,허경민,두산,0.250,4,1,1,0,0,0,0,0,0,0,2번,2020
702,오재원,두산,0.222,9,2,1,0,0,0,1,0,1,0,2번,2020
703,김인태,두산,0.167,6,1,1,0,0,1,0,0,0,0,2번,2020
704,백동훈,두산,0.000,2,0,0,0,0,0,0,0,0,0,2번,2020
705,서예일,두산,0.000,4,0,0,0,0,0,1,0,1,0,2번,2020
706,안권수,두산,0.000,1,0,0,0,0,1,0,0,0,0,2번,2020
707,국해성,두산,1.000,1,1,0,0,1,2,0,0,0,0,3번,2020
708,김재환,두산,1.000,1,1,0,0,0,0,0,0,0,0,3번,2020
709,박건우,두산,0.387,31,12,4,0,1,11,3,0,7,0,3번,2020
710,오재일,두산,0.330,312,103,22,0,15,66,36,0,63,6,3번,2020
711,페르난데스,두산,0.328,122,40,4,0,4,25,10,3,7,3,3번,2020
712,최주환,두산,0.299,107,32,6,2,5,21,15,1,14,2,3번,2020
713,권민석,두산,0.000,1,0,0,0,0,0,0,0,1,0,3번,2020
714,김인태,두산,0.000,3,0,0,0,0,1,2,0,1,0,3번,2020
715,박지훈,두산,0.000,1,0,0,0,0,0,0,0,1,0,3번,2020
716,백동훈,두산,0.000,2,0,0,0,0,0,0,0,1,0,3번,2020
717,신성현,두산,0.000,2,0,0,0,0,0,2,0,2,0,3번,2020
718,안권수,두산,0.000,1,0,0,0,0,0,0,0,0,0,3번,2020
719,양찬열,두산,0.000,1,0,0,0,0,0,0,0,0,0,3번,2020
720,오명진,두산,0.000,1,0,0,0,0,0,0,0,0,0,3번,2020
721,오재원,두산,0.000,3,0,0,0,0,0,0,0,3,0,3번,2020
722,이유찬,두산,0.000,4,0,0,0,0,0,0,0,1,0,3번,2020
723,신성현,두산,1.000,1,1,1,0,0,0,0,0,0,0,4번,2020
724,조수행,두산,1.000,1,1,0,0,0,0,0,0,0,0,4번,2020
725,백동훈,두산,0.333,3,1,0,0,0,0,0,0,1,0,4번,2020
726,이유찬,두산,0.333,3,1,0,0,0,1,0,0,1,0,4번,2020
727,김인태,두산,0.300,10,3,0,0,0,3,1,0,1,0,4번,2020
728,김재환,두산,0.267,487,130,25,1,28,108,87,0,150,14,4번,2020
729,페르난데스,두산,0.250,12,3,0,0,0,0,1,0,0,2,4번,2020
730,안권수,두산,0.200,5,1,0,0,0,0,0,0,1,0,4번,2020
731,오재일,두산,0.200,30,6,1,0,0,4,5,0,6,0,4번,2020
732,국해성,두산,0.000,1,0,0,0,0,0,0,0,1,0,4번,2020
733,서예일,두산,0.000,1,0,0,0,0,0,0,0,0,0,4번,2020
734,오재원,두산,0.000,2,0,0,0,0,0,0,0,0,1,4번,2020
735,최용제,두산,-,0,0,0,0,0,0,1,0,0,0,4번,2020
736,최주환,두산,0.000,4,0,0,0,0,0,0,0,1,1,4번,2020
737,안권수,두산,1.000,1,1,0,0,0,0,0,0,0,0,5번,2020
738,이유찬,두산,0.571,7,4,0,1,0,1,1,0,1,0,5번,2020
739,허경민,두산,0.368,38,14,1,0,0,4,4,0,3,1,5번,2020
740,오재원,두산,0.319,47,15,1,0,3,12,4,0,17,0,5번,2020
741,오재일,두산,0.305,105,32,6,0,0,14,16,0,18,5,5번,2020
742,페르난데스,두산,0.304,23,7,2,0,0,0,1,1,1,1,5번,2020
743,최주환,두산,0.303,284,86,18,2,9,47,25,4,40,3,5번,2020
744,김재호,두산,0.261,23,6,2,0,0,2,4,0,5,1,5번,2020
745,박세혁,두산,0.250,4,1,0,0,0,0,1,0,1,0,5번,2020
746,김재환,두산,0.235,17,4,0,0,1,3,2,1,3,0,5번,2020
747,국해성,두산,0.167,6,1,0,0,1,3,0,0,1,0,5번,2020
748,박건우,두산,0.125,8,1,0,0,0,0,1,0,4,1,5번,2020
749,권민석,두산,0.000,1,0,0,0,0,0,0,0,1,0,5번,2020
750,김인태,두산,0.000,1,0,0,0,0,0,1,0,0,0,5번,2020
751,서예일,두산,0.000,3,0,0,0,0,0,0,0,1,0,5번,2020
752,오명진,두산,0.000,1,0,0,0,0,0,0,0,1,0,5번,2020
753,서예일,두산,1.000,1,1,0,0,0,1,1,0,0,0,6번,2020
754,김인태,두산,0.500,2,1,0,0,0,2,0,0,0,0,6번,2020
755,이유찬,두산,0.500,4,2,0,0,0,0,2,0,0,0,6번,2020
756,최주환,두산,0.368,38,14,1,0,1,8,1,0,5,1,6번,2020
757,오재일,두산,0.333,18,6,3,0,1,4,2,0,3,1,6번,2020
758,허경민,두산,0.326,184,60,7,0,5,21,13,3,11,6,6번,2020
759,오재원,두산,0.318,22,7,1,1,2,8,1,0,3,0,6번,2020
760,박건우,두산,0.313,32,10,1,0,1,4,3,1,5,2,6번,2020
761,김재호,두산,0.304,135,41,6,1,0,11,16,2,16,5,6번,2020
762,박세혁,두산,0.274,62,17,6,0,0,6,4,1,8,1,6번,2020
763,국해성,두산,0.250,16,4,0,0,0,3,1,0,2,1,6번,2020
764,권민석,두산,0.250,4,1,1,0,0,2,1,0,2,0,6번,2020
765,조수행,두산,0.250,4,1,0,0,0,0,0,0,0,0,6번,2020
766,김재환,두산,0.182,11,2,1,0,1,2,2,0,1,0,6번,2020
767,정수빈,두산,0.182,11,2,0,0,0,1,0,0,2,0,6번,2020
768,박지훈,두산,0.000,1,0,0,0,0,0,0,0,1,0,6번,2020
769,장승현,두산,0.000,2,0,0,0,0,0,0,1,1,0,6번,2020
770,정상호,두산,0.000,1,0,0,0,0,0,0,0,0,0,6번,2020
771,최용제,두산,-,0,0,0,0,0,0,1,0,0,0,6번,2020
772,권민석,두산,1.000,1,1,0,0,0,1,0,0,0,0,7번,2020
773,박건우,두산,0.579,19,11,1,0,2,6,1,1,0,0,7번,2020
774,이유찬,두산,0.500,2,1,0,0,0,1,0,0,0,0,7번,2020
775,최주환,두산,0.500,4,2,0,0,0,0,1,0,0,0,7번,2020
776,정수빈,두산,0.333,87,29,5,1,2,16,7,0,12,1,7번,2020
777,허경민,두산,0.333,54,18,3,1,0,9,1,0,5,0,7번,2020
778,김재호,두산,0.306,108,33,2,0,1,12,13,0,11,5,7번,2020
779,박세혁,두산,0.253,158,40,8,1,2,20,16,6,16,4,7번,2020
780,안권수,두산,0.250,4,1,0,0,0,0,0,0,2,0,7번,2020
781,국해성,두산,0.238,21,5,0,0,0,0,2,0,6,0,7번,2020
782,정상호,두산,0.222,9,2,0,0,0,1,0,0,3,1,7번,2020
783,김인태,두산,0.200,10,2,0,0,0,0,4,0,2,1,7번,2020
784,최용제,두산,0.200,5,1,0,0,0,0,0,0,2,0,7번,2020
785,오재원,두산,0.135,37,5,3,0,0,6,6,0,11,0,7번,2020
786,서예일,두산,0.000,1,0,0,0,0,0,1,0,0,0,7번,2020
787,신성현,두산,0.000,1,0,0,0,0,0,1,0,1,0,7번,2020
788,오재일,두산,0.000,3,0,0,0,0,0,0,0,1,0,7번,2020
789,장승현,두산,0.000,2,0,0,0,0,0,0,0,1,1,7번,2020
790,조수행,두산,0.000,3,0,0,0,0,0,0,0,2,0,7번,2020
791,최주환,두산,1.000,2,2,1,0,0,0,0,0,0,0,8번,2020
792,서예일,두산,0.667,3,2,0,0,0,0,0,0,0,0,8번,2020
793,백동훈,두산,0.333,3,1,1,0,0,0,0,1,0,0,8번,2020
794,박세혁,두산,0.329,73,24,1,1,2,16,5,0,10,2,8번,2020
795,정수빈,두산,0.299,117,35,5,1,1,19,18,1,13,4,8번,2020
796,양찬열,두산,0.286,7,2,0,0,0,1,2,1,1,0,8번,2020
797,김재호,두산,0.262,103,27,4,0,1,9,12,2,12,6,8번,2020
798,허경민,두산,0.259,54,14,1,0,2,8,6,0,2,2,8번,2020
799,오재원,두산,0.250,20,5,0,0,0,0,3,0,8,1,8번,2020
800,국해성,두산,0.222,9,2,1,0,1,3,0,1,4,0,8번,2020
801,김인태,두산,0.217,23,5,2,0,0,2,4,0,3,0,8번,2020
802,이유찬,두산,0.208,24,5,1,0,0,1,4,2,6,2,8번,2020
803,조수행,두산,0.200,5,1,0,0,0,0,1,0,1,0,8번,2020
804,정상호,두산,0.171,35,6,4,0,0,3,1,0,13,3,8번,2020
805,최용제,두산,0.167,6,1,0,0,0,1,1,0,0,1,8번,2020
806,권민석,두산,0.000,4,0,0,0,0,0,0,0,0,0,8번,2020
807,박건우,두산,0.000,1,0,0,0,0,0,0,0,0,0,8번,2020
808,안권수,두산,0.000,2,0,0,0,0,0,0,0,0,0,8번,2020
809,오명진,두산,0.000,1,0,0,0,0,0,0,0,0,0,8번,2020
810,오재일,두산,0.000,1,0,0,0,0,0,1,0,0,0,8번,2020
811,이승민,두산,0.000,1,0,0,0,0,0,0,0,1,0,8번,2020
812,장승현,두산,0.000,5,0,0,0,0,0,1,0,1,1,8번,2020
813,장승현,두산,0.455,11,5,3,0,0,3,0,0,3,0,9번,2020
814,최용제,두산,0.344,32,11,0,1,0,8,1,0,6,1,9번,2020
815,안권수,두산,0.333,6,2,0,0,0,1,0,0,1,0,9번,2020
816,정수빈,두산,0.330,112,37,3,3,1,12,7,0,12,0,9번,2020
817,조수행,두산,0.304,23,7,0,0,0,4,1,0,3,0,9번,2020
818,김재호,두산,0.273,33,9,1,0,0,5,0,0,1,0,9번,2020
819,서예일,두산,0.273,11,3,2,0,0,0,0,0,4,0,9번,2020
820,박세혁,두산,0.230,61,14,3,0,0,8,9,5,10,0,9번,2020
821,권민석,두산,0.222,36,8,1,0,0,3,2,0,11,0,9번,2020
822,국해성,두산,0.214,28,6,0,0,0,5,2,0,6,1,9번,2020
823,김인태,두산,0.200,25,5,2,0,1,4,7,2,5,2,9번,2020
824,양찬열,두산,0.200,10,2,0,0,0,2,1,0,1,0,9번,2020
825,이유찬,두산,0.184,38,7,1,0,0,0,5,0,16,0,9번,2020
826,박건우,두산,0.182,11,2,1,0,0,4,1,1,2,0,9번,2020
827,정상호,두산,0.146,41,6,2,0,0,4,1,0,13,0,9번,2020
828,오재원,두산,0.143,14,2,1,0,0,1,1,0,6,0,9번,2020
829,허경민,두산,0.111,9,1,1,0,0,2,1,0,1,0,9번,2020
830,백동훈,두산,0.000,1,0,0,0,0,0,0,0,0,0,9번,2020
831,오재일,두산,0.000,1,0,0,0,0,1,1,0,0,0,9번,2020
832,최주환,두산,0.000,1,0,0,0,0,0,0,0,0,0,9번,2020
833,권민석,두산,1.000,3,3,0,0,0,1,0,0,0,0,상위(1~2번),2020
834,박세혁,두산,0.500,2,1,0,0,0,1,0,0,0,0,상위(1~2번),2020
835,이유찬,두산,0.429,7,3,0,0,0,2,2,0,0,0,상위(1~2번),2020
836,허경민,두산,0.388,98,38,12,0,0,14,10,2,6,1,상위(1~2번),2020
837,페르난데스,두산,0.347,429,149,23,0,17,80,46,9,34,20,상위(1~2번),2020
838,박건우,두산,0.291,385,112,33,0,10,45,33,9,47,6,상위(1~2번),2020
839,최주환,두산,0.290,69,20,3,0,1,12,5,2,6,0,상위(1~2번),2020
840,안권수,두산,0.278,18,5,0,0,0,2,2,0,1,1,상위(1~2번),2020
841,정수빈,두산,0.264,163,43,4,3,1,11,23,1,17,5,상위(1~2번),2020
842,국해성,두산,0.250,4,1,0,0,0,1,1,0,1,0,상위(1~2번),2020
843,양찬열,두산,0.250,4,1,0,0,0,0,0,0,0,0,상위(1~2번),2020
844,오재원,두산,0.200,10,2,1,0,0,0,1,0,1,1,상위(1~2번),2020
845,백동훈,두산,0.143,7,1,0,0,0,0,1,1,2,0,상위(1~2번),2020
846,김인태,두산,0.100,10,1,1,0,0,1,2,0,1,0,상위(1~2번),2020
847,서예일,두산,0.000,5,0,0,0,0,0,1,0,2,0,상위(1~2번),2020
848,오명진,두산,0.000,1,0,0,0,0,0,0,0,0,0,상위(1~2번),2020
849,오재일,두산,0.000,1,0,0,0,0,0,0,0,1,0,상위(1~2번),2020
850,조수행,두산,0.000,2,0,0,0,0,0,0,0,0,0,상위(1~2번),2020
851,최용제,두산,0.000,1,0,0,0,0,0,0,0,0,0,상위(1~2번),2020
852,조수행,두산,1.000,1,1,0,0,0,0,0,0,0,0,중심(3~5번),2020
853,허경민,두산,0.368,38,14,1,0,0,4,4,0,3,1,중심(3~5번),2020
854,이유찬,두산,0.357,14,5,0,1,0,2,1,0,3,0,중심(3~5번),2020
855,박건우,두산,0.333,39,13,4,0,1,11,4,0,11,1,중심(3~5번),2020
856,신성현,두산,0.333,3,1,1,0,0,0,2,0,2,0,중심(3~5번),2020
857,페르난데스,두산,0.318,157,50,6,0,4,25,12,4,8,6,중심(3~5번),2020
858,오재일,두산,0.315,447,141,29,0,15,84,57,0,87,11,중심(3~5번),2020
859,최주환,두산,0.299,395,118,24,4,14,68,40,5,55,6,중심(3~5번),2020
860,오재원,두산,0.288,52,15,1,0,3,12,4,0,20,1,중심(3~5번),2020
861,안권수,두산,0.286,7,2,0,0,0,0,0,0,1,0,중심(3~5번),2020
862,김재환,두산,0.267,505,135,25,1,29,111,89,1,153,14,중심(3~5번),2020
863,김재호,두산,0.261,23,6,2,0,0,2,4,0,5,1,중심(3~5번),2020
864,국해성,두산,0.250,8,2,0,0,2,5,0,0,2,0,중심(3~5번),2020
865,박세혁,두산,0.250,4,1,0,0,0,0,1,0,1,0,중심(3~5번),2020
866,김인태,두산,0.214,14,3,0,0,0,4,4,0,2,0,중심(3~5번),2020
867,백동훈,두산,0.200,5,1,0,0,0,0,0,0,2,0,중심(3~5번),2020
868,권민석,두산,0.000,2,0,0,0,0,0,0,0,2,0,중심(3~5번),2020
869,박지훈,두산,0.000,1,0,0,0,0,0,0,0,1,0,중심(3~5번),2020
870,서예일,두산,0.000,4,0,0,0,0,0,0,0,1,0,중심(3~5번),2020
871,양찬열,두산,0.000,1,0,0,0,0,0,0,0,0,0,중심(3~5번),2020
872,오명진,두산,0.000,2,0,0,0,0,0,0,0,1,0,중심(3~5번),2020
873,최용제,두산,-,0,0,0,0,0,0,1,0,0,0,중심(3~5번),2020
874,최주환,두산,0.400,45,18,2,0,1,8,2,0,5,1,하위(6~9번),2020
875,서예일,두산,0.375,16,6,2,0,0,1,2,0,4,0,하위(6~9번),2020
876,박건우,두산,0.365,63,23,3,0,3,14,5,3,7,2,하위(6~9번),2020
877,정수빈,두산,0.315,327,103,13,5,4,48,32,1,39,5,하위(6~9번),2020
878,허경민,두산,0.309,301,93,12,1,7,40,21,3,19,8,하위(6~9번),2020
879,최용제,두산,0.302,43,13,0,1,0,9,3,0,8,2,하위(6~9번),2020
880,김재호,두산,0.290,379,110,13,1,2,37,41,4,40,16,하위(6~9번),2020
881,박세혁,두산,0.268,354,95,18,2,4,50,34,12,44,7,하위(6~9번),2020
882,오재일,두산,0.261,23,6,3,0,1,5,4,0,4,1,하위(6~9번),2020
883,조수행,두산,0.257,35,9,0,0,0,4,2,0,6,0,하위(6~9번),2020
884,백동훈,두산,0.250,4,1,1,0,0,0,0,1,0,0,하위(6~9번),2020
885,안권수,두산,0.250,12,3,0,0,0,1,0,0,3,0,하위(6~9번),2020
886,장승현,두산,0.250,20,5,3,0,0,3,1,1,6,2,하위(6~9번),2020
887,양찬열,두산,0.235,17,4,0,0,0,3,3,1,2,0,하위(6~9번),2020
888,국해성,두산,0.230,74,17,1,0,1,11,5,1,18,2,하위(6~9번),2020
889,권민석,두산,0.222,45,10,2,0,0,6,3,0,13,0,하위(6~9번),2020
890,이유찬,두산,0.221,68,15,2,0,0,2,11,2,22,2,하위(6~9번),2020
891,김인태,두산,0.217,60,13,4,0,1,8,15,2,10,3,하위(6~9번),2020
892,오재원,두산,0.204,93,19,5,1,2,15,11,0,28,1,하위(6~9번),2020
893,김재환,두산,0.182,11,2,1,0,1,2,2,0,1,0,하위(6~9번),2020
894,정상호,두산,0.163,86,14,6,0,0,8,2,0,29,4,하위(6~9번),2020
895,박지훈,두산,0.000,1,0,0,0,0,0,0,0,1,0,하위(6~9번),2020
896,신성현,두산,0.000,1,0,0,0,0,0,1,0,1,0,하위(6~9번),2020
897,오명진,두산,0.000,1,0,0,0,0,0,0,0,0,0,하위(6~9번),2020
898,이승민,두산,0.000,1,0,0,0,0,0,0,0,1,0,하위(6~9번),2020
899,임지열,키움,1.000,1,1,0,0,0,0,0,0,0,0,1번,2020
900,허정협,키움,1.000,1,1,0,0,0,0,0,0,0,0,1번,2020
901,변상권,키움,0.500,2,1,1,0,0,1,0,0,1,0,1번,2020
902,김주형,키움,0.333,6,2,2,0,0,0,0,0,1,0,1번,2020
903,김혜성,키움,0.295,95,28,3,1,0,9,10,0,9,1,1번,2020
904,서건창,키움,0.270,363,98,16,5,4,28,63,4,41,7,1번,2020
905,이정후,키움,0.250,4,1,0,0,0,0,1,0,0,0,1번,2020
906,박준태,키움,0.245,102,25,1,1,2,8,14,5,34,1,1번,2020
907,김규민,키움,0.000,1,0,0,0,0,0,0,0,1,0,1번,2020
908,김웅빈,키움,0.000,1,0,0,0,0,0,0,0,0,0,1번,2020
909,박동원,키움,0.000,1,0,0,0,0,0,0,0,0,0,1번,2020
910,박정음,키움,0.000,2,0,0,0,0,0,0,0,1,0,1번,2020
911,박주홍,키움,0.000,1,0,0,0,0,0,1,0,1,0,1번,2020
912,송우현,키움,0.000,1,0,0,0,0,0,0,0,1,0,1번,2020
913,이지영,키움,0.000,3,0,0,0,0,0,0,0,0,0,1번,2020
914,전병우,키움,0.000,1,0,0,0,0,0,0,0,0,1,1번,2020
915,김은성,키움,1.000,1,1,0,0,0,0,0,0,0,0,2번,2020
916,박정음,키움,1.000,1,1,0,0,0,1,0,0,0,0,2번,2020
917,김규민,키움,0.500,2,1,0,0,0,0,0,0,1,0,2번,2020
918,김주형,키움,0.500,2,1,0,0,0,1,0,0,0,0,2번,2020
919,박동원,키움,0.500,4,2,1,0,1,2,1,0,0,0,2번,2020
920,김혜성,키움,0.384,99,38,10,1,0,12,5,0,20,2,2번,2020
921,김하성,키움,0.314,385,121,16,1,21,82,59,7,45,12,2번,2020
922,서건창,키움,0.194,36,7,4,0,0,6,7,0,1,0,2번,2020
923,박병호,키움,0.167,18,3,1,0,1,5,3,0,7,0,2번,2020
924,이지영,키움,0.167,6,1,0,0,0,1,0,0,1,0,2번,2020
925,전병우,키움,0.150,20,3,1,0,0,2,1,0,6,0,2번,2020
926,김웅빈,키움,0.111,9,1,1,0,0,0,0,0,3,0,2번,2020
927,김수환,키움,0.000,1,0,0,0,0,0,0,0,1,0,2번,2020
928,박주홍,키움,0.000,1,0,0,0,0,0,0,0,1,0,2번,2020
929,김규민,키움,1.000,1,1,0,0,0,0,0,0,0,0,3번,2020
930,김수환,키움,1.000,2,2,1,0,0,2,0,0,0,0,3번,2020
931,김은성,키움,1.000,1,1,0,0,0,0,0,0,0,0,3번,2020
932,전병우,키움,1.000,1,1,0,0,0,0,0,0,0,0,3번,2020
933,박동원,키움,0.667,3,2,1,0,0,2,0,1,0,0,3번,2020
934,허정협,키움,0.500,2,1,0,0,0,0,0,0,0,0,3번,2020
935,김웅빈,키움,0.444,9,4,0,0,0,3,2,0,2,0,3번,2020
936,서건창,키움,0.361,72,26,6,0,0,14,10,1,14,1,3번,2020
937,러셀,키움,0.323,62,20,5,0,1,15,8,1,5,5,3번,2020
938,이정후,키움,0.311,363,113,31,4,14,64,36,2,29,14,3번,2020
939,김하성,키움,0.263,57,15,4,0,4,9,8,0,10,0,3번,2020
940,박병호,키움,0.000,1,0,0,0,0,0,0,0,0,0,3번,2020
941,박정음,키움,0.000,2,0,0,0,0,0,0,0,1,0,3번,2020
942,변상권,키움,0.000,2,0,0,0,0,0,0,0,0,0,3번,2020
943,주효상,키움,0.000,2,0,0,0,0,0,0,0,0,0,3번,2020
944,김규민,키움,1.000,1,1,0,0,0,0,0,0,0,0,4번,2020
945,김주형,키움,0.500,4,2,0,0,0,1,0,0,0,0,4번,2020
946,이지영,키움,0.500,2,1,0,0,0,1,0,0,0,0,4번,2020
947,주효상,키움,0.500,2,1,0,0,0,0,0,0,0,0,4번,2020
948,전병우,키움,0.400,5,2,0,1,0,2,2,0,1,0,4번,2020
949,이정후,키움,0.392,158,62,16,1,1,36,18,2,15,1,4번,2020
950,김웅빈,키움,0.333,12,4,1,0,0,0,0,0,7,0,4번,2020
951,박정음,키움,0.333,6,2,0,0,0,0,0,1,1,0,4번,2020
952,러셀,키움,0.261,69,18,3,0,0,6,8,1,9,1,4번,2020
953,서건창,키움,0.250,4,1,1,0,0,1,1,0,1,0,4번,2020
954,박병호,키움,0.207,222,46,4,0,13,41,40,3,86,7,4번,2020
955,허정협,키움,0.200,10,2,0,0,1,1,2,0,5,0,4번,2020
956,김하성,키움,0.195,41,8,2,0,1,3,3,1,9,0,4번,2020
957,박동원,키움,0.053,19,1,0,0,1,1,3,0,4,1,4번,2020
958,박주홍,키움,0.000,1,0,0,0,0,0,0,0,1,0,4번,2020
959,박준태,키움,0.000,3,0,0,0,0,0,0,0,1,1,4번,2020
960,변상권,키움,0.000,1,0,0,0,0,1,0,0,0,0,4번,2020
961,김하성,키움,0.375,40,15,2,0,4,13,3,0,4,0,5번,2020
962,이지영,키움,0.313,48,15,1,0,0,5,6,0,2,3,5번,2020
963,박병호,키움,0.302,43,13,1,0,5,14,8,5,15,1,5번,2020
964,이정후,키움,0.294,17,5,2,0,0,1,4,0,2,1,5번,2020
965,박동원,키움,0.293,150,44,12,0,6,30,17,3,30,4,5번,2020
966,허정협,키움,0.256,90,23,3,0,1,7,14,0,17,4,5번,2020
967,임병욱,키움,0.250,4,1,1,0,0,2,0,0,0,0,5번,2020
968,김웅빈,키움,0.228,57,13,6,0,0,7,2,2,20,2,5번,2020
969,전병우,키움,0.214,14,3,1,0,1,3,0,1,1,0,5번,2020
970,러셀,키움,0.211,38,8,1,0,0,1,2,0,7,0,5번,2020
971,이택근,키움,0.208,24,5,3,0,0,1,1,0,9,1,5번,2020
972,서건창,키움,0.167,6,1,1,0,0,2,5,0,1,0,5번,2020
973,김규민,키움,0.000,3,0,0,0,0,0,0,0,0,0,5번,2020
974,김병휘,키움,0.000,1,0,0,0,0,0,0,0,1,0,5번,2020
975,김수환,키움,0.000,1,0,0,0,0,0,0,0,1,0,5번,2020
976,김주형,키움,0.000,2,0,0,0,0,0,0,0,0,0,5번,2020
977,김혜성,키움,0.000,4,0,0,0,0,0,0,0,0,0,5번,2020
978,문찬종,키움,0.000,1,0,0,0,0,0,0,0,0,0,5번,2020
979,박정음,키움,0.000,1,0,0,0,0,0,0,0,0,0,5번,2020
980,박준태,키움,0.000,1,0,0,0,0,0,1,0,0,0,5번,2020
981,송우현,키움,0.000,2,0,0,0,0,0,0,0,1,0,5번,2020
982,주효상,키움,0.000,5,0,0,0,0,0,0,0,1,0,5번,2020
983,김하성,키움,0.500,6,3,0,0,0,2,0,0,0,0,6번,2020
984,변상권,키움,0.500,4,2,0,0,0,0,0,0,1,0,6번,2020
985,김웅빈,키움,0.386,44,17,3,0,5,13,9,1,13,1,6번,2020
986,이지영,키움,0.309,97,30,4,1,0,12,7,2,15,2,6번,2020
987,박병호,키움,0.286,21,6,1,0,1,3,4,1,5,0,6번,2020
988,임병욱,키움,0.286,7,2,0,0,0,0,1,0,3,0,6번,2020
989,김혜성,키움,0.261,88,23,2,1,2,10,12,0,14,3,6번,2020
990,허정협,키움,0.241,87,21,2,0,3,15,12,0,26,0,6번,2020
991,김규민,키움,0.231,13,3,0,0,0,0,1,0,2,1,6번,2020
992,전병우,키움,0.216,51,11,3,0,3,9,4,0,16,1,6번,2020
993,주효상,키움,0.182,11,2,0,0,0,2,1,0,5,0,6번,2020
994,러셀,키움,0.179,28,5,2,0,0,3,2,0,8,0,6번,2020
995,박동원,키움,0.175,63,11,1,0,3,7,4,0,16,3,6번,2020
996,김재현,키움,0.000,2,0,0,0,0,0,0,0,1,0,6번,2020
997,김주형,키움,0.000,3,0,0,0,0,0,1,0,1,0,6번,2020
998,박정음,키움,0.000,5,0,0,0,0,0,0,0,5,0,6번,2020
999,박주홍,키움,0.000,1,0,0,0,0,0,0,0,1,0,6번,2020
1000,서건창,키움,0.000,1,0,0,0,0,0,4,0,0,0,6번,2020
1001,이택근,키움,0.000,9,0,0,0,0,0,2,0,6,0,6번,2020
1002,박정음,키움,0.500,2,1,0,0,0,0,0,0,1,0,7번,2020
1003,박준태,키움,0.333,3,1,1,0,0,0,0,1,2,0,7번,2020
1004,변상권,키움,0.333,9,3,0,0,1,5,0,0,5,0,7번,2020
1005,이지영,키움,0.302,53,16,4,0,0,9,3,2,4,1,7번,2020
1006,전병우,키움,0.288,73,21,2,1,1,11,11,1,17,2,7번,2020
1007,이택근,키움,0.273,22,6,2,0,0,6,3,0,5,0,7번,2020
1008,박동원,키움,0.269,26,7,2,0,1,5,4,1,6,1,7번,2020
1009,김혜성,키움,0.255,157,40,7,2,4,23,15,1,40,0,7번,2020
1010,김주형,키움,0.250,4,1,0,0,1,1,0,0,1,0,7번,2020
1011,러셀,키움,0.231,39,9,3,0,1,6,2,0,6,0,7번,2020
1012,허정협,키움,0.224,49,11,4,0,4,11,9,1,13,2,7번,2020
1013,김웅빈,키움,0.186,43,8,1,0,2,5,1,0,15,3,7번,2020
1014,박주홍,키움,0.167,6,1,0,0,0,0,0,0,1,0,7번,2020
1015,주효상,키움,0.167,6,1,1,0,0,1,2,0,2,0,7번,2020
1016,모터,키움,0.111,27,3,0,0,1,3,1,0,7,0,7번,2020
1017,김규민,키움,0.067,15,1,0,0,0,0,1,0,8,0,7번,2020
1018,김수환,키움,-,0,0,0,0,0,0,1,0,0,0,7번,2020
1019,김하성,키움,0.000,1,0,0,0,0,0,2,0,0,0,7번,2020
1020,송우현,키움,0.000,2,0,0,0,0,0,0,0,0,0,7번,2020
1021,임병욱,키움,0.000,1,0,0,0,0,0,0,0,1,0,7번,2020
1022,서건창,키움,1.000,1,1,0,0,1,1,1,0,0,0,8번,2020
1023,박주홍,키움,0.500,10,5,2,0,0,1,0,0,3,0,8번,2020
1024,이지영,키움,0.372,43,16,1,1,0,7,2,0,3,2,8번,2020
1025,허정협,키움,0.344,64,22,3,0,1,8,2,1,10,0,8번,2020
1026,김하성,키움,0.333,3,1,0,0,0,0,0,0,0,0,8번,2020
1027,박병호,키움,0.333,3,1,0,0,1,3,1,0,0,0,8번,2020
1028,김웅빈,키움,0.296,27,8,1,0,1,2,2,0,4,0,8번,2020
1029,임병욱,키움,0.280,25,7,3,0,0,4,3,0,6,1,8번,2020
1030,김혜성,키움,0.262,42,11,2,1,1,6,4,1,9,0,8번,2020
1031,러셀,키움,0.250,8,2,0,0,0,0,0,0,2,0,8번,2020
1032,전병우,키움,0.239,117,28,5,1,1,13,8,0,37,2,8번,2020
1033,박동원,키움,0.217,46,10,3,0,0,2,5,0,9,1,8번,2020
1034,주효상,키움,0.191,47,9,3,0,0,4,9,0,15,0,8번,2020
1035,박정음,키움,0.167,12,2,0,0,0,1,2,0,4,0,8번,2020
1036,김규민,키움,0.152,46,7,0,1,1,4,1,1,8,1,8번,2020
1037,김주형,키움,0.125,8,1,0,0,0,2,1,1,2,0,8번,2020
1038,모터,키움,0.125,8,1,0,0,0,0,0,0,3,0,8번,2020
1039,변상권,키움,0.091,11,1,0,0,0,1,0,0,5,1,8번,2020
1040,김수환,키움,0.000,4,0,0,0,0,0,0,0,2,1,8번,2020
1041,김은성,키움,0.000,2,0,0,0,0,0,0,0,1,1,8번,2020
1042,박준태,키움,0.000,3,0,0,0,0,0,0,1,3,0,8번,2020
1043,송우현,키움,0.000,5,0,0,0,0,0,2,1,2,0,8번,2020
1044,이택근,키움,0.000,1,0,0,0,0,0,0,0,1,0,8번,2020
1045,김웅빈,키움,0.400,5,2,0,0,0,1,1,0,1,0,9번,2020
1046,김규민,키움,0.368,19,7,2,0,0,2,2,0,4,1,9번,2020
1047,박동원,키움,0.333,12,4,1,0,0,1,4,1,3,0,9번,2020
1048,변상권,키움,0.303,33,10,4,0,0,8,1,0,8,1,9번,2020
1049,주효상,키움,0.273,11,3,0,0,0,0,1,0,3,0,9번,2020
1050,허정협,키움,0.273,11,3,0,0,0,1,1,0,2,1,9번,2020
1051,박준태,키움,0.251,235,59,11,0,3,21,50,12,80,2,9번,2020
1052,김주형,키움,0.214,14,3,1,0,0,1,2,1,5,0,9번,2020
1053,전병우,키움,0.208,77,16,1,0,2,8,11,0,22,1,9번,2020
1054,이지영,키움,0.200,10,2,0,0,0,1,1,0,3,0,9번,2020
1055,박정음,키움,0.167,12,2,0,1,0,0,0,1,1,0,9번,2020
1056,김혜성,키움,0.143,14,2,0,0,0,1,0,0,2,0,9번,2020
1057,김수환,키움,0.000,3,0,0,0,0,0,0,0,1,0,9번,2020
1058,김은성,키움,-,0,0,0,0,0,0,1,1,0,0,9번,2020
1059,김재현,키움,0.000,1,0,0,0,0,0,0,0,1,0,9번,2020
1060,박병호,키움,0.000,1,0,0,0,0,0,1,0,1,0,9번,2020
1061,박주홍,키움,0.000,4,0,0,0,0,0,0,0,2,0,9번,2020
1062,서건창,키움,0.000,1,0,0,0,0,0,0,0,0,0,9번,2020
1063,송우현,키움,0.000,2,0,0,0,0,0,0,0,0,0,9번,2020
1064,이정후,키움,0.000,2,0,0,0,0,0,0,0,1,0,9번,2020
1065,이택근,키움,0.000,1,0,0,0,0,0,1,0,0,0,9번,2020
1066,김은성,키움,1.000,1,1,0,0,0,0,0,0,0,0,상위(1~2번),2020
1067,임지열,키움,1.000,1,1,0,0,0,0,0,0,0,0,상위(1~2번),2020
1068,허정협,키움,1.000,1,1,0,0,0,0,0,0,0,0,상위(1~2번),2020
1069,변상권,키움,0.500,2,1,1,0,0,1,0,0,1,0,상위(1~2번),2020
1070,박동원,키움,0.400,5,2,1,0,1,2,1,0,0,0,상위(1~2번),2020
1071,김주형,키움,0.375,8,3,2,0,0,1,0,0,1,0,상위(1~2번),2020
1072,김혜성,키움,0.340,194,66,13,2,0,21,15,0,29,3,상위(1~2번),2020
1073,김규민,키움,0.333,3,1,0,0,0,0,0,0,2,0,상위(1~2번),2020
1074,박정음,키움,0.333,3,1,0,0,0,1,0,0,1,0,상위(1~2번),2020
1075,김하성,키움,0.314,385,121,16,1,21,82,59,7,45,12,상위(1~2번),2020
1076,서건창,키움,0.263,399,105,20,5,4,34,70,4,42,7,상위(1~2번),2020
1077,이정후,키움,0.250,4,1,0,0,0,0,1,0,0,0,상위(1~2번),2020
1078,박준태,키움,0.245,102,25,1,1,2,8,14,5,34,1,상위(1~2번),2020
1079,박병호,키움,0.167,18,3,1,0,1,5,3,0,7,0,상위(1~2번),2020
1080,전병우,키움,0.143,21,3,1,0,0,2,1,0,6,1,상위(1~2번),2020
1081,이지영,키움,0.111,9,1,0,0,0,1,0,0,1,0,상위(1~2번),2020
1082,김웅빈,키움,0.100,10,1,1,0,0,0,0,0,3,0,상위(1~2번),2020
1083,김수환,키움,0.000,1,0,0,0,0,0,0,0,1,0,상위(1~2번),2020
1084,박주홍,키움,0.000,2,0,0,0,0,0,1,0,2,0,상위(1~2번),2020
1085,송우현,키움,0.000,1,0,0,0,0,0,0,0,1,0,상위(1~2번),2020
1086,김은성,키움,1.000,1,1,0,0,0,0,0,0,0,0,중심(3~5번),2020
1087,김수환,키움,0.667,3,2,1,0,0,2,0,0,1,0,중심(3~5번),2020
1088,김규민,키움,0.400,5,2,0,0,0,0,0,0,0,0,중심(3~5번),2020
1089,서건창,키움,0.341,82,28,8,0,0,17,16,1,16,1,중심(3~5번),2020
1090,이정후,키움,0.335,538,180,49,5,15,101,58,4,46,16,중심(3~5번),2020
1091,김주형,키움,0.333,6,2,0,0,0,1,0,0,0,0,중심(3~5번),2020
1092,이지영,키움,0.320,50,16,1,0,0,6,6,0,2,3,중심(3~5번),2020
1093,전병우,키움,0.300,20,6,1,1,1,5,2,1,2,0,중심(3~5번),2020
1094,김하성,키움,0.275,138,38,8,0,9,25,14,1,23,0,중심(3~5번),2020
1095,박동원,키움,0.273,172,47,13,0,7,33,20,4,34,5,중심(3~5번),2020
1096,러셀,키움,0.272,169,46,9,0,1,22,18,2,21,6,중심(3~5번),2020
1097,김웅빈,키움,0.269,78,21,7,0,0,10,4,2,29,2,중심(3~5번),2020
1098,허정협,키움,0.255,102,26,3,0,2,8,16,0,22,4,중심(3~5번),2020
1099,임병욱,키움,0.250,4,1,1,0,0,2,0,0,0,0,중심(3~5번),2020
1100,박정음,키움,0.222,9,2,0,0,0,0,0,1,2,0,중심(3~5번),2020
1101,박병호,키움,0.222,266,59,5,0,18,55,48,8,101,8,중심(3~5번),2020
1102,이택근,키움,0.208,24,5,3,0,0,1,1,0,9,1,중심(3~5번),2020
1103,주효상,키움,0.111,9,1,0,0,0,0,0,0,1,0,중심(3~5번),2020
1104,김병휘,키움,0.000,1,0,0,0,0,0,0,0,1,0,중심(3~5번),2020
1105,김혜성,키움,0.000,4,0,0,0,0,0,0,0,0,0,중심(3~5번),2020
1106,문찬종,키움,0.000,1,0,0,0,0,0,0,0,0,0,중심(3~5번),2020
1107,박주홍,키움,0.000,1,0,0,0,0,0,0,0,1,0,중심(3~5번),2020
1108,박준태,키움,0.000,4,0,0,0,0,0,1,0,1,1,중심(3~5번),2020
1109,변상권,키움,0.000,3,0,0,0,0,1,0,0,0,0,중심(3~5번),2020
1110,송우현,키움,0.000,2,0,0,0,0,0,0,0,1,0,중심(3~5번),2020
1111,김하성,키움,0.400,10,4,0,0,0,2,2,0,0,0,하위(6~9번),2020
1112,서건창,키움,0.333,3,1,0,0,1,1,5,0,0,0,하위(6~9번),2020
1113,이지영,키움,0.315,203,64,9,2,0,29,13,4,25,5,하위(6~9번),2020
1114,김웅빈,키움,0.294,119,35,5,0,8,21,13,1,33,4,하위(6~9번),2020
1115,박주홍,키움,0.286,21,6,2,0,0,1,0,0,7,0,하위(6~9번),2020
1116,변상권,키움,0.281,57,16,4,0,1,14,1,0,19,2,하위(6~9번),2020
1117,박병호,키움,0.280,25,7,1,0,2,6,6,1,6,0,하위(6~9번),2020
1118,임병욱,키움,0.273,33,9,3,0,0,4,4,0,10,1,하위(6~9번),2020
1119,허정협,키움,0.270,211,57,9,0,8,35,24,2,51,3,하위(6~9번),2020
1120,김혜성,키움,0.252,301,76,11,4,7,40,31,2,65,3,하위(6~9번),2020
1121,박준태,키움,0.249,241,60,12,0,3,21,50,14,85,2,하위(6~9번),2020
1122,전병우,키움,0.239,318,76,11,2,7,41,34,1,92,6,하위(6~9번),2020
1123,박동원,키움,0.218,147,32,7,0,4,15,17,2,34,5,하위(6~9번),2020
1124,러셀,키움,0.213,75,16,5,0,1,9,4,0,16,0,하위(6~9번),2020
1125,주효상,키움,0.200,75,15,4,0,0,7,13,0,25,0,하위(6~9번),2020
1126,김규민,키움,0.194,93,18,2,1,1,6,5,1,22,3,하위(6~9번),2020
1127,이택근,키움,0.182,33,6,2,0,0,6,6,0,12,0,하위(6~9번),2020
1128,김주형,키움,0.172,29,5,1,0,1,4,4,2,9,0,하위(6~9번),2020
1129,박정음,키움,0.161,31,5,0,1,0,1,2,1,11,0,하위(6~9번),2020
1130,모터,키움,0.114,35,4,0,0,1,3,1,0,10,0,하위(6~9번),2020
1131,김수환,키움,0.000,7,0,0,0,0,0,1,0,3,1,하위(6~9번),2020
1132,김은성,키움,0.000,2,0,0,0,0,0,1,1,1,1,하위(6~9번),2020
1133,김재현,키움,0.000,3,0,0,0,0,0,0,0,2,0,하위(6~9번),2020
1134,송우현,키움,0.000,9,0,0,0,0,0,2,1,2,0,하위(6~9번),2020
1135,이정후,키움,0.000,2,0,0,0,0,0,0,0,1,0,하위(6~9번),2020
0,김병희,KT,1.0,1,1,0,0,0,1,0,0,0,0,1번,2021
1,신본기,KT,1.0,1,1,1,0,0,2,0,0,0,0,1번,2021
2,문상철,KT,0.667,3,2,0,0,0,1,0,0,0,0,1번,2021
3,강백호,KT,0.571,7,4,0,0,0,0,2,0,1,0,1번,2021
4,오윤석,KT,0.5,2,1,0,0,0,0,0,0,0,0,1번,2021
5,천성호,KT,0.5,2,1,0,0,0,0,0,0,1,0,1번,2021
6,배정대,KT,0.327,52,17,2,0,0,8,7,0,14,1,1번,2021
7,김민혁,KT,0.313,67,21,4,0,1,4,8,1,5,2,1번,2021
8,송민섭,KT,0.3,10,3,0,0,0,3,2,0,5,0,1번,2021
9,유한준,KT,0.25,4,1,0,0,0,0,1,0,1,0,1번,2021
10,조용호,KT,0.233,352,82,10,1,0,35,66,2,69,5,1번,2021
11,황재균,KT,0.206,34,7,2,0,1,5,2,0,6,0,1번,2021
12,심우준,KT,0.111,18,2,0,0,0,0,0,0,3,0,1번,2021
13,김준태,KT,0.0,1,0,0,0,0,0,0,0,0,0,1번,2021
14,김태훈,KT,0.0,1,0,0,0,0,0,0,0,0,0,1번,2021
15,박경수,KT,0.0,2,0,0,0,0,0,3,0,1,0,1번,2021
16,장성우,KT,0.0,3,0,0,0,0,0,0,0,1,0,1번,2021
17,호잉,KT,0.0,4,0,0,0,0,1,1,0,0,1,1번,2021
18,홍현빈,KT,0.0,5,0,0,0,0,0,0,0,5,0,1번,2021
19,박승욱,KT,1.0,1,1,0,0,0,0,0,0,0,0,2번,2021
20,오윤석,KT,1.0,1,1,1,0,0,0,0,0,0,0,2번,2021
21,호잉,KT,0.444,9,4,0,0,1,3,1,0,1,0,2번,2021
22,알몬테,KT,0.4,5,2,0,0,0,1,1,0,1,0,2번,2021
23,김태훈,KT,0.333,6,2,0,0,0,0,0,1,2,0,2번,2021
24,유한준,KT,0.333,6,2,0,0,0,0,1,0,0,1,2번,2021
25,장성우,KT,0.333,3,1,0,0,0,0,1,0,0,0,2번,2021
26,황재균,KT,0.317,350,111,11,1,9,45,32,3,69,6,2번,2021
27,김민혁,KT,0.302,53,16,0,1,0,4,7,0,11,1,2번,2021
28,배정대,KT,0.287,108,31,7,0,1,13,16,4,25,4,2번,2021
29,신본기,KT,0.2,5,1,0,0,0,0,1,0,3,0,2번,2021
30,조용호,KT,0.182,11,2,0,0,0,2,0,0,4,1,2번,2021
31,문상철,KT,0.1,10,1,0,0,0,1,0,0,4,0,2번,2021
32,권동진,KT,0.0,2,0,0,0,0,0,0,0,2,0,2번,2021
33,김병희,KT,0.0,2,0,0,0,0,0,0,1,2,0,2번,2021
34,김준태,KT,0.0,1,0,0,0,0,0,0,0,0,0,2번,2021
35,박경수,KT,0.0,1,0,0,0,0,0,0,0,0,0,2번,2021
36,송민섭,KT,0.0,3,0,0,0,0,0,0,0,1,0,2번,2021
37,심우준,KT,0.0,5,0,0,0,0,0,1,0,0,0,2번,2021
38,천성호,KT,0.0,4,0,0,0,0,0,1,0,1,0,2번,2021
39,홍현빈,KT,0.0,1,0,0,0,0,0,0,0,0,0,2번,2021
40,김태훈,KT,1.000,1,1,0,0,0,0,0,0,0,0,3번,2021
41,오윤석,KT,0.500,2,1,0,0,1,1,0,0,0,0,3번,2021
42,배정대,KT,0.375,8,3,0,0,1,2,0,2,1,0,3번,2021
43,강백호,KT,0.337,481,162,39,0,16,94,98,0,80,5,3번,2021
44,알몬테,KT,0.316,19,6,0,0,0,2,2,1,2,2,3번,2021
45,문상철,KT,0.286,7,2,0,0,1,4,0,0,3,0,3번,2021
46,천성호,KT,0.250,4,1,0,0,0,0,0,1,1,0,3번,2021
47,호잉,KT,0.250,4,1,0,0,0,0,0,0,1,0,3번,2021
48,고영표,KT,-,0,0,0,0,0,0,1,0,0,0,3번,2021
49,박경수,KT,0.000,2,0,0,0,0,0,0,0,1,0,3번,2021
50,송민섭,KT,-,0,0,0,0,0,0,2,0,0,0,3번,2021
51,황재균,KT,0.000,15,0,0,0,0,0,4,0,5,1,3번,2021
52,천성호,KT,1.000,2,2,0,0,0,2,0,0,0,0,4번,2021
53,권동진,KT,0.500,2,1,0,0,0,0,0,0,1,0,4번,2021
54,송민섭,KT,0.500,6,3,0,0,0,1,0,0,2,0,4번,2021
55,강백호,KT,0.444,27,12,0,1,0,5,3,0,4,2,4번,2021
56,오윤석,KT,0.444,9,4,3,0,0,0,0,0,3,0,4번,2021
57,김민혁,KT,0.333,3,1,0,0,0,0,1,0,0,0,4번,2021
58,알몬테,KT,0.265,132,35,4,0,5,21,12,0,31,6,4번,2021
59,김태훈,KT,0.250,4,1,0,0,0,0,1,0,1,0,4번,2021
60,유한준,KT,0.248,141,35,6,0,4,20,23,2,21,5,4번,2021
61,배정대,KT,0.242,62,15,4,0,2,17,8,2,14,1,4번,2021
62,장성우,KT,0.209,86,18,3,0,0,9,7,0,15,5,4번,2021
63,호잉,KT,0.188,64,12,2,0,2,9,9,1,13,0,4번,2021
64,황재균,KT,0.143,14,2,1,0,0,2,3,0,4,1,4번,2021
65,김병희,KT,0.000,1,0,0,0,0,0,0,0,1,0,4번,2021
66,문상철,KT,0.000,6,0,0,0,0,0,2,0,2,1,4번,2021
67,박경수,KT,0.000,1,0,0,0,0,0,1,0,0,0,4번,2021
68,이홍구,KT,0.000,1,0,0,0,0,0,0,0,0,1,4번,2021
69,조용호,KT,0.000,4,0,0,0,0,0,1,0,0,0,4번,2021
70,허도환,KT,0.000,1,0,0,0,0,0,0,0,1,0,4번,2021
71,홍현빈,KT,-,0,0,0,0,0,0,0,0,0,0,4번,2021
72,김병희,KT,1.0,1,1,1,0,0,1,0,0,0,0,5번,2021
73,홍현빈,KT,1.0,1,1,0,0,0,0,0,0,0,0,5번,2021
74,유한준,KT,0.344,64,22,5,0,1,12,10,4,6,5,5번,2021
75,김민혁,KT,0.333,12,4,2,0,0,3,0,0,1,0,5번,2021
76,강민국,KT,0.308,13,4,1,0,0,1,2,0,1,0,5번,2021
77,장성우,KT,0.259,54,14,1,0,4,7,12,0,12,1,5번,2021
78,알몬테,KT,0.258,66,17,4,0,2,10,6,0,15,1,5번,2021
79,김태훈,KT,0.25,4,1,0,1,0,0,0,0,1,0,5번,2021
80,송민섭,KT,0.25,12,3,0,0,0,1,4,0,5,0,5번,2021
81,오윤석,KT,0.25,4,1,0,0,0,0,0,0,2,1,5번,2021
82,호잉,KT,0.239,113,27,4,1,5,21,6,2,21,1,5번,2021
83,배정대,KT,0.221,131,29,2,0,5,14,7,4,35,0,5번,2021
84,조용호,KT,0.2,5,1,0,0,0,0,1,0,0,1,5번,2021
85,허도환,KT,0.182,11,2,0,0,0,3,1,0,3,2,5번,2021
86,문상철,KT,0.148,27,4,3,0,0,4,3,0,11,0,5번,2021
87,황재균,KT,0.143,7,1,1,0,0,0,0,0,0,2,5번,2021
88,박경수,KT,0.111,18,2,0,0,1,3,2,0,7,0,5번,2021
89,권동진,KT,0.0,1,0,0,0,0,0,1,0,1,0,5번,2021
90,김준태,KT,0.0,2,0,0,0,0,0,1,0,1,0,5번,2021
91,박승욱,KT,0.0,1,0,0,0,0,0,0,0,0,0,5번,2021
92,신본기,KT,0.0,2,0,0,0,0,0,1,0,0,0,5번,2021
93,이홍구,KT,0.0,1,0,0,0,0,0,0,0,1,0,5번,2021
94,천성호,KT,0.0,3,0,0,0,0,0,0,0,0,0,5번,2021
95,허도환,KT,0.5,2,1,0,0,0,1,1,0,0,0,6번,2021
96,천성호,KT,0.429,7,3,0,0,0,1,1,1,1,0,6번,2021
97,유한준,KT,0.426,47,20,3,0,0,3,6,0,5,1,6번,2021
98,황재균,KT,0.393,28,11,1,1,0,4,4,0,6,0,6번,2021
99,알몬테,KT,0.333,3,1,1,0,0,2,1,0,1,0,6번,2021
100,김민혁,KT,0.286,14,4,0,0,0,0,2,0,2,0,6번,2021
101,문상철,KT,0.25,16,4,1,0,1,4,2,1,5,0,6번,2021
102,호잉,KT,0.222,9,2,1,0,0,1,0,0,1,0,6번,2021
103,김태훈,KT,0.209,43,9,3,0,1,4,1,0,12,1,6번,2021
104,장성우,KT,0.196,112,22,2,0,4,19,21,0,21,6,6번,2021
105,박경수,KT,0.193,88,17,7,0,3,12,10,1,30,3,6번,2021
106,김준태,KT,0.188,16,3,2,0,0,0,1,0,4,0,6번,2021
107,오윤석,KT,0.183,60,11,4,0,1,5,10,0,17,2,6번,2021
108,김병희,KT,0.167,6,1,0,0,0,0,0,0,1,0,6번,2021
109,조용호,KT,0.167,6,1,0,0,0,1,0,0,1,0,6번,2021
110,강민국,KT,0.143,7,1,0,0,0,0,0,0,1,0,6번,2021
111,신본기,KT,0.125,24,3,0,0,1,1,2,1,7,1,6번,2021
112,배정대,KT,0.104,48,5,1,0,1,3,13,0,14,1,6번,2021
113,권동진,KT,0.0,4,0,0,0,0,1,5,0,3,0,6번,2021
114,김건형,KT,0.0,3,0,0,0,0,0,2,0,1,0,6번,2021
115,송민섭,KT,0.0,3,0,0,0,0,0,1,0,1,0,6번,2021
116,심우준,KT,0.0,1,0,0,0,0,0,0,0,0,0,6번,2021
117,이홍구,KT,0.0,2,0,0,0,0,0,0,0,1,0,6번,2021
118,홍현빈,KT,0.0,1,0,0,0,0,0,0,0,1,0,6번,2021
119,권동진,KT,0.5,8,4,1,0,0,2,2,0,2,0,7번,2021
120,김건형,KT,0.5,4,2,0,0,0,0,0,0,0,0,7번,2021
121,유한준,KT,0.364,11,4,0,0,0,3,1,1,1,0,7번,2021
122,이홍구,KT,0.357,14,5,0,0,0,3,0,0,6,2,7번,2021
123,허도환,KT,0.344,32,11,2,0,2,12,1,0,8,0,7번,2021
124,김민혁,KT,0.333,6,2,0,0,0,0,0,0,3,0,7번,2021
125,조용호,KT,0.333,27,9,1,0,0,4,2,1,7,0,7번,2021
126,오윤석,KT,0.296,54,16,2,0,2,6,10,1,13,0,7번,2021
127,천성호,KT,0.286,14,4,1,0,0,1,1,0,5,0,7번,2021
128,배정대,KT,0.273,44,12,2,1,1,5,5,0,14,1,7번,2021
129,문상철,KT,0.267,15,4,1,0,0,0,1,1,3,0,7번,2021
130,박경수,KT,0.257,70,18,2,0,2,8,11,2,22,3,7번,2021
131,김병희,KT,0.25,28,7,1,0,2,4,4,1,9,0,7번,2021
132,장성우,KT,0.245,53,13,2,0,2,8,8,0,4,3,7번,2021
133,호잉,KT,0.245,49,12,4,0,3,16,7,1,15,0,7번,2021
134,김태훈,KT,0.2,15,3,1,0,0,2,0,0,3,0,7번,2021
135,신본기,KT,0.194,62,12,2,0,0,7,9,2,18,4,7번,2021
136,강민국,KT,0.174,23,4,0,0,0,1,1,0,4,1,7번,2021
137,김준태,KT,0.162,37,6,1,0,2,4,6,0,14,1,7번,2021
138,송민섭,KT,0.0,5,0,0,0,0,0,0,0,3,0,7번,2021
139,심우준,KT,0.0,3,0,0,0,0,0,0,0,0,0,7번,2021
140,강민국,KT,1.0,2,2,1,0,0,2,0,0,0,0,8번,2021
141,호잉,KT,0.571,7,4,0,0,0,1,2,0,0,0,8번,2021
142,김병희,KT,0.417,12,5,1,0,3,7,7,1,1,0,8번,2021
143,문상철,KT,0.4,10,4,1,0,0,2,0,0,4,0,8번,2021
144,배정대,KT,0.347,49,17,4,0,0,4,7,0,12,1,8번,2021
145,김태훈,KT,0.333,9,3,0,0,0,0,0,0,0,0,8번,2021
146,홍현빈,KT,0.333,3,1,0,0,0,0,0,0,2,0,8번,2021
147,심우준,KT,0.308,13,4,1,0,0,2,0,0,1,1,8번,2021
148,장성우,KT,0.278,72,20,4,0,4,19,9,2,15,1,8번,2021
149,조용호,KT,0.273,11,3,1,0,0,1,0,0,1,0,8번,2021
150,신본기,KT,0.268,56,15,2,0,0,3,6,1,14,1,8번,2021
151,허도환,KT,0.268,56,15,4,0,0,5,5,2,15,1,8번,2021
152,김민혁,KT,0.25,12,3,0,0,0,0,2,1,3,0,8번,2021
153,박승욱,KT,0.25,4,1,1,0,0,0,0,0,1,0,8번,2021
154,김준태,KT,0.242,66,16,2,0,2,11,10,1,18,2,8번,2021
155,권동진,KT,0.227,22,5,2,0,0,1,4,0,7,0,8번,2021
156,천성호,KT,0.2,5,1,0,0,0,0,0,0,0,0,8번,2021
157,김건형,KT,0.192,26,5,1,0,0,0,4,0,5,0,8번,2021
158,오윤석,KT,0.192,26,5,1,0,0,4,6,1,10,1,8번,2021
159,송민섭,KT,0.167,6,1,0,0,0,2,1,0,3,0,8번,2021
160,박경수,KT,0.164,55,9,1,0,3,10,7,0,14,1,8번,2021
161,이홍구,KT,0.118,34,4,0,0,1,2,2,0,17,1,8번,2021
162,유한준,KT,0.0,3,0,0,0,0,0,1,0,0,0,8번,2021
163,황재균,KT,0.0,4,0,0,0,0,0,0,0,1,1,8번,2021
164,강백호,KT,1.0,1,1,1,0,0,3,0,0,0,0,9번,2021
165,김민혁,KT,0.8,5,4,0,1,0,2,0,0,1,0,9번,2021
166,유한준,KT,0.5,6,3,2,0,0,4,1,0,0,0,9번,2021
167,장성우,KT,0.5,2,1,1,0,0,1,2,1,1,0,9번,2021
168,배정대,KT,0.375,8,3,1,0,1,2,2,0,3,0,9번,2021
169,신본기,KT,0.375,24,9,3,0,0,6,3,0,3,0,9번,2021
170,송민섭,KT,0.333,3,1,0,0,0,0,2,0,2,0,9번,2021
171,심우준,KT,0.281,367,103,19,2,6,46,31,4,61,1,9번,2021
172,권동진,KT,0.25,28,7,2,0,1,2,6,0,14,0,9번,2021
173,조용호,KT,0.25,12,3,2,0,0,5,4,0,3,1,9번,2021
174,고명성,KT,0.0,1,0,0,0,0,0,0,0,0,0,9번,2021
175,김병희,KT,0.0,1,0,0,0,0,0,2,0,1,0,9번,2021
176,김준태,KT,0.0,5,0,0,0,0,0,0,0,3,0,9번,2021
177,김태훈,KT,0.0,4,0,0,0,0,0,0,0,0,0,9번,2021
178,문상철,KT,0.0,2,0,0,0,0,0,0,0,1,0,9번,2021
179,박경수,KT,0.0,2,0,0,0,0,0,0,0,1,0,9번,2021
180,오윤석,KT,0.0,6,0,0,0,0,0,1,0,2,0,9번,2021
181,이홍구,KT,0.0,3,0,0,0,0,0,0,0,3,0,9번,2021
182,천성호,KT,0.0,1,0,0,0,0,0,0,0,0,0,9번,2021
183,허도환,KT,0.0,3,0,0,0,0,0,0,0,1,0,9번,2021
184,황재균,KT,0.0,1,0,0,0,0,0,1,0,1,0,9번,2021
185,박승욱,KT,1.0,1,1,0,0,0,0,0,0,0,0,상위(1~2번),2021
186,오윤석,KT,0.667,3,2,1,0,0,0,0,0,0,0,상위(1~2번),2021
187,강백호,KT,0.571,7,4,0,0,0,0,2,0,1,0,상위(1~2번),2021
188,알몬테,KT,0.4,5,2,0,0,0,1,1,0,1,0,상위(1~2번),2021
189,김병희,KT,0.333,3,1,0,0,0,1,0,1,2,0,상위(1~2번),2021
190,신본기,KT,0.333,6,2,1,0,0,2,1,0,3,0,상위(1~2번),2021
191,김민혁,KT,0.308,120,37,4,1,1,8,15,1,16,3,상위(1~2번),2021
192,호잉,KT,0.308,13,4,0,0,1,4,2,0,1,1,상위(1~2번),2021
193,황재균,KT,0.307,384,118,13,1,10,50,34,3,75,6,상위(1~2번),2021
194,배정대,KT,0.3,160,48,9,0,1,21,23,4,39,5,상위(1~2번),2021
195,유한준,KT,0.3,10,3,0,0,0,0,2,0,1,1,상위(1~2번),2021
196,김태훈,KT,0.286,7,2,0,0,0,0,0,1,2,0,상위(1~2번),2021
197,조용호,KT,0.231,363,84,10,1,0,37,66,2,73,6,상위(1~2번),2021
198,문상철,KT,0.231,13,3,0,0,0,2,0,0,4,0,상위(1~2번),2021
199,송민섭,KT,0.231,13,3,0,0,0,3,2,0,6,0,상위(1~2번),2021
200,장성우,KT,0.167,6,1,0,0,0,0,1,0,1,0,상위(1~2번),2021
201,천성호,KT,0.167,6,1,0,0,0,0,1,0,2,0,상위(1~2번),2021
202,심우준,KT,0.087,23,2,0,0,0,0,1,0,3,0,상위(1~2번),2021
203,권동진,KT,0.0,2,0,0,0,0,0,0,0,2,0,상위(1~2번),2021
204,김준태,KT,0.0,2,0,0,0,0,0,0,0,0,0,상위(1~2번),2021
205,박경수,KT,0.0,3,0,0,0,0,0,3,0,1,0,상위(1~2번),2021
206,홍현빈,KT,0.0,6,0,0,0,0,0,0,0,5,0,상위(1~2번),2021
207,홍현빈,KT,1.000,1,1,0,0,0,0,0,0,0,0,중심(3~5번),2021
208,김병희,KT,0.500,2,1,1,0,0,1,0,0,1,0,중심(3~5번),2021
209,오윤석,KT,0.400,15,6,3,0,1,1,0,0,5,1,중심(3~5번),2021
210,강백호,KT,0.343,508,174,39,1,16,99,101,0,84,7,중심(3~5번),2021
211,권동진,KT,0.333,3,1,0,0,0,0,1,0,2,0,중심(3~5번),2021
212,김민혁,KT,0.333,15,5,2,0,0,3,1,0,1,0,중심(3~5번),2021
213,김태훈,KT,0.333,9,3,0,1,0,0,1,0,2,0,중심(3~5번),2021
214,송민섭,KT,0.333,18,6,0,0,0,2,6,0,7,0,중심(3~5번),2021
215,천성호,KT,0.333,9,3,0,0,0,2,0,1,1,0,중심(3~5번),2021
216,강민국,KT,0.308,13,4,1,0,0,1,2,0,1,0,중심(3~5번),2021
217,유한준,KT,0.278,205,57,11,0,5,32,33,6,27,10,중심(3~5번),2021
218,알몬테,KT,0.267,217,58,8,0,7,33,20,1,48,9,중심(3~5번),2021
219,배정대,KT,0.234,201,47,6,0,8,33,15,8,50,1,중심(3~5번),2021
220,장성우,KT,0.229,140,32,4,0,4,16,19,0,27,6,중심(3~5번),2021
221,호잉,KT,0.221,181,40,6,1,7,30,15,3,35,1,중심(3~5번),2021
222,허도환,KT,0.167,12,2,0,0,0,3,1,0,4,2,중심(3~5번),2021
223,문상철,KT,0.150,40,6,3,0,1,8,5,0,16,1,중심(3~5번),2021
224,조용호,KT,0.111,9,1,0,0,0,0,2,0,0,1,중심(3~5번),2021
225,박경수,KT,0.095,21,2,0,0,1,3,3,0,8,0,중심(3~5번),2021
226,황재균,KT,0.083,36,3,2,0,0,2,7,0,9,4,중심(3~5번),2021
227,고영표,KT,-,0,0,0,0,0,0,1,0,0,0,중심(3~5번),2021
228,김준태,KT,0.000,2,0,0,0,0,0,1,0,1,0,중심(3~5번),2021
229,박승욱,KT,0.000,1,0,0,0,0,0,0,0,0,0,중심(3~5번),2021
230,신본기,KT,0.000,2,0,0,0,0,0,1,0,0,0,중심(3~5번),2021
231,이홍구,KT,0.000,2,0,0,0,0,0,0,0,1,1,중심(3~5번),2021
232,강백호,KT,1.0,1,1,1,0,0,3,0,0,0,0,하위(6~9번),2021
233,유한준,KT,0.403,67,27,5,0,0,10,9,1,6,1,하위(6~9번),2021
234,김민혁,KT,0.351,37,13,0,1,0,2,4,1,9,0,하위(6~9번),2021
235,알몬테,KT,0.333,3,1,1,0,0,2,1,0,1,0,하위(6~9번),2021
236,황재균,KT,0.333,33,11,1,1,0,4,5,0,8,1,하위(6~9번),2021
237,천성호,KT,0.296,27,8,1,0,0,2,2,1,6,0,하위(6~9번),2021
238,허도환,KT,0.29,93,27,6,0,2,18,7,2,24,1,하위(6~9번),2021
239,조용호,KT,0.286,56,16,4,0,0,11,6,1,12,1,하위(6~9번),2021
240,문상철,KT,0.279,43,12,3,0,1,6,3,2,13,0,하위(6~9번),2021
241,심우준,KT,0.279,384,107,20,2,6,48,31,4,62,2,하위(6~9번),2021
242,호잉,KT,0.277,65,18,5,0,3,18,9,1,16,0,하위(6~9번),2021
243,김병희,KT,0.277,47,13,2,0,5,11,13,2,12,0,하위(6~9번),2021
244,권동진,KT,0.258,62,16,5,0,1,6,17,0,26,0,하위(6~9번),2021
245,박승욱,KT,0.25,4,1,1,0,0,0,0,0,1,0,하위(6~9번),2021
246,홍현빈,KT,0.25,4,1,0,0,0,0,0,0,3,0,하위(6~9번),2021
247,배정대,KT,0.248,149,37,8,1,3,14,27,0,43,3,하위(6~9번),2021
248,신본기,KT,0.235,166,39,7,0,1,17,20,4,42,6,하위(6~9번),2021
249,장성우,KT,0.234,239,56,9,0,10,47,40,3,41,10,하위(6~9번),2021
250,오윤석,KT,0.219,146,32,7,0,3,15,27,2,42,3,하위(6~9번),2021
251,강민국,KT,0.219,32,7,1,0,0,3,1,0,5,1,하위(6~9번),2021
252,김건형,KT,0.212,33,7,1,0,0,0,6,0,6,0,하위(6~9번),2021
253,김태훈,KT,0.211,71,15,4,0,1,6,1,0,15,1,하위(6~9번),2021
254,박경수,KT,0.205,215,44,10,0,8,30,28,3,67,7,하위(6~9번),2021
255,김준태,KT,0.202,124,25,5,0,4,15,17,1,39,3,하위(6~9번),2021
256,이홍구,KT,0.17,53,9,0,0,1,5,2,0,27,3,하위(6~9번),2021
257,송민섭,KT,0.118,17,2,0,0,0,2,4,0,9,0,하위(6~9번),2021
258,고명성,KT,0.0,1,0,0,0,0,0,0,0,0,0,하위(6~9번),2021
259,이재원,LG,0.5,2,1,0,0,1,2,0,0,1,0,1번,2021
260,이영빈,LG,0.333,3,1,0,0,0,0,0,0,0,0,1번,2021
261,홍창기,LG,0.328,519,170,25,2,4,52,108,16,94,6,1번,2021
262,서건창,LG,0.274,113,31,4,1,3,10,11,1,19,6,1번,2021
263,이천웅,LG,0.263,19,5,1,0,0,2,2,0,4,0,1번,2021
264,구본혁,LG,0.0,1,0,0,0,0,0,0,0,0,0,1번,2021
265,김용의,LG,0.0,2,0,0,0,0,0,0,0,1,0,1번,2021
266,신민재,LG,0.0,1,0,0,0,0,0,1,0,0,0,1번,2021
267,안익훈,LG,0.0,2,0,0,0,0,0,0,1,0,0,1번,2021
268,이형종,LG,0.0,1,0,0,0,0,0,1,0,0,0,1번,2021
269,안익훈,LG,0.500,2,1,0,0,0,0,0,0,0,0,2번,2021
270,정주현,LG,0.500,4,2,1,0,0,0,1,0,0,0,2번,2021
271,라모스,LG,0.308,26,8,1,0,1,4,4,0,2,0,2번,2021
272,김현수,LG,0.282,117,33,3,0,4,22,11,1,8,2,2번,2021
273,이주형,LG,0.250,4,1,0,0,0,0,0,0,1,0,2번,2021
274,이형종,LG,0.247,81,20,2,0,8,19,18,2,14,6,2번,2021
275,오지환,LG,0.238,168,40,6,1,1,12,14,3,36,3,2번,2021
276,문보경,LG,0.211,19,4,0,0,0,2,4,0,3,0,2번,2021
277,서건창,LG,0.206,126,26,9,0,0,9,24,3,17,3,2번,2021
278,문성주,LG,0.200,10,2,0,0,0,0,1,1,0,1,2번,2021
279,이천웅,LG,0.169,59,10,1,0,1,8,7,0,4,7,2번,2021
280,구본혁,LG,0.000,1,0,0,0,0,0,0,1,0,0,2번,2021
281,김민성,LG,0.000,1,0,0,0,0,0,0,0,0,0,2번,2021
282,김용의,LG,0.000,5,0,0,0,0,0,2,0,3,0,2번,2021
283,손호영,LG,0.000,2,0,0,0,0,0,0,1,1,0,2번,2021
284,유강남,LG,-,0,0,0,0,0,0,1,0,0,0,2번,2021
285,이상호,LG,0.000,1,0,0,0,0,0,0,0,1,0,2번,2021
286,이영빈,LG,0.000,10,0,0,0,0,0,0,0,3,0,2번,2021
287,이재원,LG,0.000,1,0,0,0,0,0,0,0,0,0,2번,2021
288,문성주,LG,1.0,1,1,0,0,0,0,0,0,0,0,3번,2021
289,이영빈,LG,1.0,1,1,0,0,0,0,0,0,0,0,3번,2021
290,홍창기,LG,1.0,1,1,0,0,0,0,1,0,0,0,3번,2021
291,신민재,LG,0.4,5,2,0,0,0,2,0,0,0,0,3번,2021
292,이상호,LG,0.333,6,2,0,0,0,2,0,0,2,0,3번,2021
293,김현수,LG,0.28,321,90,14,0,12,61,55,2,30,5,3번,2021
294,서건창,LG,0.269,212,57,8,1,3,24,23,4,28,5,3번,2021
295,이형종,LG,0.125,24,3,1,0,0,1,1,0,7,0,3번,2021
296,라모스,LG,0.083,12,1,0,0,0,0,2,0,2,0,3번,2021
297,구본혁,LG,0.0,2,0,0,0,0,0,0,0,0,0,3번,2021
298,김용의,LG,0.0,1,0,0,0,0,0,0,0,0,0,3번,2021
299,안익훈,LG,0.0,1,0,0,0,0,0,0,0,0,0,3번,2021
300,유강남,LG,0.0,1,0,0,0,0,0,0,0,0,0,3번,2021
301,이재원,LG,0.0,2,0,0,0,0,0,0,0,2,0,3번,2021
302,이천웅,LG,0.0,3,0,0,0,0,0,0,0,0,0,3번,2021
303,장준원,LG,0.0,1,0,0,0,0,0,0,0,0,0,3번,2021
304,채은성,LG,0.0,10,0,0,0,0,1,0,0,2,0,3번,2021
305,김재성,LG,1.0,1,1,0,0,0,0,0,0,0,0,4번,2021
306,김용의,LG,0.5,2,1,0,0,0,1,1,0,0,0,4번,2021
307,유강남,LG,0.4,5,2,0,0,0,0,0,0,1,0,4번,2021
308,문보경,LG,0.333,3,1,1,0,0,0,0,0,1,0,4번,2021
309,안익훈,LG,0.333,3,1,1,0,0,1,0,1,0,0,4번,2021
310,김현수,LG,0.309,68,21,6,1,1,13,11,0,4,0,4번,2021
311,채은성,LG,0.296,297,88,16,0,14,77,34,15,67,7,4번,2021
312,서건창,LG,0.286,21,6,1,0,0,5,2,0,4,0,4번,2021
313,라모스,LG,0.193,57,11,4,0,3,7,8,0,16,0,4번,2021
314,이형종,LG,0.146,41,6,2,0,1,6,5,1,12,3,4번,2021
315,이재원,LG,0.13,23,3,2,0,1,1,1,2,9,0,4번,2021
316,보어,LG,0.107,28,3,0,0,1,2,2,1,11,2,4번,2021
317,신민재,LG,0.0,3,0,0,0,0,0,0,0,0,0,4번,2021
318,오지환,LG,0.0,4,0,0,0,0,0,0,0,0,0,4번,2021
319,이영빈,LG,0.0,2,0,0,0,0,0,0,0,1,0,4번,2021
320,이천웅,LG,0.0,1,0,0,0,0,0,0,0,0,0,4번,2021
321,최민창,LG,0.0,1,0,0,0,0,0,0,0,0,0,4번,2021
322,이형종,LG,0.289,38,11,4,0,0,3,3,1,16,0,5번,2021
323,이천웅,LG,0.281,32,9,1,0,1,5,5,1,2,0,5번,2021
324,라모스,LG,0.273,66,18,1,0,3,9,3,2,17,2,5번,2021
325,이재원,LG,0.265,34,9,0,0,1,6,7,0,8,1,5번,2021
326,오지환,LG,0.255,161,41,6,1,4,24,20,0,18,5,5번,2021
327,문성주,LG,0.25,4,1,0,0,0,0,0,0,1,0,5번,2021
328,서건창,LG,0.25,16,4,2,0,0,2,2,1,4,0,5번,2021
329,채은성,LG,0.246,69,17,4,0,2,3,4,1,8,2,5번,2021
330,유강남,LG,0.225,40,9,1,0,0,6,3,0,9,1,5번,2021
331,문보경,LG,0.219,32,7,1,0,1,2,6,0,5,0,5번,2021
332,이영빈,LG,0.167,6,1,0,0,0,0,0,0,3,0,5번,2021
333,구본혁,LG,0.143,7,1,0,0,0,1,0,0,3,0,5번,2021
334,김민성,LG,0.111,45,5,1,0,1,3,6,0,11,1,5번,2021
335,김용의,LG,0.0,1,0,0,0,0,0,0,0,0,0,5번,2021
336,김호은,LG,0.0,4,0,0,0,0,0,0,0,2,0,5번,2021
337,신민재,LG,0.0,2,0,0,0,0,0,0,0,2,0,5번,2021
338,안익훈,LG,0.0,1,0,0,0,0,0,0,0,1,0,5번,2021
339,이상호,LG,0.0,1,0,0,0,0,0,0,0,0,1,5번,2021
340,장준원,LG,0.0,1,0,0,0,0,0,0,0,0,0,5번,2021
341,정주현,LG,0.0,1,0,0,0,0,0,0,0,0,0,5번,2021
342,이상호,LG,1.0,1,1,0,0,0,2,0,0,0,0,6번,2021
343,이영빈,LG,0.375,8,3,1,0,0,1,2,2,2,0,6번,2021
344,라모스,LG,0.313,16,5,1,0,0,3,1,0,2,0,6번,2021
345,서건창,LG,0.313,16,5,0,0,0,2,2,0,4,0,6번,2021
346,구본혁,LG,0.286,7,2,0,0,0,1,1,0,0,0,6번,2021
347,문성주,LG,0.273,11,3,0,0,0,1,1,1,2,0,6번,2021
348,채은성,LG,0.25,4,1,0,0,0,0,0,0,1,0,6번,2021
349,김민성,LG,0.249,181,45,14,0,5,20,16,5,28,5,6번,2021
350,이형종,LG,0.243,37,9,1,0,1,3,3,1,9,0,6번,2021
351,이재원,LG,0.238,21,5,3,0,0,2,1,0,6,0,6번,2021
352,문보경,LG,0.195,87,17,3,1,4,16,10,0,20,3,6번,2021
353,유강남,LG,0.194,36,7,1,0,1,7,3,0,7,1,6번,2021
354,오지환,LG,0.193,57,11,1,0,2,5,8,1,8,2,6번,2021
355,김재성,LG,0.167,6,1,0,0,0,1,0,0,2,0,6번,2021
356,이천웅,LG,0.125,24,3,1,0,0,0,1,1,8,0,6번,2021
357,보어,LG,0.053,19,1,1,0,0,2,2,1,7,0,6번,2021
358,김용의,LG,0.0,2,0,0,0,0,0,2,0,0,0,6번,2021
359,김주성,LG,0.0,1,0,0,0,0,0,1,0,0,0,6번,2021
360,안익훈,LG,0.0,1,0,0,0,0,0,0,0,0,0,6번,2021
361,장준원,LG,0.0,1,0,0,0,0,0,0,0,0,0,6번,2021
362,김용의,LG,0.5,2,1,0,0,0,0,2,0,0,0,7번,2021
363,이상호,LG,0.5,6,3,0,0,0,1,0,0,0,0,7번,2021
364,홍창기,LG,0.5,2,1,1,0,0,0,0,0,0,0,7번,2021
365,한석현,LG,0.429,7,3,2,0,0,0,2,1,2,1,7번,2021
366,정주현,LG,0.375,8,3,0,0,1,1,2,0,1,1,7번,2021
367,오지환,LG,0.345,29,10,2,0,0,4,2,0,9,0,7번,2021
368,문보경,LG,0.309,68,21,3,0,3,12,11,0,16,2,7번,2021
369,유강남,LG,0.286,42,12,1,0,2,8,4,3,3,1,7번,2021
370,이재원,LG,0.283,46,13,0,0,2,3,3,0,13,1,7번,2021
371,이주형,LG,0.25,4,1,0,0,0,0,0,1,1,0,7번,2021
372,이형종,LG,0.25,4,1,1,0,0,1,0,0,1,1,7번,2021
373,김민성,LG,0.224,116,26,6,0,2,13,16,3,31,1,7번,2021
374,보어,LG,0.214,28,6,0,0,0,5,6,0,7,0,7번,2021
375,문성주,LG,0.207,29,6,1,0,0,4,1,0,7,0,7번,2021
376,라모스,LG,0.2,5,1,0,0,1,1,0,0,2,0,7번,2021
377,서건창,LG,0.2,5,1,0,0,0,0,1,0,1,0,7번,2021
378,이영빈,LG,0.167,60,10,4,0,0,5,6,1,26,0,7번,2021
379,채은성,LG,0.167,6,1,0,0,0,1,0,0,2,0,7번,2021
380,이천웅,LG,0.1,20,2,0,0,0,0,7,0,3,1,7번,2021
381,구본혁,LG,0.0,1,0,0,0,0,0,0,0,0,0,7번,2021
382,김재성,LG,0.0,5,0,0,0,0,0,1,0,1,0,7번,2021
383,김호은,LG,0.0,1,0,0,0,0,0,0,0,1,0,7번,2021
384,신민재,LG,0.0,1,0,0,0,0,0,0,0,1,0,7번,2021
385,안익훈,LG,0.0,2,0,0,0,0,0,0,0,1,0,7번,2021
386,이성우,LG,0.0,1,0,0,0,0,0,0,0,0,0,7번,2021
387,최민창,LG,0.0,1,0,0,0,0,0,0,0,0,0,7번,2021
388,오지환,LG,0.556,9,5,2,0,0,3,0,0,1,0,8번,2021
389,이영빈,LG,0.391,23,9,2,0,0,2,2,0,6,1,8번,2021
390,이상호,LG,0.353,17,6,2,0,0,4,0,0,2,0,8번,2021
391,이재원,LG,0.333,18,6,1,0,0,3,1,0,7,0,8번,2021
392,보어,LG,0.292,24,7,1,0,2,8,1,1,5,0,8번,2021
393,이천웅,LG,0.278,18,5,2,0,0,1,2,0,2,3,8번,2021
394,유강남,LG,0.27,211,57,11,0,6,28,13,7,43,5,8번,2021
395,구본혁,LG,0.25,4,1,1,0,0,0,0,0,1,0,8번,2021
396,정주현,LG,0.208,53,11,0,0,1,1,8,0,9,2,8번,2021
397,김민성,LG,0.2,5,1,1,0,0,1,1,0,1,0,8번,2021
398,김주성,LG,0.2,5,1,0,0,1,1,0,0,3,0,8번,2021
399,한석현,LG,0.182,11,2,0,1,0,1,1,0,4,0,8번,2021
400,문보경,LG,0.171,35,6,2,0,0,2,7,0,11,0,8번,2021
401,김재성,LG,0.1,40,4,2,0,0,1,3,1,7,2,8번,2021
402,김용의,LG,0.0,1,0,0,0,0,1,1,0,0,0,8번,2021
403,라모스,LG,0.0,1,0,0,0,0,0,0,0,1,0,8번,2021
404,문성주,LG,0.0,2,0,0,0,0,0,1,0,0,0,8번,2021
405,서건창,LG,0.0,2,0,0,0,0,0,1,0,1,0,8번,2021
406,손호영,LG,0.0,3,0,0,0,0,0,0,0,1,0,8번,2021
407,신민재,LG,0.0,7,0,0,0,0,0,0,0,2,0,8번,2021
408,이성우,LG,0.0,2,0,0,0,0,0,0,0,0,1,8번,2021
409,이주형,LG,0.0,3,0,0,0,0,0,1,0,2,0,8번,2021
410,이형종,LG,0.0,5,0,0,0,0,0,1,2,4,0,8번,2021
411,채은성,LG,0.0,1,0,0,0,0,0,0,0,0,0,8번,2021
412,라모스,LG,0.5,2,1,0,1,0,1,0,0,1,0,9번,2021
413,이천웅,LG,0.4,5,2,1,0,0,0,1,1,0,0,9번,2021
414,한석현,LG,0.333,3,1,0,0,0,0,0,0,1,0,9번,2021
415,이영빈,LG,0.314,35,11,2,0,2,8,5,0,10,0,9번,2021
416,오지환,LG,0.306,36,11,2,0,1,9,10,1,10,1,9번,2021
417,김민성,LG,0.25,12,3,0,0,0,2,3,0,2,0,9번,2021
418,신민재,LG,0.25,4,1,0,0,0,0,3,0,1,0,9번,2021
419,이형종,LG,0.25,8,2,0,0,0,1,2,0,2,0,9번,2021
420,이상호,LG,0.242,33,8,0,0,0,3,1,0,5,1,9번,2021
421,문보경,LG,0.235,34,8,1,0,0,5,8,0,8,0,9번,2021
422,정주현,LG,0.235,115,27,6,1,1,8,13,0,22,1,9번,2021
423,이성우,LG,0.233,30,7,0,0,0,2,1,0,8,0,9번,2021
424,김재성,LG,0.231,13,3,0,1,1,1,1,0,3,0,9번,2021
425,문성주,LG,0.227,22,5,0,0,1,5,3,0,5,0,9번,2021
426,유강남,LG,0.21,62,13,2,0,2,11,1,4,12,3,9번,2021
427,손호영,LG,0.2,5,1,0,0,0,0,1,0,0,0,9번,2021
428,김용의,LG,0.182,11,2,2,0,0,0,1,0,1,1,9번,2021
429,이재원,LG,0.143,7,1,0,0,0,0,1,0,2,0,9번,2021
430,구본혁,LG,0.067,15,1,1,0,0,1,2,0,3,0,9번,2021
431,김호은,LG,0.0,4,0,0,0,0,0,0,0,1,0,9번,2021
432,보어,LG,0.0,1,0,0,0,0,0,0,0,0,0,9번,2021
433,서건창,LG,0.0,2,0,0,0,0,0,3,0,0,0,9번,2021
434,안익훈,LG,0.0,2,0,0,0,0,0,0,0,0,1,9번,2021
435,이주형,LG,0.0,5,0,0,0,0,0,0,0,3,0,9번,2021
436,홍창기,LG,0.0,2,0,0,0,0,0,0,0,1,0,9번,2021
437,정주현,LG,0.500,4,2,1,0,0,0,1,0,0,0,상위(1~2번),2021
438,이재원,LG,0.333,3,1,0,0,1,2,0,0,1,0,상위(1~2번),2021
439,홍창기,LG,0.328,519,170,25,2,4,52,108,16,94,6,상위(1~2번),2021
440,라모스,LG,0.308,26,8,1,0,1,4,4,0,2,0,상위(1~2번),2021
441,김현수,LG,0.282,117,33,3,0,4,22,11,1,8,2,상위(1~2번),2021
442,안익훈,LG,0.250,4,1,0,0,0,0,0,1,0,0,상위(1~2번),2021
443,이주형,LG,0.250,4,1,0,0,0,0,0,0,1,0,상위(1~2번),2021
444,이형종,LG,0.244,82,20,2,0,8,19,19,2,14,6,상위(1~2번),2021
445,서건창,LG,0.238,239,57,13,1,3,19,35,4,36,9,상위(1~2번),2021
446,오지환,LG,0.238,168,40,6,1,1,12,14,3,36,3,상위(1~2번),2021
447,문보경,LG,0.211,19,4,0,0,0,2,4,0,3,0,상위(1~2번),2021
448,문성주,LG,0.200,10,2,0,0,0,0,1,1,0,1,상위(1~2번),2021
449,이천웅,LG,0.192,78,15,2,0,1,10,9,0,8,7,상위(1~2번),2021
450,이영빈,LG,0.077,13,1,0,0,0,0,0,0,3,0,상위(1~2번),2021
451,구본혁,LG,0.000,2,0,0,0,0,0,0,1,0,0,상위(1~2번),2021
452,김민성,LG,0.000,1,0,0,0,0,0,0,0,0,0,상위(1~2번),2021
453,김용의,LG,0.000,7,0,0,0,0,0,2,0,4,0,상위(1~2번),2021
454,손호영,LG,0.000,2,0,0,0,0,0,0,1,1,0,상위(1~2번),2021
455,신민재,LG,0.000,1,0,0,0,0,0,1,0,0,0,상위(1~2번),2021
456,유강남,LG,-,0,0,0,0,0,0,1,0,0,0,상위(1~2번),2021
457,이상호,LG,0.000,1,0,0,0,0,0,0,0,1,0,상위(1~2번),2021
458,김재성,LG,1.0,1,1,0,0,0,0,0,0,0,0,중심(3~5번),2021
459,홍창기,LG,1.0,1,1,0,0,0,0,1,0,0,0,중심(3~5번),2021
460,문성주,LG,0.4,5,2,0,0,0,0,0,0,1,0,중심(3~5번),2021
461,이상호,LG,0.286,7,2,0,0,0,2,0,0,2,1,중심(3~5번),2021
462,김현수,LG,0.285,389,111,20,1,13,74,66,2,34,5,중심(3~5번),2021
463,채은성,LG,0.279,376,105,20,0,16,81,38,16,77,9,중심(3~5번),2021
464,서건창,LG,0.269,249,67,11,1,3,31,27,5,36,5,중심(3~5번),2021
465,김용의,LG,0.25,4,1,0,0,0,1,1,0,0,0,중심(3~5번),2021
466,이천웅,LG,0.25,36,9,1,0,1,5,5,1,2,0,중심(3~5번),2021
467,오지환,LG,0.248,165,41,6,1,4,24,20,0,18,5,중심(3~5번),2021
468,유강남,LG,0.239,46,11,1,0,0,6,3,0,10,1,중심(3~5번),2021
469,문보경,LG,0.229,35,8,2,0,1,2,6,0,6,0,중심(3~5번),2021
470,라모스,LG,0.222,135,30,5,0,6,16,13,2,35,2,중심(3~5번),2021
471,이영빈,LG,0.222,9,2,0,0,0,0,0,0,4,0,중심(3~5번),2021
472,이재원,LG,0.203,59,12,2,0,2,7,8,2,19,1,중심(3~5번),2021
473,신민재,LG,0.2,10,2,0,0,0,2,0,0,2,0,중심(3~5번),2021
474,안익훈,LG,0.2,5,1,1,0,0,1,0,1,1,0,중심(3~5번),2021
475,이형종,LG,0.194,103,20,7,0,1,10,9,2,35,3,중심(3~5번),2021
476,구본혁,LG,0.111,9,1,0,0,0,1,0,0,3,0,중심(3~5번),2021
477,김민성,LG,0.111,45,5,1,0,1,3,6,0,11,1,중심(3~5번),2021
478,보어,LG,0.107,28,3,0,0,1,2,2,1,11,2,중심(3~5번),2021
479,김호은,LG,0.0,4,0,0,0,0,0,0,0,2,0,중심(3~5번),2021
480,장준원,LG,0.0,2,0,0,0,0,0,0,0,0,0,중심(3~5번),2021
481,정주현,LG,0.0,1,0,0,0,0,0,0,0,0,0,중심(3~5번),2021
482,최민창,LG,0.0,1,0,0,0,0,0,0,0,0,0,중심(3~5번),2021
483,이상호,LG,0.316,57,18,2,0,0,10,1,0,7,1,하위(6~9번),2021
484,라모스,LG,0.292,24,7,1,1,1,5,1,0,6,0,하위(6~9번),2021
485,한석현,LG,0.286,21,6,2,1,0,1,3,1,7,1,하위(6~9번),2021
486,오지환,LG,0.282,131,37,7,0,3,21,20,2,28,3,하위(6~9번),2021
487,이재원,LG,0.272,92,25,4,0,2,8,6,0,28,1,하위(6~9번),2021
488,이영빈,LG,0.262,126,33,9,0,2,16,15,3,44,1,하위(6~9번),2021
489,유강남,LG,0.254,351,89,15,0,11,54,21,14,65,10,하위(6~9번),2021
490,홍창기,LG,0.25,4,1,1,0,0,0,0,0,1,0,하위(6~9번),2021
491,서건창,LG,0.24,25,6,0,0,0,2,7,0,6,0,하위(6~9번),2021
492,김민성,LG,0.239,314,75,21,0,7,36,36,8,62,6,하위(6~9번),2021
493,정주현,LG,0.233,176,41,6,1,3,10,23,0,32,4,하위(6~9번),2021
494,문보경,LG,0.232,224,52,9,1,7,35,36,0,55,5,하위(6~9번),2021
495,이형종,LG,0.222,54,12,2,0,1,5,6,3,16,1,하위(6~9번),2021
496,문성주,LG,0.219,64,14,1,0,1,10,6,1,14,0,하위(6~9번),2021
497,이성우,LG,0.212,33,7,0,0,0,2,1,0,8,1,하위(6~9번),2021
498,보어,LG,0.194,72,14,2,0,2,15,9,2,19,0,하위(6~9번),2021
499,김용의,LG,0.188,16,3,2,0,0,1,6,0,1,1,하위(6~9번),2021
500,채은성,LG,0.182,11,2,0,0,0,1,0,0,3,0,하위(6~9번),2021
501,이천웅,LG,0.179,67,12,4,0,0,1,11,2,13,4,하위(6~9번),2021
502,김주성,LG,0.167,6,1,0,0,1,1,1,0,3,0,하위(6~9번),2021
503,구본혁,LG,0.148,27,4,2,0,0,2,3,0,4,0,하위(6~9번),2021
504,김재성,LG,0.125,64,8,2,1,1,3,5,1,13,2,하위(6~9번),2021
505,손호영,LG,0.125,8,1,0,0,0,0,1,0,1,0,하위(6~9번),2021
506,신민재,LG,0.083,12,1,0,0,0,0,3,0,4,0,하위(6~9번),2021
507,이주형,LG,0.083,12,1,0,0,0,0,1,1,6,0,하위(6~9번),2021
508,김호은,LG,0.0,5,0,0,0,0,0,0,0,2,0,하위(6~9번),2021
509,안익훈,LG,0.0,5,0,0,0,0,0,0,0,1,1,하위(6~9번),2021
510,장준원,LG,0.0,1,0,0,0,0,0,0,0,0,0,하위(6~9번),2021
511,최민창,LG,0.0,1,0,0,0,0,0,0,0,0,0,하위(6~9번),2021
512,김재호,두산,1.000,1,1,0,0,0,0,0,0,0,0,1번,2021
513,안권수,두산,1.000,2,2,0,0,0,0,0,0,0,0,1번,2021
514,안재석,두산,0.400,10,4,1,0,0,0,2,1,1,0,1번,2021
515,박건우,두산,0.375,48,18,7,0,1,6,6,0,10,1,1번,2021
516,최용제,두산,0.333,3,1,0,0,0,0,0,0,2,0,1번,2021
517,조수행,두산,0.308,13,4,0,0,0,0,0,1,5,0,1번,2021
518,정수빈,두산,0.295,176,52,16,2,2,20,10,2,23,2,1번,2021
519,허경민,두산,0.287,310,89,17,1,4,36,24,2,25,14,1번,2021
520,권민석,두산,0.250,4,1,0,0,0,0,1,0,2,0,1번,2021
521,김인태,두산,0.143,28,4,1,0,1,2,7,0,6,1,1번,2021
522,강승호,두산,0.000,4,0,0,0,0,0,1,0,3,0,1번,2021
523,김민혁,두산,0.000,2,0,0,0,0,0,0,0,0,0,1번,2021
524,박계범,두산,0.000,3,0,0,0,0,0,0,0,1,0,1번,2021
525,박지훈,두산,0.000,1,0,0,0,0,0,1,0,0,0,1번,2021
526,신성현,두산,0.000,1,0,0,0,0,0,0,0,1,0,1번,2021
527,양석환,두산,0.000,1,0,0,0,0,0,0,0,0,0,1번,2021
528,오명진,두산,0.000,2,0,0,0,0,0,0,0,0,0,1번,2021
529,오재원,두산,0.000,2,0,0,0,0,0,1,0,0,0,1번,2021
530,전민재,두산,0.000,1,0,0,0,0,0,0,0,1,0,1번,2021
531,페르난데스,두산,0.000,8,0,0,0,0,0,0,0,0,0,1번,2021
532,안권수,두산,0.667,3,2,0,0,0,1,0,0,0,0,2번,2021
533,박건우,두산,0.500,2,1,0,0,0,1,0,0,0,0,2번,2021
534,김재환,두산,0.324,34,11,2,0,1,5,2,0,10,1,2번,2021
535,페르난데스,두산,0.320,325,104,17,0,7,40,35,3,22,8,2번,2021
536,박계범,두산,0.280,25,7,1,0,0,5,4,0,7,0,2번,2021
537,김인태,두산,0.252,119,30,6,1,5,15,24,2,20,4,2번,2021
538,조수행,두산,0.250,24,6,0,1,1,3,7,1,7,1,2번,2021
539,김재호,두산,0.167,6,1,0,0,0,0,3,0,2,0,2번,2021
540,정수빈,두산,0.087,23,2,0,0,0,1,4,0,6,0,2번,2021
541,강승호,두산,0.000,2,0,0,0,0,0,2,1,0,0,2번,2021
542,김민혁,두산,0.000,1,0,0,0,0,0,1,0,0,0,2번,2021
543,안재석,두산,0.000,2,0,0,0,0,0,0,0,1,0,2번,2021
544,오재원,두산,0.000,2,0,0,0,0,0,0,0,1,0,2번,2021
545,장승현,두산,0.000,1,0,0,0,0,0,0,0,0,0,2번,2021
546,전민재,두산,-,0,0,0,0,0,1,0,0,0,0,2번,2021
547,최용제,두산,0.000,3,0,0,0,0,0,1,0,1,0,2번,2021
548,허경민,두산,0.000,4,0,0,0,0,0,0,0,0,0,2번,2021
549,전민재,두산,1.000,1,1,0,0,0,0,0,0,0,0,3번,2021
550,김인태,두산,0.500,14,7,0,0,0,2,2,0,3,0,3번,2021
551,국해성,두산,0.333,3,1,0,0,0,0,0,0,1,0,3번,2021
552,정수빈,두산,0.333,3,1,0,0,1,3,0,0,1,0,3번,2021
553,조수행,두산,0.333,9,3,1,0,0,1,1,0,2,0,3번,2021
554,박건우,두산,0.319,389,124,21,1,5,53,43,10,58,14,3번,2021
555,페르난데스,두산,0.290,131,38,5,0,4,23,20,1,7,14,3번,2021
556,안권수,두산,0.273,11,3,0,1,0,3,1,0,1,0,3번,2021
557,김민혁,두산,-,0,0,0,0,0,0,1,0,0,0,3번,2021
558,김재환,두산,0.000,3,0,0,0,0,0,2,0,0,0,3번,2021
559,박지훈,두산,0.000,1,0,0,0,0,0,0,0,1,0,3번,2021
560,신성현,두산,0.000,1,0,0,0,0,0,0,0,1,0,3번,2021
561,최용제,두산,0.000,2,0,0,0,0,0,0,0,0,0,3번,2021
562,허경민,두산,0.000,1,0,0,0,0,0,0,1,0,0,3번,2021
563,김인태,두산,0.667,3,2,0,0,0,1,1,0,1,0,4번,2021
564,조수행,두산,0.400,15,6,1,0,0,4,3,0,7,0,4번,2021
565,김재환,두산,0.271,435,118,21,2,25,94,77,5,117,8,4번,2021
566,페르난데스,두산,0.256,39,10,1,0,1,9,6,1,2,3,4번,2021
567,양석환,두산,0.214,28,6,2,0,1,6,6,0,7,0,4번,2021
568,정수빈,두산,0.167,6,1,1,0,0,1,0,0,0,0,4번,2021
569,김재호,두산,0.000,1,0,0,0,0,0,0,0,1,0,4번,2021
570,신성현,두산,-,0,0,0,0,0,0,1,0,0,0,4번,2021
571,안권수,두산,0.000,8,0,0,0,0,0,1,0,0,0,4번,2021
572,안재석,두산,0.000,2,0,0,0,0,0,0,0,1,1,4번,2021
573,오재원,두산,0.000,2,0,0,0,0,0,0,0,2,0,4번,2021
574,최용제,두산,0.000,2,0,0,0,0,0,0,0,0,0,4번,2021
575,정수빈,두산,1.000,1,1,0,0,0,0,0,0,0,0,5번,2021
576,안재석,두산,0.667,3,2,0,0,0,1,2,0,0,0,5번,2021
577,최용제,두산,0.667,3,2,0,0,0,2,0,0,1,0,5번,2021
578,박지훈,두산,0.600,5,3,1,0,0,2,0,1,1,0,5번,2021
579,페르난데스,두산,0.545,22,12,1,0,1,7,4,1,1,0,5번,2021
580,권민석,두산,0.333,3,1,1,0,0,1,0,0,2,0,5번,2021
581,박건우,두산,0.286,7,2,1,0,0,1,0,0,2,1,5번,2021
582,양석환,두산,0.281,449,126,20,0,26,89,35,9,124,10,5번,2021
583,강승호,두산,0.250,4,1,0,1,0,0,0,0,0,1,5번,2021
584,오재원,두산,0.250,4,1,0,0,0,1,1,0,1,1,5번,2021
585,김인태,두산,0.226,31,7,1,0,0,2,3,0,7,0,5번,2021
586,박세혁,두산,0.111,9,1,0,0,0,0,3,1,0,0,5번,2021
587,김민혁,두산,0.000,1,0,0,0,0,0,0,0,0,0,5번,2021
588,김재호,두산,0.000,1,0,0,0,0,0,0,0,1,0,5번,2021
589,박계범,두산,0.000,1,0,0,0,0,0,0,0,0,1,5번,2021
590,신성현,두산,0.000,3,0,0,0,0,0,0,0,1,0,5번,2021
591,안권수,두산,0.000,2,0,0,0,0,0,0,0,0,0,5번,2021
592,장승현,두산,0.000,4,0,0,0,0,0,0,0,2,0,5번,2021
593,조수행,두산,0.000,1,0,0,0,0,0,0,0,1,0,5번,2021
594,허경민,두산,0.000,5,0,0,0,0,0,0,0,0,0,5번,2021
595,페르난데스,두산,0.400,15,6,0,0,2,2,0,0,3,0,6번,2021
596,정수빈,두산,0.375,8,3,0,0,0,2,0,0,1,0,6번,2021
597,박건우,두산,0.333,9,3,2,0,0,2,1,0,1,0,6번,2021
598,장승현,두산,0.333,6,2,1,0,0,0,0,0,1,0,6번,2021
599,강승호,두산,0.300,50,15,3,1,0,7,2,0,16,0,6번,2021
600,박세혁,두산,0.283,46,13,1,0,0,6,9,3,10,2,6번,2021
601,박계범,두산,0.281,135,38,4,1,2,19,24,5,28,4,6번,2021
602,허경민,두산,0.267,60,16,4,0,0,6,8,3,1,2,6번,2021
603,김인태,두산,0.250,100,25,6,0,1,17,21,0,20,5,6번,2021
604,안재석,두산,0.238,21,5,0,0,0,3,1,1,11,0,6번,2021
605,오재원,두산,0.231,13,3,0,0,0,2,0,0,1,1,6번,2021
606,양석환,두산,0.143,7,1,0,0,1,1,1,0,2,0,6번,2021
607,최용제,두산,0.143,7,1,0,0,0,1,1,0,2,0,6번,2021
608,김재호,두산,0.120,25,3,0,0,0,2,3,1,4,1,6번,2021
609,국해성,두산,0.000,4,0,0,0,0,0,0,0,0,0,6번,2021
610,박성재,두산,0.000,1,0,0,0,0,0,0,0,1,0,6번,2021
611,안권수,두산,0.000,1,0,0,0,0,0,0,0,0,0,6번,2021
612,오명진,두산,0.000,1,0,0,0,0,0,0,0,1,0,6번,2021
613,전민재,두산,0.000,1,0,0,0,0,0,0,0,1,0,6번,2021
614,조수행,두산,0.000,3,0,0,0,0,0,2,1,1,0,6번,2021
615,박건우,두산,1.000,1,1,0,1,0,0,0,0,0,0,7번,2021
616,조수행,두산,1.000,1,1,0,0,0,0,1,0,0,0,7번,2021
617,권민석,두산,0.500,2,1,1,0,0,0,0,0,0,0,7번,2021
618,김인태,두산,0.292,24,7,0,0,1,4,0,0,4,0,7번,2021
619,허경민,두산,0.271,70,19,2,0,1,14,1,1,9,5,7번,2021
620,박계범,두산,0.239,71,17,1,0,0,5,8,2,15,2,7번,2021
621,강승호,두산,0.220,100,22,4,0,2,15,8,2,27,3,7번,2021
622,김재호,두산,0.197,76,15,2,0,1,12,8,0,10,4,7번,2021
623,장승현,두산,0.182,11,2,0,0,0,0,1,0,4,0,7번,2021
624,안재석,두산,0.172,58,10,3,0,1,3,6,1,11,0,7번,2021
625,오재원,두산,0.172,29,5,3,0,0,1,2,0,10,1,7번,2021
626,정수빈,두산,0.136,22,3,0,1,0,1,1,0,6,0,7번,2021
627,박세혁,두산,0.120,25,3,1,0,0,1,0,0,7,0,7번,2021
628,최용제,두산,0.107,28,3,0,0,0,0,5,0,6,0,7번,2021
629,국해성,두산,0.000,1,0,0,0,0,0,0,0,1,0,7번,2021
630,김민혁,두산,0.000,1,0,0,0,0,0,0,0,1,0,7번,2021
631,박지훈,두산,0.000,3,0,0,0,0,0,0,0,1,0,7번,2021
632,안권수,두산,-,0,0,0,0,0,0,1,0,0,0,7번,2021
633,양석환,두산,0.000,1,0,0,0,0,0,0,0,1,0,7번,2021
634,전민재,두산,0.000,1,0,0,0,0,0,0,0,0,0,7번,2021
635,황경태,두산,0.000,1,0,0,0,0,0,0,0,1,0,7번,2021
636,박지훈,두산,1.000,1,1,0,0,0,0,0,0,0,0,8번,2021
637,김재환,두산,0.333,3,1,0,0,1,3,0,0,0,0,8번,2021
638,신성현,두산,0.333,6,2,0,0,0,0,2,1,3,0,8번,2021
639,최용제,두산,0.300,20,6,0,0,0,3,2,0,2,0,8번,2021
640,박계범,두산,0.291,55,16,6,0,1,10,6,1,11,1,8번,2021
641,김인태,두산,0.273,22,6,1,0,0,2,4,1,5,0,8번,2021
642,허경민,두산,0.273,11,3,0,0,0,1,1,1,0,0,8번,2021
643,안재석,두산,0.269,67,18,2,1,0,5,4,1,19,2,8번,2021
644,강승호,두산,0.224,98,22,6,0,3,8,6,1,19,3,8번,2021
645,김재호,두산,0.222,81,18,4,0,0,8,11,1,14,2,8번,2021
646,정수빈,두산,0.194,31,6,1,0,0,3,6,1,10,3,8번,2021
647,박세혁,두산,0.186,59,11,2,0,0,9,5,1,12,1,8번,2021
648,오재원,두산,0.176,17,3,0,0,0,1,2,0,2,0,8번,2021
649,조수행,두산,0.143,7,1,0,0,0,0,1,0,1,0,8번,2021
650,장승현,두산,0.043,23,1,0,0,0,2,8,1,7,1,8번,2021
651,최용제,두산,0.444,36,16,3,0,0,9,2,2,7,0,9번,2021
652,허경민,두산,0.429,7,3,1,0,0,2,2,0,0,0,9번,2021
653,김인태,두산,0.333,3,1,0,0,0,1,0,0,1,0,9번,2021
654,안재석,두산,0.324,37,12,2,1,1,2,1,0,9,1,9번,2021
655,김재호,두산,0.300,20,6,2,0,0,2,4,0,2,0,9번,2021
656,강승호,두산,0.279,43,12,3,0,2,7,3,2,13,1,9번,2021
657,정수빈,두산,0.279,43,12,1,1,0,6,8,0,3,2,9번,2021
658,장승현,두산,0.273,132,36,9,0,2,25,10,7,36,1,9번,2021
659,조수행,두산,0.273,11,3,0,0,0,0,1,0,2,0,9번,2021
660,박계범,두산,0.250,32,8,0,0,2,7,2,1,6,0,9번,2021
661,박세혁,두산,0.245,98,24,8,0,0,14,5,0,14,3,9번,2021
662,안권수,두산,0.200,15,3,0,0,0,0,0,0,2,0,9번,2021
663,권민석,두산,0.000,5,0,0,0,0,0,0,0,3,0,9번,2021
664,김민혁,두산,0.000,1,0,0,0,0,0,0,0,1,0,9번,2021
665,박건우,두산,0.000,2,0,0,0,0,0,0,1,1,0,9번,2021
666,박지훈,두산,0.000,1,0,0,0,0,0,0,0,0,0,9번,2021
667,백동훈,두산,0.000,3,0,0,0,0,0,0,0,2,0,9번,2021
668,서예일,두산,0.000,1,0,0,0,0,0,0,0,0,0,9번,2021
669,양석환,두산,0.000,2,0,0,0,0,0,0,0,2,0,9번,2021
670,오재원,두산,0.000,3,0,0,0,0,0,0,0,1,0,9번,2021
671,안권수,두산,0.800,5,4,0,0,0,1,0,0,0,0,상위(1~2번),2021
672,박건우,두산,0.380,50,19,7,0,1,7,6,0,10,1,상위(1~2번),2021
673,안재석,두산,0.333,12,4,1,0,0,0,2,1,2,0,상위(1~2번),2021
674,김재환,두산,0.324,34,11,2,0,1,5,2,0,10,1,상위(1~2번),2021
675,페르난데스,두산,0.312,333,104,17,0,7,40,35,3,22,8,상위(1~2번),2021
676,김재호,두산,0.286,7,2,0,0,0,0,3,0,2,0,상위(1~2번),2021
677,허경민,두산,0.283,314,89,17,1,4,36,24,2,25,14,상위(1~2번),2021
678,정수빈,두산,0.271,199,54,16,2,2,21,14,2,29,2,상위(1~2번),2021
679,조수행,두산,0.270,37,10,0,1,1,3,7,2,12,1,상위(1~2번),2021
680,권민석,두산,0.250,4,1,0,0,0,0,1,0,2,0,상위(1~2번),2021
681,박계범,두산,0.250,28,7,1,0,0,5,4,0,8,0,상위(1~2번),2021
682,김인태,두산,0.231,147,34,7,1,6,17,31,2,26,5,상위(1~2번),2021
683,최용제,두산,0.167,6,1,0,0,0,0,1,0,3,0,상위(1~2번),2021
684,강승호,두산,0.000,6,0,0,0,0,0,3,1,3,0,상위(1~2번),2021
685,김민혁,두산,0.000,3,0,0,0,0,0,1,0,0,0,상위(1~2번),2021
686,박지훈,두산,0.000,1,0,0,0,0,0,1,0,0,0,상위(1~2번),2021
687,신성현,두산,0.000,1,0,0,0,0,0,0,0,1,0,상위(1~2번),2021
688,양석환,두산,0.000,1,0,0,0,0,0,0,0,0,0,상위(1~2번),2021
689,오명진,두산,0.000,2,0,0,0,0,0,0,0,0,0,상위(1~2번),2021
690,오재원,두산,0.000,4,0,0,0,0,0,1,0,1,0,상위(1~2번),2021
691,장승현,두산,0.000,1,0,0,0,0,0,0,0,0,0,상위(1~2번),2021
692,전민재,두산,0.000,1,0,0,0,0,1,0,0,1,0,상위(1~2번),2021
693,전민재,두산,1.000,1,1,0,0,0,0,0,0,0,0,중심(3~5번),2021
694,박지훈,두산,0.500,6,3,1,0,0,2,0,1,2,0,중심(3~5번),2021
695,안재석,두산,0.400,5,2,0,0,0,1,2,0,1,1,중심(3~5번),2021
696,조수행,두산,0.360,25,9,2,0,0,5,4,0,10,0,중심(3~5번),2021
697,국해성,두산,0.333,3,1,0,0,0,0,0,0,1,0,중심(3~5번),2021
698,권민석,두산,0.333,3,1,1,0,0,1,0,0,2,0,중심(3~5번),2021
699,김인태,두산,0.333,48,16,1,0,0,5,6,0,11,0,중심(3~5번),2021
700,박건우,두산,0.318,396,126,22,1,5,54,43,10,60,15,중심(3~5번),2021
701,페르난데스,두산,0.313,192,60,7,0,6,39,30,3,10,17,중심(3~5번),2021
702,정수빈,두산,0.300,10,3,1,0,1,4,0,0,1,0,중심(3~5번),2021
703,최용제,두산,0.286,7,2,0,0,0,2,0,0,1,0,중심(3~5번),2021
704,양석환,두산,0.277,477,132,22,0,27,95,41,9,131,10,중심(3~5번),2021
705,김재환,두산,0.269,438,118,21,2,25,94,79,5,117,8,중심(3~5번),2021
706,강승호,두산,0.250,4,1,0,1,0,0,0,0,0,1,중심(3~5번),2021
707,오재원,두산,0.167,6,1,0,0,0,1,1,0,3,1,중심(3~5번),2021
708,안권수,두산,0.143,21,3,0,1,0,3,2,0,1,0,중심(3~5번),2021
709,박세혁,두산,0.111,9,1,0,0,0,0,3,1,0,0,중심(3~5번),2021
710,김민혁,두산,0.000,1,0,0,0,0,0,1,0,0,0,중심(3~5번),2021
711,김재호,두산,0.000,2,0,0,0,0,0,0,0,2,0,중심(3~5번),2021
712,박계범,두산,0.000,1,0,0,0,0,0,0,0,0,1,중심(3~5번),2021
713,신성현,두산,0.000,4,0,0,0,0,0,1,0,2,0,중심(3~5번),2021
714,장승현,두산,0.000,4,0,0,0,0,0,0,0,2,0,중심(3~5번),2021
715,허경민,두산,0.000,6,0,0,0,0,0,0,1,0,0,중심(3~5번),2021
716,페르난데스,두산,0.400,15,6,0,0,2,2,0,0,3,0,하위(6~9번),2021
717,김재환,두산,0.333,3,1,0,0,1,3,0,0,0,0,하위(6~9번),2021
718,박건우,두산,0.333,12,4,2,1,0,2,1,1,2,0,하위(6~9번),2021
719,신성현,두산,0.333,6,2,0,0,0,0,2,1,3,0,하위(6~9번),2021
720,최용제,두산,0.286,91,26,3,0,0,13,10,2,17,0,하위(6~9번),2021
721,허경민,두산,0.277,148,41,7,0,1,23,12,5,10,7,하위(6~9번),2021
722,박계범,두산,0.270,293,79,11,1,5,41,40,9,60,7,하위(6~9번),2021
723,김인태,두산,0.262,149,39,7,0,2,24,25,1,30,5,하위(6~9번),2021
724,안재석,두산,0.246,183,45,7,2,2,13,12,3,50,3,하위(6~9번),2021
725,강승호,두산,0.244,291,71,16,1,7,37,19,5,75,7,하위(6~9번),2021
726,장승현,두산,0.238,172,41,10,0,2,27,19,8,48,2,하위(6~9번),2021
727,정수빈,두산,0.231,104,24,2,2,0,12,15,1,20,5,하위(6~9번),2021
728,조수행,두산,0.227,22,5,0,0,0,0,5,1,4,0,하위(6~9번),2021
729,박세혁,두산,0.224,228,51,12,0,0,30,19,4,43,6,하위(6~9번),2021
730,김재호,두산,0.208,202,42,8,0,1,24,26,2,30,7,하위(6~9번),2021
731,박지훈,두산,0.200,5,1,0,0,0,0,0,0,1,0,하위(6~9번),2021
732,안권수,두산,0.188,16,3,0,0,0,0,1,0,2,0,하위(6~9번),2021
733,오재원,두산,0.177,62,11,3,0,0,4,4,0,14,2,하위(6~9번),2021
734,권민석,두산,0.143,7,1,1,0,0,0,0,0,3,0,하위(6~9번),2021
735,양석환,두산,0.100,10,1,0,0,1,1,1,0,5,0,하위(6~9번),2021
736,국해성,두산,0.000,5,0,0,0,0,0,0,0,1,0,하위(6~9번),2021
737,김민혁,두산,0.000,2,0,0,0,0,0,0,0,2,0,하위(6~9번),2021
738,박성재,두산,0.000,1,0,0,0,0,0,0,0,1,0,하위(6~9번),2021
739,백동훈,두산,0.000,3,0,0,0,0,0,0,0,2,0,하위(6~9번),2021
740,서예일,두산,0.000,1,0,0,0,0,0,0,0,0,0,하위(6~9번),2021
741,오명진,두산,0.000,1,0,0,0,0,0,0,0,1,0,하위(6~9번),2021
742,전민재,두산,0.000,2,0,0,0,0,0,0,0,1,0,하위(6~9번),2021
743,황경태,두산,0.000,1,0,0,0,0,0,0,0,1,0,하위(6~9번),2021
744,최영진,삼성,1.0,1,1,0,0,0,1,0,0,0,0,1번,2021
745,김성표,삼성,0.5,6,3,0,0,0,0,1,0,2,0,1번,2021
746,김현준,삼성,0.5,2,1,0,0,0,0,0,0,0,0,1번,2021
747,김성윤,삼성,0.4,5,2,0,0,0,1,0,0,1,0,1번,2021
748,박승규,삼성,0.4,5,2,0,0,0,1,2,0,1,1,1번,2021
749,김동엽,삼성,0.333,3,1,1,0,0,0,0,0,0,0,1번,2021
750,박해민,삼성,0.305,357,109,20,1,4,42,54,3,67,3,1번,2021
751,구자욱,삼성,0.283,46,13,1,1,2,4,3,0,10,1,1번,2021
752,김상수,삼성,0.242,95,23,2,1,0,5,17,1,12,2,1번,2021
753,김지찬,삼성,0.227,44,10,1,0,1,3,2,0,6,0,1번,2021
754,오선진,삼성,0.2,5,1,0,0,0,0,0,0,1,1,1번,2021
755,김헌곤,삼성,0.143,7,1,0,0,0,2,2,0,0,0,1번,2021
756,백승민,삼성,0.0,1,0,0,0,0,0,0,0,1,0,1번,2021
757,송준석,삼성,0.0,1,0,0,0,0,0,0,0,1,0,1번,2021
758,이원석,삼성,0.0,1,0,0,0,0,0,0,0,0,0,1번,2021
759,이학주,삼성,0.0,1,0,0,0,0,1,1,0,1,0,1번,2021
760,최영진,삼성,0.5,2,1,0,0,0,0,1,0,1,0,2번,2021
761,구자욱,삼성,0.307,270,83,19,7,9,44,29,2,48,5,2번,2021
762,피렐라,삼성,0.263,243,64,10,0,10,39,25,3,38,3,2번,2021
763,김지찬,삼성,0.25,8,2,1,0,0,1,2,0,0,0,2번,2021
764,김동엽,삼성,0.235,17,4,1,0,0,1,1,0,6,0,2번,2021
765,김상수,삼성,0.174,23,4,1,0,0,3,2,0,2,2,2번,2021
766,김헌곤,삼성,0.167,6,1,0,0,0,0,0,0,1,0,2번,2021
767,강한울,삼성,0.143,7,1,0,0,0,0,0,0,3,1,2번,2021
768,김민수,삼성,0.0,1,0,0,0,0,0,0,0,0,0,2번,2021
769,김성윤,삼성,0.0,2,0,0,0,0,1,0,0,0,0,2번,2021
770,김성표,삼성,0.0,2,0,0,0,0,0,1,0,1,0,2번,2021
771,김호재,삼성,0.0,1,0,0,0,0,0,0,0,0,0,2번,2021
772,박승규,삼성,0.0,7,0,0,0,0,0,0,0,1,1,2번,2021
773,김동엽,삼성,1.0,4,4,1,0,0,3,0,0,0,0,3번,2021
774,김성표,삼성,1.0,1,1,0,0,0,1,0,0,0,0,3번,2021
775,이원석,삼성,1.0,1,1,0,0,1,2,0,0,0,0,3번,2021
776,김호재,삼성,0.667,3,2,1,0,0,0,0,0,0,0,3번,2021
777,피렐라,삼성,0.317,202,64,13,2,10,40,17,4,28,3,3번,2021
778,구자욱,삼성,0.311,222,69,10,2,11,39,16,4,39,3,3번,2021
779,오재일,삼성,0.298,94,28,8,0,7,24,13,0,21,1,3번,2021
780,박해민,삼성,0.297,37,11,1,0,1,10,4,0,7,0,3번,2021
781,김성윤,삼성,0.0,2,0,0,0,0,0,0,0,1,0,3번,2021
782,김현준,삼성,0.0,1,0,0,0,0,0,0,0,0,1,3번,2021
783,박승규,삼성,0.0,2,0,0,0,0,0,1,0,0,0,3번,2021
784,백승민,삼성,0.0,1,0,0,0,0,0,0,0,0,0,3번,2021
785,최영진,삼성,0.0,2,0,0,0,0,0,0,0,0,0,3번,2021
786,김헌곤,삼성,1.0,1,1,1,0,0,1,0,0,0,0,4번,2021
787,최영진,삼성,0.4,5,2,0,1,0,1,0,0,2,0,4번,2021
788,김호재,삼성,0.333,3,1,0,0,0,0,0,0,1,0,4번,2021
789,박승규,삼성,0.333,6,2,0,0,1,1,0,0,0,0,4번,2021
790,오재일,삼성,0.29,124,36,6,0,5,23,25,0,31,2,4번,2021
791,강민호,삼성,0.287,261,75,14,0,12,45,32,2,37,9,4번,2021
792,피렐라,삼성,0.267,101,27,2,0,8,16,13,1,22,2,4번,2021
793,김동엽,삼성,0.2,25,5,1,0,0,4,3,1,6,1,4번,2021
794,김민수,삼성,0.143,7,1,0,0,0,1,1,0,3,0,4번,2021
795,강한울,삼성,0.0,2,0,0,0,0,0,1,0,1,0,4번,2021
796,김도환,삼성,0.0,4,0,0,0,0,0,0,0,2,0,4번,2021
797,김성윤,삼성,0.0,1,0,0,0,0,0,0,0,0,0,4번,2021
798,이원석,삼성,0.0,2,0,0,0,0,0,1,0,0,0,4번,2021
799,김지찬,삼성,1.0,1,1,0,0,0,2,0,0,0,0,5번,2021
800,오선진,삼성,1.0,1,1,0,0,0,0,0,0,0,0,5번,2021
801,피렐라,삼성,0.5,6,3,0,0,1,2,2,0,1,0,5번,2021
802,최영진,삼성,0.4,10,4,1,1,0,1,0,0,5,0,5번,2021
803,강민호,삼성,0.295,112,33,6,0,5,17,9,0,11,7,5번,2021
804,김민수,삼성,0.286,7,2,0,0,0,0,1,0,2,0,5번,2021
805,오재일,삼성,0.279,197,55,6,0,13,49,19,0,52,2,5번,2021
806,박해민,삼성,0.233,30,7,1,0,0,1,7,0,4,0,5번,2021
807,이원석,삼성,0.212,99,21,2,0,1,12,23,1,22,3,5번,2021
808,구자욱,삼성,0.2,5,1,0,0,0,1,0,0,1,0,5번,2021
809,김동엽,삼성,0.2,25,5,1,0,1,5,1,0,5,0,5번,2021
810,강한울,삼성,0.19,21,4,0,0,0,2,5,0,7,0,5번,2021
811,김헌곤,삼성,0.083,12,1,1,0,0,0,0,1,1,1,5번,2021
812,김도환,삼성,0.0,1,0,0,0,0,0,0,0,1,0,5번,2021
813,김상수,삼성,0.0,3,0,0,0,0,0,0,0,0,0,5번,2021
814,김호재,삼성,0.0,4,0,0,0,0,0,0,0,2,0,5번,2021
815,박승규,삼성,0.0,5,0,0,0,0,0,0,0,1,1,5번,2021
816,이학주,삼성,0.0,1,0,0,0,0,0,0,0,1,0,5번,2021
817,오선진,삼성,0.5,2,1,0,0,0,0,0,0,0,1,6번,2021
818,김헌곤,삼성,0.333,30,10,0,0,0,4,5,0,6,0,6번,2021
819,이학주,삼성,0.333,3,1,0,0,1,1,0,0,2,0,6번,2021
820,김상수,삼성,0.32,50,16,4,0,1,8,8,0,5,3,6번,2021
821,김호재,삼성,0.286,7,2,0,0,0,2,1,1,2,0,6번,2021
822,강민호,삼성,0.267,15,4,1,0,0,2,0,1,3,0,6번,2021
823,김지찬,삼성,0.25,12,3,0,0,0,1,0,0,0,0,6번,2021
824,이원석,삼성,0.241,224,54,14,0,5,37,26,9,40,7,6번,2021
825,강한울,삼성,0.235,85,20,2,0,0,12,12,0,20,2,6번,2021
826,최영진,삼성,0.19,21,4,0,0,1,3,1,1,1,1,6번,2021
827,김동엽,삼성,0.189,37,7,2,0,0,3,2,1,4,0,6번,2021
828,박해민,삼성,0.067,15,1,0,0,0,0,2,0,2,0,6번,2021
829,김민수,삼성,0.0,2,0,0,0,0,0,0,0,1,0,6번,2021
830,김성표,삼성,0.0,1,0,0,0,0,0,1,0,1,0,6번,2021
831,박승규,삼성,0.0,2,0,0,0,0,0,1,0,1,0,6번,2021
832,송준석,삼성,0.0,7,0,0,0,0,0,1,0,4,0,6번,2021
833,이태훈,삼성,0.0,1,0,0,0,0,0,0,0,1,0,6번,2021
834,최영진,삼성,0.4,10,4,0,0,0,0,3,0,1,0,7번,2021
835,김상수,삼성,0.37,27,10,3,0,0,5,2,0,6,1,7번,2021
836,강민호,삼성,0.364,11,4,1,0,1,2,2,0,0,2,7번,2021
837,송준석,삼성,0.32,25,8,1,0,1,3,1,1,6,1,7번,2021
838,강한울,삼성,0.314,51,16,1,0,0,9,4,0,18,0,7번,2021
839,박해민,삼성,0.308,13,4,0,0,0,1,1,0,2,0,7번,2021
840,김동엽,삼성,0.286,56,16,2,0,3,7,2,2,16,0,7번,2021
841,김헌곤,삼성,0.27,152,41,3,1,2,8,18,4,22,7,7번,2021
842,김지찬,삼성,0.25,40,10,2,0,0,1,6,0,4,0,7번,2021
843,박승규,삼성,0.238,21,5,1,0,0,1,2,1,5,1,7번,2021
844,이원석,삼성,0.234,64,15,3,0,2,7,8,1,15,1,7번,2021
845,김성표,삼성,0.143,7,1,0,0,0,0,2,0,3,0,7번,2021
846,김호재,삼성,0.053,19,1,0,0,0,1,3,1,5,0,7번,2021
847,오선진,삼성,0.0,3,0,0,0,0,0,0,0,2,0,7번,2021
848,이학주,삼성,0.0,8,0,0,0,0,0,0,0,2,0,7번,2021
849,피렐라,삼성,0.0,1,0,0,0,0,0,0,0,0,0,7번,2021
850,김성표,삼성,1.0,1,1,0,0,0,0,0,0,0,0,8번,2021
851,김상수,삼성,0.5,2,1,0,0,0,1,0,0,0,0,8번,2021
852,강민호,삼성,0.333,3,1,0,0,0,1,2,1,0,0,8번,2021
853,김민수,삼성,0.333,48,16,5,0,3,12,4,0,6,2,8번,2021
854,김헌곤,삼성,0.297,37,11,2,0,2,3,2,0,7,1,8번,2021
855,강한울,삼성,0.293,41,12,2,0,0,3,3,0,5,1,8번,2021
856,김지찬,삼성,0.284,155,44,1,0,0,13,13,0,16,0,8번,2021
857,김호재,삼성,0.28,25,7,0,0,0,1,4,0,3,0,8번,2021
858,이학주,삼성,0.239,67,16,3,0,1,5,8,0,31,1,8번,2021
859,송준석,삼성,0.235,17,4,1,0,1,1,1,0,2,0,8번,2021
860,오선진,삼성,0.172,29,5,0,0,0,1,2,1,5,0,8번,2021
861,김성윤,삼성,0.167,6,1,0,0,0,0,0,0,2,0,8번,2021
862,박승규,삼성,0.167,18,3,0,0,2,2,3,1,0,0,8번,2021
863,김동엽,삼성,0.154,13,2,0,0,0,1,1,0,4,1,8번,2021
864,이원석,삼성,0.125,8,1,0,0,0,1,2,0,3,0,8번,2021
865,김도환,삼성,0.1,20,2,0,0,0,0,0,2,12,0,8번,2021
866,권정웅,삼성,0.0,1,0,0,0,0,0,0,0,0,0,8번,2021
867,박해민,삼성,0.0,1,0,0,0,0,0,1,0,0,0,8번,2021
868,백승민,삼성,0.0,1,0,0,0,0,0,0,0,1,0,8번,2021
869,오재일,삼성,0.0,1,0,0,0,0,1,0,0,1,0,8번,2021
870,이태훈,삼성,0.0,1,0,0,0,0,0,0,0,0,0,8번,2021
871,최영진,삼성,0.0,6,0,0,0,0,0,0,0,2,0,8번,2021
872,오선진,삼성,0.5,2,1,0,0,0,1,1,0,0,0,9번,2021
873,김헌곤,삼성,0.319,72,23,1,1,0,9,7,0,9,0,9번,2021
874,강한울,삼성,0.313,16,5,0,0,0,1,4,0,4,1,9번,2021
875,김호재,삼성,0.308,13,4,1,0,0,3,1,0,1,0,9번,2021
876,김지찬,삼성,0.306,36,11,1,0,0,5,4,0,5,0,9번,2021
877,강민호,삼성,0.25,4,1,0,0,0,0,0,0,2,0,9번,2021
878,김도환,삼성,0.25,16,4,2,0,0,1,2,0,5,0,9번,2021
879,김상수,삼성,0.205,229,47,7,0,2,20,23,2,26,6,9번,2021
880,이학주,삼성,0.2,75,15,5,0,2,13,5,1,24,2,9번,2021
881,김민수,삼성,0.091,11,1,0,0,0,0,0,1,1,0,9번,2021
882,김동엽,삼성,0.0,5,0,0,0,0,0,0,0,1,0,9번,2021
883,김성윤,삼성,0.0,2,0,0,0,0,0,0,0,1,0,9번,2021
884,김응민,삼성,0.0,2,0,0,0,0,0,0,0,0,0,9번,2021
885,김현준,삼성,0.0,1,0,0,0,0,0,0,0,0,0,9번,2021
886,박해민,삼성,0.0,1,0,0,0,0,0,0,0,0,0,9번,2021
887,송준석,삼성,0.0,1,0,0,0,0,0,0,0,0,0,9번,2021
888,오재일,삼성,0.0,2,0,0,0,0,0,1,0,1,0,9번,2021
889,최영진,삼성,0.667,3,2,0,0,0,1,1,0,1,0,상위(1~2번),2021
890,김현준,삼성,0.5,2,1,0,0,0,0,0,0,0,0,상위(1~2번),2021
891,김성표,삼성,0.375,8,3,0,0,0,0,2,0,3,0,상위(1~2번),2021
892,박해민,삼성,0.305,357,109,20,1,4,42,54,3,67,3,상위(1~2번),2021
893,구자욱,삼성,0.304,316,96,20,8,11,48,32,2,58,6,상위(1~2번),2021
894,김성윤,삼성,0.286,7,2,0,0,0,2,0,0,1,0,상위(1~2번),2021
895,피렐라,삼성,0.263,243,64,10,0,10,39,25,3,38,3,상위(1~2번),2021
896,김동엽,삼성,0.25,20,5,2,0,0,1,1,0,6,0,상위(1~2번),2021
897,김지찬,삼성,0.231,52,12,2,0,1,4,4,0,6,0,상위(1~2번),2021
898,김상수,삼성,0.229,118,27,3,1,0,8,19,1,14,4,상위(1~2번),2021
899,오선진,삼성,0.2,5,1,0,0,0,0,0,0,1,1,상위(1~2번),2021
900,박승규,삼성,0.167,12,2,0,0,0,1,2,0,2,2,상위(1~2번),2021
901,김헌곤,삼성,0.154,13,2,0,0,0,2,2,0,1,0,상위(1~2번),2021
902,강한울,삼성,0.143,7,1,0,0,0,0,0,0,3,1,상위(1~2번),2021
903,김민수,삼성,0.0,1,0,0,0,0,0,0,0,0,0,상위(1~2번),2021
904,김호재,삼성,0.0,1,0,0,0,0,0,0,0,0,0,상위(1~2번),2021
905,백승민,삼성,0.0,1,0,0,0,0,0,0,0,1,0,상위(1~2번),2021
906,송준석,삼성,0.0,1,0,0,0,0,0,0,0,1,0,상위(1~2번),2021
907,이원석,삼성,0.0,1,0,0,0,0,0,0,0,0,0,상위(1~2번),2021
908,이학주,삼성,0.0,1,0,0,0,0,1,1,0,1,0,상위(1~2번),2021
909,김성표,삼성,1.0,1,1,0,0,0,1,0,0,0,0,중심(3~5번),2021
910,김지찬,삼성,1.0,1,1,0,0,0,2,0,0,0,0,중심(3~5번),2021
911,오선진,삼성,1.0,1,1,0,0,0,0,0,0,0,0,중심(3~5번),2021
912,최영진,삼성,0.353,17,6,1,2,0,2,0,0,7,0,중심(3~5번),2021
913,구자욱,삼성,0.308,227,70,10,2,11,40,16,4,40,3,중심(3~5번),2021
914,피렐라,삼성,0.304,309,94,15,2,19,58,32,5,51,5,중심(3~5번),2021
915,김호재,삼성,0.3,10,3,1,0,0,0,0,0,3,0,중심(3~5번),2021
916,강민호,삼성,0.29,373,108,20,0,17,62,41,2,48,16,중심(3~5번),2021
917,오재일,삼성,0.287,415,119,20,0,25,96,57,0,104,5,중심(3~5번),2021
918,박해민,삼성,0.269,67,18,2,0,1,11,11,0,11,0,중심(3~5번),2021
919,김동엽,삼성,0.259,54,14,3,0,1,12,4,1,11,1,중심(3~5번),2021
920,이원석,삼성,0.216,102,22,2,0,2,14,24,1,22,3,중심(3~5번),2021
921,김민수,삼성,0.214,14,3,0,0,0,1,2,0,5,0,중심(3~5번),2021
922,강한울,삼성,0.174,23,4,0,0,0,2,6,0,8,0,중심(3~5번),2021
923,김헌곤,삼성,0.154,13,2,2,0,0,1,0,1,1,1,중심(3~5번),2021
924,박승규,삼성,0.154,13,2,0,0,1,1,1,0,1,1,중심(3~5번),2021
925,김도환,삼성,0.0,5,0,0,0,0,0,0,0,3,0,중심(3~5번),2021
926,김상수,삼성,0.0,3,0,0,0,0,0,0,0,0,0,중심(3~5번),2021
927,김성윤,삼성,0.0,3,0,0,0,0,0,0,0,1,0,중심(3~5번),2021
928,김현준,삼성,0.0,1,0,0,0,0,0,0,0,0,1,중심(3~5번),2021
929,백승민,삼성,0.0,1,0,0,0,0,0,0,0,0,0,중심(3~5번),2021
930,이학주,삼성,0.0,1,0,0,0,0,0,0,0,1,0,중심(3~5번),2021
931,강민호,삼성,0.303,33,10,2,0,1,5,4,2,5,2,하위(6~9번),2021
932,김헌곤,삼성,0.292,291,85,6,2,4,24,32,4,44,8,하위(6~9번),2021
933,김지찬,삼성,0.28,243,68,4,0,0,20,23,0,25,0,하위(6~9번),2021
934,김민수,삼성,0.279,61,17,5,0,3,12,4,1,8,2,하위(6~9번),2021
935,강한울,삼성,0.275,193,53,5,0,0,25,23,0,47,4,하위(6~9번),2021
936,김상수,삼성,0.24,308,74,14,0,3,34,33,2,37,10,하위(6~9번),2021
937,송준석,삼성,0.24,50,12,2,0,2,4,3,1,12,1,하위(6~9번),2021
938,이원석,삼성,0.236,296,70,17,0,7,45,36,10,58,8,하위(6~9번),2021
939,김동엽,삼성,0.225,111,25,4,0,3,11,5,3,25,1,하위(6~9번),2021
940,김성표,삼성,0.222,9,2,0,0,0,0,3,0,4,0,하위(6~9번),2021
941,김호재,삼성,0.219,64,14,1,0,0,7,9,2,11,0,하위(6~9번),2021
942,최영진,삼성,0.216,37,8,0,0,1,3,4,1,4,1,하위(6~9번),2021
943,이학주,삼성,0.209,153,32,8,0,4,19,13,1,59,3,하위(6~9번),2021
944,박승규,삼성,0.195,41,8,1,0,2,3,6,2,6,1,하위(6~9번),2021
945,오선진,삼성,0.194,36,7,0,0,0,2,3,1,7,1,하위(6~9번),2021
946,김도환,삼성,0.167,36,6,2,0,0,1,2,2,17,0,하위(6~9번),2021
947,박해민,삼성,0.167,30,5,0,0,0,1,4,0,4,0,하위(6~9번),2021
948,김성윤,삼성,0.125,8,1,0,0,0,0,0,0,3,0,하위(6~9번),2021
949,권정웅,삼성,0.0,1,0,0,0,0,0,0,0,0,0,하위(6~9번),2021
950,김응민,삼성,0.0,2,0,0,0,0,0,0,0,0,0,하위(6~9번),2021
951,김현준,삼성,0.0,1,0,0,0,0,0,0,0,0,0,하위(6~9번),2021
952,백승민,삼성,0.0,1,0,0,0,0,0,0,0,1,0,하위(6~9번),2021
953,오재일,삼성,0.0,3,0,0,0,0,1,1,0,2,0,하위(6~9번),2021
954,이태훈,삼성,0.0,2,0,0,0,0,0,0,0,1,0,하위(6~9번),2021
955,피렐라,삼성,0.0,1,0,0,0,0,0,0,0,0,0,하위(6~9번),2021
956,변상권,키움,0.375,8,3,0,0,0,1,0,0,2,0,1번,2021
957,이용규,키움,0.278,299,83,11,2,1,26,40,4,28,3,1번,2021
958,김혜성,키움,0.267,146,39,3,0,1,16,13,0,28,2,1번,2021
959,박준태,키움,0.167,18,3,1,0,0,0,5,0,7,0,1번,2021
960,김주형,키움,0.000,1,0,0,0,0,0,0,0,0,0,1번,2021
961,문찬종,키움,0.000,3,0,0,0,0,0,0,0,1,0,1번,2021
962,박정음,키움,0.000,3,0,0,0,0,0,1,0,1,0,1번,2021
963,박주홍,키움,0.000,1,0,0,0,0,0,0,0,1,0,1번,2021
964,신준우,키움,0.000,1,0,0,0,0,0,0,0,1,0,1번,2021
965,예진원,키움,0.000,5,0,0,0,0,0,0,0,1,0,1번,2021
966,임지열,키움,0.000,4,0,0,0,0,0,0,0,0,1,1번,2021
967,허정협,키움,0.000,3,0,0,0,0,0,0,0,1,0,1번,2021
968,박병호,키움,1.000,1,1,0,0,0,0,0,0,0,0,2번,2021
969,전병우,키움,1.000,1,1,0,0,0,0,0,1,0,0,2번,2021
970,신준우,키움,0.333,3,1,1,0,0,1,1,0,1,0,2번,2021
971,김혜성,키움,0.319,307,98,10,2,1,35,45,1,56,5,2번,2021
972,이정후,키움,0.298,47,14,2,1,0,5,9,1,8,0,2번,2021
973,박동원,키움,0.250,40,10,1,0,3,8,4,0,6,1,2번,2021
974,예진원,키움,0.250,4,1,0,0,0,0,1,0,2,0,2번,2021
975,크레익,키움,0.238,63,15,5,0,1,7,6,0,17,1,2번,2021
976,송성문,키움,0.188,16,3,0,0,1,3,0,0,3,0,2번,2021
977,김웅빈,키움,0.167,12,2,0,0,0,2,2,1,4,1,2번,2021
978,프레이타스,키움,0.143,7,1,1,0,0,0,1,0,2,1,2번,2021
979,김주형,키움,-,0,0,0,0,0,0,0,1,0,0,2번,2021
980,김휘집,키움,0.000,1,0,0,0,0,0,0,0,0,0,2번,2021
981,박정음,키움,0.000,1,0,0,0,0,0,0,0,0,0,2번,2021
982,임지열,키움,0.000,2,0,0,0,0,0,0,0,1,0,2번,2021
983,허정협,키움,0.000,1,0,0,0,0,0,0,0,0,1,2번,2021
984,문찬종,키움,1.000,1,1,0,0,0,1,0,0,0,0,3번,2021
985,박준태,키움,0.500,2,1,1,0,0,0,0,0,1,0,3번,2021
986,이정후,키움,0.368,416,153,40,5,7,79,52,8,29,8,3번,2021
987,변상권,키움,0.286,7,2,0,0,0,1,0,0,2,0,3번,2021
988,송성문,키움,0.275,80,22,5,0,3,14,9,0,11,0,3번,2021
989,김웅빈,키움,-,0,0,0,0,0,0,1,0,0,0,3번,2021
990,김혜성,키움,0.000,5,0,0,0,0,0,0,0,1,0,3번,2021
991,박병호,키움,0.000,4,0,0,0,0,0,0,0,3,0,3번,2021
992,박정음,키움,-,0,0,0,0,0,1,0,1,0,0,3번,2021
993,예진원,키움,0.000,1,0,0,0,0,0,0,0,0,1,3번,2021
994,이지영,키움,0.000,1,0,0,0,0,1,0,0,0,0,3번,2021
995,전병우,키움,-,0,0,0,0,0,0,1,0,0,0,3번,2021
996,크레익,키움,0.000,3,0,0,0,0,1,0,0,0,0,3번,2021
997,김병휘,키움,0.333,3,1,0,0,0,0,1,0,0,0,4번,2021
998,크레익,키움,0.261,69,18,2,0,0,9,4,1,13,0,4번,2021
999,박병호,키움,0.243,230,56,13,0,13,47,28,5,79,5,4번,2021
1000,김웅빈,키움,0.234,64,15,4,0,1,8,9,2,22,1,4번,2021
1001,송성문,키움,0.231,13,3,1,0,0,4,1,0,4,0,4번,2021
1002,박동원,키움,0.218,156,34,6,0,9,34,17,2,38,6,4번,2021
1003,변상권,키움,0.000,2,0,0,0,0,0,0,0,0,0,4번,2021
1004,이명기,키움,0.000,1,0,0,0,0,1,0,0,0,0,4번,2021
1005,이지영,키움,0.000,2,0,0,0,0,0,0,0,0,0,4번,2021
1006,전병우,키움,0.000,1,0,0,0,0,0,0,0,1,0,4번,2021
1007,허정협,키움,0.000,1,0,0,0,0,0,1,0,0,0,4번,2021
1008,박준태,키움,0.500,2,1,1,0,0,2,0,0,0,0,5번,2021
1009,이용규,키움,0.293,41,12,3,1,0,1,10,0,5,1,5번,2021
1010,이지영,키움,0.286,28,8,1,0,0,8,1,0,3,3,5번,2021
1011,프레이타스,키움,0.286,56,16,6,0,1,8,3,1,9,3,5번,2021
1012,송우현,키움,0.276,58,16,3,1,1,9,9,1,10,1,5번,2021
1013,크레익,키움,0.265,49,13,2,0,1,4,7,2,6,1,5번,2021
1014,김혜성,키움,0.261,23,6,1,0,0,5,2,0,3,1,5번,2021
1015,김웅빈,키움,0.224,67,15,2,1,4,12,7,2,19,0,5번,2021
1016,박동원,키움,0.222,27,6,1,0,0,4,9,0,9,0,5번,2021
1017,변상권,키움,0.222,9,2,0,0,0,1,1,0,0,1,5번,2021
1018,송성문,키움,0.216,116,25,4,1,0,7,14,1,18,2,5번,2021
1019,박병호,키움,0.190,21,4,2,0,2,6,2,2,5,0,5번,2021
1020,허정협,키움,0.167,12,2,0,0,0,0,3,0,2,0,5번,2021
1021,김수환,키움,0.000,6,0,0,0,0,0,0,0,3,1,5번,2021
1022,문찬종,키움,0.000,1,0,0,0,0,0,0,0,0,0,5번,2021
1023,박정음,키움,0.000,1,0,0,0,0,0,0,0,0,0,5번,2021
1024,박주홍,키움,0.000,4,0,0,0,0,0,0,0,2,0,5번,2021
1025,신준우,키움,0.000,1,0,0,0,0,0,0,0,0,0,5번,2021
1026,전병우,키움,0.000,4,0,0,0,0,0,2,0,3,0,5번,2021
1027,송성문,키움,0.600,5,3,0,0,1,2,0,0,0,0,6번,2021
1028,이용규,키움,0.353,34,12,0,1,0,6,5,1,4,0,6번,2021
1029,이지영,키움,0.293,41,12,0,0,0,2,5,0,5,0,6번,2021
1030,김휘집,키움,0.286,7,2,0,0,0,0,0,0,1,0,6번,2021
1031,송우현,키움,0.282,110,31,8,1,2,24,8,1,19,1,6번,2021
1032,김웅빈,키움,0.270,37,10,3,0,0,2,5,1,8,0,6번,2021
1033,김혜성,키움,0.261,23,6,1,0,0,0,2,0,5,0,6번,2021
1034,크레익,키움,0.257,35,9,3,0,4,9,1,1,7,2,6번,2021
1035,프레이타스,키움,0.226,31,7,2,0,0,4,0,0,4,2,6번,2021
1036,박병호,키움,0.211,133,28,7,0,4,19,13,3,46,4,6번,2021
1037,박동원,키움,0.200,50,10,1,0,1,10,5,1,13,2,6번,2021
1038,변상권,키움,0.167,6,1,0,0,0,1,0,0,2,1,6번,2021
1039,김수환,키움,0.000,3,0,0,0,0,0,0,0,1,0,6번,2021
1040,김재현,키움,0.000,2,0,0,0,0,0,0,0,0,0,6번,2021
1041,문찬종,키움,0.000,1,0,0,0,0,0,0,0,1,0,6번,2021
1042,박주홍,키움,0.000,4,0,0,0,0,0,0,0,2,0,6번,2021
1043,박준태,키움,0.000,1,0,0,0,0,0,0,0,1,0,6번,2021
1044,임지열,키움,0.000,2,0,0,0,0,0,0,0,1,0,6번,2021
1045,전병우,키움,0.000,4,0,0,0,0,0,0,0,3,0,6번,2021
1046,허정협,키움,0.000,1,0,0,0,0,0,1,0,0,0,6번,2021
1047,이용규,키움,0.500,4,2,0,0,0,0,1,0,0,0,7번,2021
1048,김혜성,키움,0.395,43,17,5,0,0,7,3,0,3,0,7번,2021
1049,송우현,키움,0.313,67,21,5,0,0,7,8,0,17,2,7번,2021
1050,송성문,키움,0.300,10,3,0,0,1,3,0,0,4,0,7번,2021
1051,임지열,키움,0.300,10,3,0,0,0,0,2,0,5,0,7번,2021
1052,허정협,키움,0.286,14,4,0,0,0,1,1,0,4,0,7번,2021
1053,프레이타스,키움,0.280,25,7,0,0,0,0,2,0,7,0,7번,2021
1054,박동원,키움,0.233,43,10,4,0,1,4,6,1,18,1,7번,2021
1055,변상권,키움,0.228,57,13,4,2,0,11,3,0,19,0,7번,2021
1056,박병호,키움,0.222,18,4,1,0,1,4,2,4,7,0,7번,2021
1057,김웅빈,키움,0.217,23,5,1,0,0,2,5,2,8,0,7번,2021
1058,김수환,키움,0.211,19,4,2,0,0,2,1,0,8,0,7번,2021
1059,김병휘,키움,0.200,5,1,0,0,0,0,0,0,0,0,7번,2021
1060,전병우,키움,0.182,55,10,1,0,1,3,9,1,14,0,7번,2021
1061,김재현,키움,0.167,12,2,2,0,0,2,2,0,5,0,7번,2021
1062,김휘집,키움,0.167,6,1,0,0,0,0,2,0,4,0,7번,2021
1063,이지영,키움,0.137,51,7,0,0,0,1,4,0,4,3,7번,2021
1064,박주홍,키움,0.100,20,2,1,0,0,2,5,0,8,1,7번,2021
1065,예진원,키움,0.091,22,2,0,1,0,1,2,1,3,1,7번,2021
1066,박정음,키움,-,0,0,0,0,0,0,1,0,0,0,7번,2021
1067,박준태,키움,0.000,3,0,0,0,0,0,1,0,0,0,7번,2021
1068,신준우,키움,0.000,4,0,0,0,0,0,0,0,1,0,7번,2021
1069,이주형,키움,0.000,1,0,0,0,0,0,0,0,1,0,7번,2021
1070,크레익,키움,0.000,2,0,0,0,0,0,2,0,0,0,7번,2021
1071,송우현,키움,0.500,8,4,0,0,0,0,1,0,1,0,8번,2021
1072,김수환,키움,0.385,13,5,0,0,2,3,1,0,5,1,8번,2021
1073,김웅빈,키움,0.364,11,4,1,0,0,4,2,0,5,0,8번,2021
1074,송성문,키움,0.333,3,1,0,0,0,0,1,0,1,0,8번,2021
1075,프레이타스,키움,0.333,15,5,1,0,1,2,1,0,4,1,8번,2021
1076,박동원,키움,0.300,60,18,5,0,3,11,8,1,20,2,8번,2021
1077,이지영,키움,0.300,60,18,3,1,0,6,7,0,2,1,8번,2021
1078,이용규,키움,0.286,7,2,0,0,0,0,1,0,0,0,8번,2021
1079,김은성,키움,0.278,18,5,3,0,0,2,0,0,6,0,8번,2021
1080,김재현,키움,0.250,28,7,5,0,0,6,1,0,7,0,8번,2021
1081,전병우,키움,0.212,118,25,5,0,4,26,18,5,47,0,8번,2021
1082,이명기,키움,0.200,5,1,0,0,0,0,2,0,3,0,8번,2021
1083,변상권,키움,0.189,37,7,0,1,0,2,2,0,8,0,8번,2021
1084,문찬종,키움,0.167,6,1,0,0,0,0,1,0,2,1,8번,2021
1085,박주홍,키움,0.167,12,2,0,0,0,1,4,0,6,0,8번,2021
1086,예진원,키움,0.143,35,5,2,0,1,3,5,0,9,0,8번,2021
1087,김주형,키움,0.125,16,2,1,0,0,2,4,7,6,0,8번,2021
1088,이주형,키움,0.125,8,1,0,0,1,3,1,0,5,0,8번,2021
1089,김휘집,키움,0.000,4,0,0,0,0,0,2,1,2,0,8번,2021
1090,박병호,키움,0.000,1,0,0,0,0,0,2,0,0,0,8번,2021
1091,박정음,키움,0.000,4,0,0,0,0,0,0,0,1,0,8번,2021
1092,신준우,키움,0.000,2,0,0,0,0,1,0,0,1,0,8번,2021
1093,임지열,키움,0.000,6,0,0,0,0,0,2,1,2,0,8번,2021
1094,크레익,키움,0.000,1,0,0,0,0,0,0,0,0,0,8번,2021
1095,허정협,키움,0.000,7,0,0,0,0,0,0,0,2,0,8번,2021
1096,송성문,키움,0.500,2,1,0,0,0,0,0,0,1,0,9번,2021
1097,박동원,키움,0.405,37,15,3,0,5,12,4,2,10,0,9번,2021
1098,이지영,키움,0.380,50,19,1,0,0,13,2,1,3,3,9번,2021
1099,이용규,키움,0.338,74,25,2,4,0,10,14,0,9,1,9번,2021
1100,김혜성,키움,0.333,12,4,0,1,1,3,0,0,1,0,9번,2021
1101,변상권,키움,0.303,33,10,1,1,0,3,3,0,7,0,9번,2021
1102,송우현,키움,0.286,7,2,1,0,0,2,2,0,2,0,9번,2021
1103,김웅빈,키움,0.278,18,5,2,0,1,5,3,1,7,0,9번,2021
1104,김재현,키움,0.250,4,1,0,0,0,0,0,0,0,1,9번,2021
1105,예진원,키움,0.213,47,10,4,0,0,4,4,1,13,0,9번,2021
1106,김주형,키움,0.212,33,7,2,0,0,3,0,5,9,0,9번,2021
1107,박준태,키움,0.200,20,4,0,0,0,2,4,2,7,0,9번,2021
1108,신준우,키움,0.194,31,6,2,0,0,2,3,3,17,1,9번,2021
1109,박주홍,키움,0.167,6,1,1,0,0,0,0,0,2,0,9번,2021
1110,허정협,키움,0.167,6,1,0,0,0,1,1,0,1,0,9번,2021
1111,전병우,키움,0.129,31,4,2,0,1,2,3,2,15,0,9번,2021
1112,김휘집,키움,0.115,52,6,1,0,1,8,9,1,16,0,9번,2021
1113,김병휘,키움,0.000,2,0,0,0,0,0,0,0,2,0,9번,2021
1114,문찬종,키움,0.000,2,0,0,0,0,0,2,0,0,0,9번,2021
1115,박병호,키움,0.000,1,0,0,0,0,0,0,0,1,0,9번,2021
1116,박정음,키움,0.000,5,0,0,0,0,0,0,0,1,1,9번,2021
1117,이정후,키움,0.000,1,0,0,0,0,0,1,0,0,0,9번,2021
1118,이주형,키움,0.000,1,0,0,0,0,0,0,0,1,0,9번,2021
1119,임지열,키움,0.000,1,0,0,0,0,0,0,0,1,0,9번,2021
1120,프레이타스,키움,0.000,5,0,0,0,0,0,0,0,3,0,9번,2021
1121,박병호,키움,1.000,1,1,0,0,0,0,0,0,0,0,상위(1~2번),2021
1122,전병우,키움,1.000,1,1,0,0,0,0,0,1,0,0,상위(1~2번),2021
1123,변상권,키움,0.375,8,3,0,0,0,1,0,0,2,0,상위(1~2번),2021
1124,김혜성,키움,0.302,453,137,13,2,2,51,58,1,84,7,상위(1~2번),2021
1125,이정후,키움,0.298,47,14,2,1,0,5,9,1,8,0,상위(1~2번),2021
1126,이용규,키움,0.278,299,83,11,2,1,26,40,4,28,3,상위(1~2번),2021
1127,박동원,키움,0.250,40,10,1,0,3,8,4,0,6,1,상위(1~2번),2021
1128,신준우,키움,0.250,4,1,1,0,0,1,1,0,2,0,상위(1~2번),2021
1129,크레익,키움,0.238,63,15,5,0,1,7,6,0,17,1,상위(1~2번),2021
1130,송성문,키움,0.188,16,3,0,0,1,3,0,0,3,0,상위(1~2번),2021
1131,김웅빈,키움,0.167,12,2,0,0,0,2,2,1,4,1,상위(1~2번),2021
1132,박준태,키움,0.167,18,3,1,0,0,0,5,0,7,0,상위(1~2번),2021
1133,프레이타스,키움,0.143,7,1,1,0,0,0,1,0,2,1,상위(1~2번),2021
1134,예진원,키움,0.111,9,1,0,0,0,0,1,0,3,0,상위(1~2번),2021
1135,김주형,키움,0.000,1,0,0,0,0,0,0,1,0,0,상위(1~2번),2021
1136,김휘집,키움,0.000,1,0,0,0,0,0,0,0,0,0,상위(1~2번),2021
1137,문찬종,키움,0.000,3,0,0,0,0,0,0,0,1,0,상위(1~2번),2021
1138,박정음,키움,0.000,4,0,0,0,0,0,1,0,1,0,상위(1~2번),2021
1139,박주홍,키움,0.000,1,0,0,0,0,0,0,0,1,0,상위(1~2번),2021
1140,임지열,키움,0.000,6,0,0,0,0,0,0,0,1,1,상위(1~2번),2021
1141,허정협,키움,0.000,4,0,0,0,0,0,0,0,1,1,상위(1~2번),2021
1142,문찬종,키움,0.500,2,1,0,0,0,1,0,0,0,0,중심(3~5번),2021
1143,박준태,키움,0.500,4,2,2,0,0,2,0,0,1,0,중심(3~5번),2021
1144,이정후,키움,0.368,416,153,40,5,7,79,52,8,29,8,중심(3~5번),2021
1145,김병휘,키움,0.333,3,1,0,0,0,0,1,0,0,0,중심(3~5번),2021
1146,이용규,키움,0.293,41,12,3,1,0,1,10,0,5,1,중심(3~5번),2021
1147,프레이타스,키움,0.286,56,16,6,0,1,8,3,1,9,3,중심(3~5번),2021
1148,송우현,키움,0.276,58,16,3,1,1,9,9,1,10,1,중심(3~5번),2021
1149,이지영,키움,0.258,31,8,1,0,0,9,1,0,3,3,중심(3~5번),2021
1150,크레익,키움,0.256,121,31,4,0,1,14,11,3,19,1,중심(3~5번),2021
1151,송성문,키움,0.239,209,50,10,1,3,25,24,1,33,2,중심(3~5번),2021
1152,박병호,키움,0.235,255,60,15,0,15,53,30,7,87,5,중심(3~5번),2021
1153,김웅빈,키움,0.229,131,30,6,1,5,20,17,4,41,1,중심(3~5번),2021
1154,변상권,키움,0.222,18,4,0,0,0,2,1,0,2,1,중심(3~5번),2021
1155,박동원,키움,0.219,183,40,7,0,9,38,26,2,47,6,중심(3~5번),2021
1156,김혜성,키움,0.214,28,6,1,0,0,5,2,0,4,1,중심(3~5번),2021
1157,허정협,키움,0.154,13,2,0,0,0,0,4,0,2,0,중심(3~5번),2021
1158,김수환,키움,0.000,6,0,0,0,0,0,0,0,3,1,중심(3~5번),2021
1159,박정음,키움,0.000,1,0,0,0,0,1,0,1,0,0,중심(3~5번),2021
1160,박주홍,키움,0.000,4,0,0,0,0,0,0,0,2,0,중심(3~5번),2021
1161,신준우,키움,0.000,1,0,0,0,0,0,0,0,0,0,중심(3~5번),2021
1162,예진원,키움,0.000,1,0,0,0,0,0,0,0,0,1,중심(3~5번),2021
1163,이명기,키움,0.000,1,0,0,0,0,1,0,0,0,0,중심(3~5번),2021
1164,전병우,키움,0.000,5,0,0,0,0,0,3,0,4,0,중심(3~5번),2021
1165,송성문,키움,0.400,20,8,0,0,2,5,1,0,6,0,하위(6~9번),2021
1166,김혜성,키움,0.346,78,27,6,1,1,10,5,0,9,0,하위(6~9번),2021
1167,이용규,키움,0.345,119,41,2,5,0,16,21,1,13,1,하위(6~9번),2021
1168,송우현,키움,0.302,192,58,14,1,2,33,19,1,39,3,하위(6~9번),2021
1169,박동원,키움,0.279,190,53,13,0,10,37,23,5,61,5,하위(6~9번),2021
1170,김은성,키움,0.278,18,5,3,0,0,2,0,0,6,0,하위(6~9번),2021
1171,이지영,키움,0.277,202,56,4,1,0,22,18,1,14,7,하위(6~9번),2021
1172,김웅빈,키움,0.270,89,24,7,0,1,13,15,4,28,0,하위(6~9번),2021
1173,김수환,키움,0.257,35,9,2,0,2,5,2,0,14,1,하위(6~9번),2021
1174,프레이타스,키움,0.250,76,19,3,0,1,6,3,0,18,3,하위(6~9번),2021
1175,크레익,키움,0.237,38,9,3,0,4,9,3,1,7,2,하위(6~9번),2021
1176,변상권,키움,0.233,133,31,5,4,0,17,8,0,36,1,하위(6~9번),2021
1177,김재현,키움,0.217,46,10,7,0,0,8,3,0,12,1,하위(6~9번),2021
1178,박병호,키움,0.209,153,32,8,0,5,23,17,7,54,4,하위(6~9번),2021
1179,이명기,키움,0.200,5,1,0,0,0,0,2,0,3,0,하위(6~9번),2021
1180,전병우,키움,0.188,208,39,8,0,6,31,30,8,79,0,하위(6~9번),2021
1181,김주형,키움,0.184,49,9,3,0,0,5,4,12,15,0,하위(6~9번),2021
1182,허정협,키움,0.179,28,5,0,0,0,2,3,0,7,0,하위(6~9번),2021
1183,박준태,키움,0.167,24,4,0,0,0,2,5,2,8,0,하위(6~9번),2021
1184,예진원,키움,0.163,104,17,6,1,1,8,11,2,25,1,하위(6~9번),2021
1185,신준우,키움,0.162,37,6,2,0,0,3,3,3,19,1,하위(6~9번),2021
1186,임지열,키움,0.158,19,3,0,0,0,0,4,1,9,0,하위(6~9번),2021
1187,김병휘,키움,0.143,7,1,0,0,0,0,0,0,2,0,하위(6~9번),2021
1188,김휘집,키움,0.130,69,9,1,0,1,8,13,2,23,0,하위(6~9번),2021
1189,박주홍,키움,0.119,42,5,2,0,0,3,9,0,18,1,하위(6~9번),2021
1190,문찬종,키움,0.111,9,1,0,0,0,0,3,0,3,1,하위(6~9번),2021
1191,이주형,키움,0.100,10,1,0,0,1,3,1,0,7,0,하위(6~9번),2021
1192,박정음,키움,0.000,9,0,0,0,0,0,1,0,2,1,하위(6~9번),2021
1193,이정후,키움,0.000,1,0,0,0,0,0,1,0,0,0,하위(6~9번),2021
0,김호령,KIA,1.0,1,1,0,0,0,0,0,0,0,0,1번,2022
1,고종욱,KIA,0.5,2,1,0,0,0,0,1,0,0,0,1번,2022
2,최정용,KIA,0.333,3,1,0,0,0,0,0,0,1,0,1번,2022
3,류지혁,KIA,0.321,168,54,8,0,1,20,31,2,33,2,1번,2022
4,박찬호,KIA,0.285,340,97,16,0,3,29,39,1,45,4,1번,2022
5,이창진,KIA,0.263,19,5,2,0,0,3,2,0,3,1,1번,2022
6,김규성,KIA,0.167,6,1,0,0,0,0,0,0,3,0,1번,2022
7,김도영,KIA,0.108,37,4,0,0,0,1,2,0,12,0,1번,2022
8,소크라테스,KIA,0.056,18,1,0,1,0,3,2,0,5,0,1번,2022
9,김석환,KIA,0.0,2,0,0,0,0,0,0,0,2,0,1번,2022
10,최형우,KIA,0.0,1,0,0,0,0,0,0,0,0,0,1번,2022
11,최정용,KIA,0.333,3,1,0,0,0,0,0,0,1,0,2번,2022
12,이창진,KIA,0.314,191,60,9,0,2,26,23,1,32,5,2번,2022
13,김선빈,KIA,0.299,221,66,11,0,1,19,35,4,20,8,2번,2022
14,고종욱,KIA,0.291,55,16,3,0,2,8,1,0,12,2,2번,2022
15,김호령,KIA,0.286,7,2,0,0,1,4,1,0,2,1,2번,2022
16,김도영,KIA,0.281,32,9,0,1,2,5,5,1,6,0,2번,2022
17,류지혁,KIA,0.25,8,2,0,0,0,0,2,0,1,1,2번,2022
18,박찬호,KIA,0.25,20,5,0,0,0,2,1,0,2,1,2번,2022
19,이우성,KIA,0.25,8,2,0,0,0,2,0,0,3,0,2번,2022
20,소크라테스,KIA,0.233,30,7,0,0,1,3,1,0,7,0,2번,2022
21,김규성,KIA,0.0,2,0,0,0,0,0,0,0,1,0,2번,2022
22,김석환,KIA,0.0,2,0,0,0,0,0,0,0,0,0,2번,2022
23,박민,KIA,0.0,1,0,0,0,0,0,0,0,0,0,2번,2022
24,임석진,KIA,0.0,2,0,0,0,0,0,0,0,0,0,2번,2022
25,최형우,KIA,0.0,1,0,0,0,0,0,0,0,1,0,2번,2022
26,나성범,KIA,0.313,463,145,27,1,21,83,55,15,109,7,3번,2022
27,소크라테스,KIA,0.292,24,7,1,0,0,2,2,0,3,0,3번,2022
28,이우성,KIA,0.286,7,2,0,0,0,1,0,0,1,0,3번,2022
29,이창진,KIA,0.273,11,3,1,0,0,0,2,0,1,0,3번,2022
30,김석환,KIA,0.25,4,1,0,0,1,3,0,0,3,0,3번,2022
31,김선빈,KIA,0.179,56,10,2,0,0,5,7,0,9,1,3번,2022
32,고종욱,KIA,0.0,2,0,0,0,0,0,1,0,1,0,3번,2022
33,김선우,KIA,0.0,1,0,0,0,0,0,0,0,0,0,3번,2022
34,김호령,KIA,0.0,2,0,0,0,0,0,0,0,2,0,3번,2022
35,류지혁,KIA,0.0,1,0,0,0,0,0,0,0,0,0,3번,2022
36,최정용,KIA,0.0,1,0,0,0,0,0,0,0,0,0,3번,2022
37,최형우,KIA,0.0,5,0,0,0,0,0,0,0,1,0,3번,2022
38,김호령,KIA,1.0,1,1,1,0,0,0,0,0,0,0,4번,2022
39,이우성,KIA,1.0,2,2,1,0,0,1,1,0,0,0,4번,2022
40,김도영,KIA,0.444,9,4,0,1,0,1,0,0,3,0,4번,2022
41,나성범,KIA,0.35,100,35,12,1,0,14,9,2,28,0,4번,2022
42,박동원,KIA,0.259,58,15,5,0,3,6,5,3,13,0,4번,2022
43,고종욱,KIA,0.25,4,1,1,0,0,2,0,0,0,0,4번,2022
44,최형우,KIA,0.246,114,28,6,0,3,19,22,0,25,2,4번,2022
45,황대인,KIA,0.241,187,45,11,0,6,35,13,2,34,6,4번,2022
46,소크라테스,KIA,0.235,98,23,4,0,3,10,6,0,15,1,4번,2022
47,김규성,KIA,0.0,2,0,0,0,0,0,0,0,1,0,4번,2022
48,김석환,KIA,0.0,2,0,0,0,0,0,1,0,2,0,4번,2022
49,류지혁,KIA,0.0,2,0,0,0,0,0,0,0,0,0,4번,2022
50,박민,KIA,0.0,1,0,0,0,0,0,0,0,0,0,4번,2022
51,이정훈,KIA,0.0,1,0,0,0,0,0,0,0,0,0,4번,2022
52,한승택,KIA,0.0,3,0,0,0,0,0,0,0,1,0,4번,2022
53,이우성,KIA,1.0,2,2,1,0,0,0,0,0,0,0,5번,2022
54,이창진,KIA,1.0,1,1,0,0,0,0,0,0,0,0,5번,2022
55,소크라테스,KIA,0.339,230,78,11,4,10,39,19,1,34,5,5번,2022
56,최형우,KIA,0.282,177,50,12,1,4,29,25,1,29,3,5번,2022
57,황대인,KIA,0.259,108,28,6,0,1,18,14,3,19,8,5번,2022
58,고종욱,KIA,0.25,4,1,1,0,0,0,0,0,1,0,5번,2022
59,김선빈,KIA,0.211,19,4,0,0,0,4,1,0,0,0,5번,2022
60,박동원,KIA,0.2,15,3,1,0,0,0,2,0,6,0,5번,2022
61,김규성,KIA,0.0,2,0,0,0,0,0,0,0,0,0,5번,2022
62,김호령,KIA,0.0,4,0,0,0,0,0,0,0,2,0,5번,2022
63,류지혁,KIA,0.0,1,0,0,0,0,0,0,0,0,0,5번,2022
64,최정용,KIA,0.0,1,0,0,0,0,0,0,0,0,0,5번,2022
65,김도영,KIA,0.500,2,1,0,0,0,0,0,0,0,0,6번,2022
66,소크라테스,KIA,0.326,89,29,10,1,1,12,2,1,12,4,6번,2022
67,김선빈,KIA,0.282,163,46,8,0,1,23,16,1,15,5,6번,2022
68,황대인,KIA,0.280,50,14,3,0,1,7,3,1,11,1,6번,2022
69,최형우,KIA,0.267,150,40,9,0,7,20,26,0,35,4,6번,2022
70,류지혁,KIA,0.250,4,1,0,1,0,4,0,2,1,0,6번,2022
71,박동원,KIA,0.236,55,13,3,0,2,10,11,0,13,0,6번,2022
72,이창진,KIA,0.222,9,2,1,0,0,2,2,0,2,0,6번,2022
73,이우성,KIA,0.211,19,4,0,0,0,1,2,0,4,0,6번,2022
74,김석환,KIA,0.105,19,2,1,0,0,0,1,0,4,0,6번,2022
75,고종욱,KIA,0.083,12,1,0,0,0,0,1,0,2,0,6번,2022
76,김규성,KIA,0.000,1,0,0,0,0,0,0,0,0,0,6번,2022
77,김호령,KIA,-,0,0,0,0,0,0,0,0,0,0,6번,2022
78,류승현,KIA,0.000,1,0,0,0,0,0,0,0,0,0,6번,2022
79,최정용,KIA,0.000,3,0,0,0,0,0,0,0,1,0,6번,2022
80,한승택,KIA,0.000,1,0,0,0,0,0,0,0,0,0,6번,2022
81,김규성,KIA,0.6,5,3,0,1,0,1,0,0,0,0,7번,2022
82,소크라테스,KIA,0.6,25,15,3,1,2,8,2,0,5,1,7번,2022
83,고종욱,KIA,0.4,5,2,0,0,0,1,2,0,1,0,7번,2022
84,박찬호,KIA,0.4,10,4,0,0,0,1,0,0,2,0,7번,2022
85,김선빈,KIA,0.395,38,15,2,0,0,6,6,1,2,0,7번,2022
86,김호령,KIA,0.333,6,2,0,0,0,0,0,0,1,0,7번,2022
87,류지혁,KIA,0.333,54,18,3,0,0,9,3,1,8,0,7번,2022
88,황대인,KIA,0.273,128,35,7,0,6,31,6,1,27,5,7번,2022
89,이창진,KIA,0.273,88,24,1,0,3,14,12,1,17,1,7번,2022
90,이우성,KIA,0.25,28,7,2,0,0,3,3,0,4,2,7번,2022
91,박동원,KIA,0.215,79,17,5,0,4,10,3,1,20,3,7번,2022
92,한승택,KIA,0.167,6,1,0,0,0,0,1,0,2,0,7번,2022
93,김석환,KIA,0.163,43,7,1,0,1,3,6,0,15,1,7번,2022
94,김도영,KIA,0.0,12,0,0,0,0,0,0,0,3,0,7번,2022
95,나지완,KIA,0.0,1,0,0,0,0,0,0,0,0,0,7번,2022
96,이정훈,KIA,0.0,3,0,0,0,0,0,2,0,1,0,7번,2022
97,임석진,KIA,0.0,2,0,0,0,0,0,1,0,2,0,7번,2022
98,최정용,KIA,0.0,2,0,0,0,0,0,0,0,0,0,7번,2022
99,김선빈,KIA,1.0,1,1,0,0,0,0,0,0,0,0,8번,2022
100,권혁경,KIA,0.5,2,1,0,0,0,1,0,0,0,0,8번,2022
101,김선우,KIA,0.5,2,1,0,0,0,0,0,1,0,0,8번,2022
102,박찬호,KIA,0.5,8,4,0,0,0,1,1,0,0,0,8번,2022
103,고종욱,KIA,0.455,11,5,0,0,0,0,1,0,1,0,8번,2022
104,이우성,KIA,0.348,46,16,3,0,1,4,4,1,8,1,8번,2022
105,박정우,KIA,0.333,3,1,0,0,0,2,0,0,1,0,8번,2022
106,이창진,KIA,0.333,27,9,0,0,2,3,0,0,8,0,8번,2022
107,김호령,KIA,0.316,19,6,0,0,0,1,0,0,5,1,8번,2022
108,박동원,KIA,0.251,175,44,6,0,9,31,24,5,41,6,8번,2022
109,김석환,KIA,0.25,16,4,0,0,1,1,2,2,4,0,8번,2022
110,최형우,KIA,0.25,4,1,0,0,0,1,0,0,1,0,8번,2022
111,류지혁,KIA,0.241,29,7,2,0,1,2,5,1,9,0,8번,2022
112,한승택,KIA,0.188,85,16,2,0,1,12,8,3,25,2,8번,2022
113,김도영,KIA,0.143,7,1,1,0,0,1,1,0,3,0,8번,2022
114,임석진,KIA,0.143,7,1,0,0,1,1,1,0,4,1,8번,2022
115,김규성,KIA,0.0,2,0,0,0,0,0,0,0,1,0,8번,2022
116,류승현,KIA,0.0,2,0,0,0,0,0,0,0,1,0,8번,2022
117,신범수,KIA,0.0,3,0,0,0,0,0,0,0,1,0,8번,2022
118,이정훈,KIA,0.0,2,0,0,0,0,0,0,0,0,0,8번,2022
119,최정용,KIA,0.0,4,0,0,0,0,0,0,0,0,0,8번,2022
120,황대인,KIA,0.0,3,0,0,0,0,0,0,0,1,0,8번,2022
121,최형우,KIA,0.5,2,1,0,0,0,2,0,0,0,0,9번,2022
122,김선빈,KIA,0.429,7,3,0,0,1,4,0,0,1,0,9번,2022
123,박동원,KIA,0.333,3,1,1,0,0,0,0,0,2,0,9번,2022
124,고종욱,KIA,0.273,11,3,2,1,0,3,0,0,3,0,9번,2022
125,김도영,KIA,0.272,125,34,10,2,1,11,14,2,35,3,9번,2022
126,김호령,KIA,0.243,37,9,0,1,0,3,6,0,10,2,9번,2022
127,류지혁,KIA,0.21,138,29,6,1,0,13,15,0,31,3,9번,2022
128,박찬호,KIA,0.209,115,24,6,0,1,12,16,0,18,4,9번,2022
129,김규성,KIA,0.167,30,5,0,0,1,3,1,0,6,0,9번,2022
130,한승택,KIA,0.143,7,1,0,0,0,0,0,0,2,0,9번,2022
131,김석환,KIA,0.0,6,0,0,0,0,0,0,1,2,0,9번,2022
132,이우성,KIA,0.0,8,0,0,0,0,0,2,0,0,2,9번,2022
133,이정훈,KIA,0.0,2,0,0,0,0,0,0,0,2,0,9번,2022
134,임석진,KIA,0.0,3,0,0,0,0,0,0,1,3,0,9번,2022
135,최정용,KIA,0.0,5,0,0,0,0,0,0,0,3,0,9번,2022
136,김호령,KIA,0.375,8,3,0,0,1,4,1,0,2,1,상위(1~2번),2022
137,최정용,KIA,0.333,6,2,0,0,0,0,0,0,2,0,상위(1~2번),2022
138,류지혁,KIA,0.318,176,56,8,0,1,20,33,2,34,3,상위(1~2번),2022
139,이창진,KIA,0.31,210,65,11,0,2,29,25,1,35,6,상위(1~2번),2022
140,김선빈,KIA,0.299,221,66,11,0,1,19,35,4,20,8,상위(1~2번),2022
141,고종욱,KIA,0.298,57,17,3,0,2,8,2,0,12,2,상위(1~2번),2022
142,박찬호,KIA,0.283,360,102,16,0,3,31,40,1,47,5,상위(1~2번),2022
143,이우성,KIA,0.25,8,2,0,0,0,2,0,0,3,0,상위(1~2번),2022
144,김도영,KIA,0.188,69,13,0,1,2,6,7,1,18,0,상위(1~2번),2022
145,소크라테스,KIA,0.167,48,8,0,1,1,6,3,0,12,0,상위(1~2번),2022
146,김규성,KIA,0.125,8,1,0,0,0,0,0,0,4,0,상위(1~2번),2022
147,김석환,KIA,0.0,4,0,0,0,0,0,0,0,2,0,상위(1~2번),2022
148,박민,KIA,0.0,1,0,0,0,0,0,0,0,0,0,상위(1~2번),2022
149,임석진,KIA,0.0,2,0,0,0,0,0,0,0,0,0,상위(1~2번),2022
150,최형우,KIA,0.0,2,0,0,0,0,0,0,0,1,0,상위(1~2번),2022
151,이우성,KIA,0.545,11,6,2,0,0,2,1,0,1,0,중심(3~5번),2022
152,김도영,KIA,0.444,9,4,0,1,0,1,0,0,3,0,중심(3~5번),2022
153,이창진,KIA,0.333,12,4,1,0,0,0,2,0,1,0,중심(3~5번),2022
154,나성범,KIA,0.32,563,180,39,2,21,97,64,17,137,7,중심(3~5번),2022
155,소크라테스,KIA,0.307,352,108,16,4,13,51,27,1,52,6,중심(3~5번),2022
156,최형우,KIA,0.264,296,78,18,1,7,48,47,1,55,5,중심(3~5번),2022
157,황대인,KIA,0.247,295,73,17,0,7,53,27,5,53,14,중심(3~5번),2022
158,박동원,KIA,0.247,73,18,6,0,3,6,7,3,19,0,중심(3~5번),2022
159,고종욱,KIA,0.2,10,2,2,0,0,2,1,0,2,0,중심(3~5번),2022
160,김선빈,KIA,0.187,75,14,2,0,0,9,8,0,9,1,중심(3~5번),2022
161,김석환,KIA,0.167,6,1,0,0,1,3,1,0,5,0,중심(3~5번),2022
162,김호령,KIA,0.143,7,1,1,0,0,0,0,0,4,0,중심(3~5번),2022
163,김규성,KIA,0.0,4,0,0,0,0,0,0,0,1,0,중심(3~5번),2022
164,김선우,KIA,0.0,1,0,0,0,0,0,0,0,0,0,중심(3~5번),2022
165,류지혁,KIA,0.0,4,0,0,0,0,0,0,0,0,0,중심(3~5번),2022
166,박민,KIA,0.0,1,0,0,0,0,0,0,0,0,0,중심(3~5번),2022
167,이정훈,KIA,0.0,1,0,0,0,0,0,0,0,0,0,중심(3~5번),2022
168,최정용,KIA,0.0,2,0,0,0,0,0,0,0,0,0,중심(3~5번),2022
169,한승택,KIA,0.0,3,0,0,0,0,0,0,0,1,0,중심(3~5번),2022
170,권혁경,KIA,0.5,2,1,0,0,0,1,0,0,0,0,하위(6~9번),2022
171,김선우,KIA,0.5,2,1,0,0,0,0,0,1,0,0,하위(6~9번),2022
172,소크라테스,KIA,0.386,114,44,13,2,3,20,4,1,17,5,하위(6~9번),2022
173,박정우,KIA,0.333,3,1,0,0,0,2,0,0,1,0,하위(6~9번),2022
174,김선빈,KIA,0.311,209,65,10,0,2,33,22,2,18,5,하위(6~9번),2022
175,이창진,KIA,0.282,124,35,2,0,5,19,14,1,27,1,하위(6~9번),2022
176,고종욱,KIA,0.282,39,11,2,1,0,4,4,0,7,0,하위(6~9번),2022
177,김호령,KIA,0.274,62,17,0,1,0,4,6,0,16,3,하위(6~9번),2022
178,황대인,KIA,0.271,181,49,10,0,7,38,9,2,39,6,하위(6~9번),2022
179,최형우,KIA,0.269,156,42,9,0,7,23,26,0,36,4,하위(6~9번),2022
180,이우성,KIA,0.267,101,27,5,0,1,8,11,1,16,5,하위(6~9번),2022
181,김도영,KIA,0.247,146,36,11,2,1,12,15,2,41,3,하위(6~9번),2022
182,류지혁,KIA,0.244,225,55,11,2,1,28,23,4,49,3,하위(6~9번),2022
183,박찬호,KIA,0.241,133,32,6,0,1,14,17,0,20,4,하위(6~9번),2022
184,박동원,KIA,0.24,312,75,15,0,15,51,38,6,76,9,하위(6~9번),2022
185,김규성,KIA,0.211,38,8,0,1,1,4,1,0,7,0,하위(6~9번),2022
186,한승택,KIA,0.182,99,18,2,0,1,12,9,3,29,2,하위(6~9번),2022
187,김석환,KIA,0.155,84,13,2,0,2,4,9,3,25,1,하위(6~9번),2022
188,임석진,KIA,0.083,12,1,0,0,1,1,2,1,9,1,하위(6~9번),2022
189,나지완,KIA,0.0,1,0,0,0,0,0,0,0,0,0,하위(6~9번),2022
190,류승현,KIA,0.0,3,0,0,0,0,0,0,0,1,0,하위(6~9번),2022
191,신범수,KIA,0.0,3,0,0,0,0,0,0,0,1,0,하위(6~9번),2022
192,이정훈,KIA,0.0,7,0,0,0,0,0,2,0,3,0,하위(6~9번),2022
193,최정용,KIA,0.0,14,0,0,0,0,0,0,0,4,0,하위(6~9번),2022
194,김병희,KT,1.000,1,1,0,0,1,1,1,1,0,0,1번,2022
195,김준태,KT,1.000,1,1,1,0,0,0,0,0,0,0,1번,2022
196,조용호,KT,0.314,430,135,16,4,3,43,45,3,66,3,1번,2022
197,배정대,KT,0.271,48,13,3,1,0,5,10,0,14,0,1번,2022
198,김민혁,KT,0.230,74,17,3,0,0,6,7,0,14,0,1번,2022
199,송민섭,KT,0.143,21,3,0,0,0,0,3,0,8,0,1번,2022
200,홍현빈,KT,0.143,7,1,0,0,0,0,3,0,3,0,1번,2022
201,강백호,KT,0.000,2,0,0,0,0,0,0,0,0,0,1번,2022
202,권동진,KT,0.000,1,0,0,0,0,0,0,0,0,0,1번,2022
203,박경수,KT,0.000,5,0,0,0,0,0,0,0,2,0,1번,2022
204,박병호,KT,0.000,1,0,0,0,0,0,0,0,0,0,1번,2022
205,오윤석,KT,0.000,1,0,0,0,0,0,1,0,0,0,1번,2022
206,장성우,KT,-,0,0,0,0,0,0,1,0,0,0,1번,2022
207,조용호,KT,0.5,4,2,1,0,0,0,0,0,0,0,2번,2022
208,홍현빈,KT,0.4,5,2,0,0,0,0,1,0,0,0,2번,2022
209,박경수,KT,0.333,6,2,1,0,0,1,1,0,2,0,2번,2022
210,신본기,KT,0.333,3,1,0,0,0,0,0,0,0,0,2번,2022
211,배정대,KT,0.318,170,54,11,1,4,31,13,0,46,2,2번,2022
212,황재균,KT,0.276,105,29,5,1,2,10,11,0,21,1,2번,2022
213,김민혁,KT,0.272,158,43,2,2,0,12,15,2,30,5,2번,2022
214,강백호,KT,0.263,38,10,1,0,1,6,4,0,7,2,2번,2022
215,알포드,KT,0.213,61,13,3,0,2,10,2,1,25,1,2번,2022
216,송민섭,KT,0.125,8,1,0,1,0,1,0,0,2,0,2번,2022
217,오윤석,KT,0.077,13,1,0,0,0,1,2,0,2,1,2번,2022
218,김병희,KT,0.0,2,0,0,0,0,0,0,0,1,0,2번,2022
219,김준태,KT,0.0,1,0,0,0,0,0,1,0,1,0,2번,2022
220,김태훈,KT,0.0,2,0,0,0,0,0,0,0,0,0,2번,2022
221,문상철,KT,0.0,1,0,0,0,0,0,0,0,0,0,2번,2022
222,박병호,KT,0.0,1,0,0,0,0,0,0,0,0,0,2번,2022
223,심우준,KT,0.0,1,0,0,0,0,0,0,0,0,0,2번,2022
224,유준규,KT,0.0,3,0,0,0,0,0,0,0,2,0,2번,2022
225,이시원,KT,0.0,2,0,0,0,0,0,0,0,1,0,2번,2022
226,장성우,KT,0.0,2,0,0,0,0,0,0,0,0,0,2번,2022
227,심우준,KT,1.000,1,1,0,0,0,1,0,0,0,0,3번,2022
228,김민혁,KT,0.345,29,10,2,0,0,5,1,0,5,0,3번,2022
229,배정대,KT,0.333,12,4,0,0,0,1,1,0,1,0,3번,2022
230,알포드,KT,0.333,141,47,10,1,8,29,20,2,40,2,3번,2022
231,박병호,KT,0.300,20,6,0,0,1,4,2,0,8,1,3번,2022
232,김준태,KT,0.267,15,4,2,0,0,4,2,0,6,0,3번,2022
233,강백호,KT,0.256,133,34,10,0,5,17,12,1,25,4,3번,2022
234,라모스,KT,0.226,31,7,0,0,2,6,2,2,6,2,3번,2022
235,황재균,KT,0.195,133,26,5,0,1,14,21,1,28,6,3번,2022
236,조용호,KT,0.176,17,3,1,0,0,0,2,0,4,0,3번,2022
237,김병희,KT,0.111,9,1,0,0,0,0,0,0,3,1,3번,2022
238,오윤석,KT,0.111,18,2,1,0,0,1,1,0,3,2,3번,2022
239,박경수,KT,0.000,3,0,0,0,0,0,1,0,1,0,3번,2022
240,송민섭,KT,0.000,1,0,0,0,0,0,0,0,0,0,3번,2022
241,이시원,KT,-,0,0,0,0,0,0,0,1,0,0,3번,2022
242,장성우,KT,0.000,2,0,0,0,0,0,0,0,1,0,3번,2022
243,전진영,KT,0.000,2,0,0,0,0,0,0,0,0,0,3번,2022
244,라모스,KT,0.31,29,9,0,1,1,5,2,0,8,0,4번,2022
245,알포드,KT,0.294,34,10,4,0,1,4,9,0,11,0,4번,2022
246,장성우,KT,0.282,39,11,1,0,0,5,8,0,10,2,4번,2022
247,박병호,KT,0.273,399,109,17,0,32,89,36,11,121,6,4번,2022
248,황재균,KT,0.25,4,1,0,0,0,1,0,1,0,0,4번,2022
249,강백호,KT,0.217,23,5,0,0,0,2,3,0,5,0,4번,2022
250,장준원,KT,0.143,7,1,1,0,0,1,0,0,4,0,4번,2022
251,권동진,KT,0.0,2,0,0,0,0,1,0,0,1,0,4번,2022
252,김민혁,KT,0.0,1,0,0,0,0,0,0,0,0,0,4번,2022
253,김병희,KT,0.0,3,0,0,0,0,0,0,0,1,0,4번,2022
254,김준태,KT,0.0,4,0,0,0,0,1,0,0,2,0,4번,2022
255,김태훈,KT,0.0,1,0,0,0,0,0,0,0,0,0,4번,2022
256,문상철,KT,0.0,3,0,0,0,0,0,0,0,3,0,4번,2022
257,박경수,KT,0.0,1,0,0,0,0,0,0,0,1,0,4번,2022
258,신본기,KT,0.0,2,0,0,0,0,0,0,0,1,0,4번,2022
259,오윤석,KT,0.0,2,0,0,0,0,0,1,0,1,0,4번,2022
260,이시원,KT,0.0,2,0,0,0,0,0,0,0,0,0,4번,2022
261,홍현빈,KT,0.0,1,0,0,0,0,0,0,0,1,0,4번,2022
262,김병희,KT,0.545,11,6,0,0,0,2,1,1,2,0,5번,2022
263,배정대,KT,0.333,6,2,1,0,0,1,3,1,1,0,5번,2022
264,오윤석,KT,0.333,15,5,2,0,1,6,2,0,4,0,5번,2022
265,김민혁,KT,0.3,30,9,0,0,0,2,1,0,3,1,5번,2022
266,황재균,KT,0.273,66,18,4,0,2,9,6,2,13,1,5번,2022
267,장성우,KT,0.269,275,74,8,0,15,42,38,1,61,7,5번,2022
268,강백호,KT,0.257,35,9,1,0,0,4,3,0,5,0,5번,2022
269,조용호,KT,0.25,4,1,0,0,0,0,0,0,0,0,5번,2022
270,김준태,KT,0.242,33,8,3,1,0,2,3,0,11,0,5번,2022
271,신본기,KT,0.2,5,1,0,0,0,0,1,0,0,0,5번,2022
272,알포드,KT,0.2,30,6,1,0,2,4,0,0,10,0,5번,2022
273,라모스,KT,0.167,12,2,1,0,0,0,0,0,4,0,5번,2022
274,문상철,KT,0.154,13,2,1,0,0,1,1,0,6,1,5번,2022
275,문상인,KT,0.0,2,0,0,0,0,0,0,0,1,1,5번,2022
276,박경수,KT,0.0,5,0,0,0,0,0,0,0,1,1,5번,2022
277,박병호,KT,0.0,4,0,0,0,0,0,1,0,2,0,5번,2022
278,송민섭,KT,0.0,1,0,0,0,0,0,1,0,0,0,5번,2022
279,양승혁,KT,0.0,1,0,0,0,0,0,0,0,1,0,5번,2022
280,이시원,KT,0.0,1,0,0,0,0,0,0,0,0,0,5번,2022
281,박병호,KT,1.0,1,1,0,0,1,2,1,0,0,0,6번,2022
282,김준태,KT,0.367,49,18,5,0,2,7,8,0,15,2,6번,2022
283,송민섭,KT,0.364,11,4,1,1,0,2,0,0,2,0,6번,2022
284,김민혁,KT,0.353,17,6,0,0,0,0,2,0,2,0,6번,2022
285,조용호,KT,0.333,9,3,0,0,0,1,2,0,2,0,6번,2022
286,홍현빈,KT,0.333,3,1,0,0,0,0,0,0,1,0,6번,2022
287,오윤석,KT,0.317,41,13,0,0,0,2,5,1,9,1,6번,2022
288,황재균,KT,0.295,190,56,9,2,5,29,13,1,33,7,6번,2022
289,알포드,KT,0.273,11,3,1,0,1,1,0,0,4,0,6번,2022
290,배정대,KT,0.216,111,24,6,0,0,5,9,0,26,0,6번,2022
291,장성우,KT,0.205,39,8,2,0,2,7,4,1,6,2,6번,2022
292,박경수,KT,0.125,24,3,0,0,1,3,4,0,10,0,6번,2022
293,신본기,KT,0.071,14,1,0,0,0,0,0,0,3,2,6번,2022
294,강백호,KT,0.0,6,0,0,0,0,0,1,0,2,0,6번,2022
295,권동진,KT,0.0,2,0,0,0,0,0,0,0,1,0,6번,2022
296,김병희,KT,0.0,8,0,0,0,0,0,0,0,3,0,6번,2022
297,문상철,KT,0.0,4,0,0,0,0,0,0,0,2,0,6번,2022
298,유준규,KT,0.0,1,0,0,0,0,0,0,0,0,0,6번,2022
299,조대현,KT,0.0,1,0,0,0,0,0,0,0,1,0,6번,2022
300,전진영,KT,1.0,1,1,0,0,0,1,0,0,0,0,7번,2022
301,박병호,KT,0.5,2,1,0,0,1,3,0,0,0,0,7번,2022
302,문상철,KT,0.375,16,6,2,0,2,3,1,0,3,0,7번,2022
303,김민혁,KT,0.333,42,14,3,0,0,8,7,0,4,1,7번,2022
304,알포드,KT,0.333,6,2,0,0,0,2,2,0,0,0,7번,2022
305,장성우,KT,0.333,3,1,0,0,1,1,0,0,0,0,7번,2022
306,황재균,KT,0.316,19,6,2,0,0,1,1,0,4,2,7번,2022
307,오윤석,KT,0.298,84,25,7,0,3,14,6,2,21,2,7번,2022
308,송민섭,KT,0.286,7,2,0,0,0,0,0,0,1,0,7번,2022
309,장준원,KT,0.25,12,3,0,0,0,3,1,0,5,1,7번,2022
310,배정대,KT,0.248,125,31,2,0,2,13,16,1,28,0,7번,2022
311,김준태,KT,0.242,66,16,1,0,2,6,9,0,24,1,7번,2022
312,홍현빈,KT,0.222,9,2,0,0,0,0,2,0,5,0,7번,2022
313,김병희,KT,0.2,20,4,1,0,0,2,3,0,7,0,7번,2022
314,이시원,KT,0.143,7,1,0,0,0,0,0,0,1,0,7번,2022
315,박경수,KT,0.123,65,8,2,0,1,2,6,1,28,0,7번,2022
316,신본기,KT,0.059,17,1,0,0,0,1,3,0,6,1,7번,2022
317,권동진,KT,0.0,3,0,0,0,0,0,0,0,1,0,7번,2022
318,심우준,KT,0.0,2,0,0,0,0,0,0,0,0,0,7번,2022
319,유준규,KT,0.0,2,0,0,0,0,0,0,0,2,0,7번,2022
320,조대현,KT,0.0,3,0,0,0,0,0,0,0,2,0,7번,2022
321,박병호,KT,1.0,1,1,0,0,0,0,0,1,0,0,8번,2022
322,유준규,KT,0.375,8,3,0,0,0,0,1,0,2,0,8번,2022
323,문상준,KT,0.333,3,1,1,0,0,0,0,0,2,0,8번,2022
324,이시원,KT,0.333,3,1,0,0,0,1,0,0,2,0,8번,2022
325,김민혁,KT,0.318,22,7,0,0,0,2,4,0,4,3,8번,2022
326,문상철,KT,0.3,10,3,0,0,0,0,1,0,3,1,8번,2022
327,신본기,KT,0.293,41,12,2,0,1,6,2,1,5,1,8번,2022
328,장준원,KT,0.273,22,6,0,0,2,2,2,0,4,3,8번,2022
329,김준태,KT,0.262,61,16,4,0,0,7,10,0,17,1,8번,2022
330,배정대,KT,0.241,29,7,1,0,0,0,1,2,7,0,8번,2022
331,홍현빈,KT,0.224,49,11,2,0,0,1,4,0,16,1,8번,2022
332,권동진,KT,0.2,15,3,0,1,0,2,0,0,8,0,8번,2022
333,오윤석,KT,0.189,111,21,3,0,2,13,16,3,28,3,8번,2022
334,조용호,KT,0.143,7,1,0,0,0,0,0,0,2,0,8번,2022
335,박경수,KT,0.132,53,7,0,0,1,4,12,0,23,1,8번,2022
336,김병희,KT,0.111,18,2,0,0,0,1,2,1,9,0,8번,2022
337,김태훈,KT,0.0,7,0,0,0,0,0,0,0,2,0,8번,2022
338,송민섭,KT,0.0,14,0,0,0,0,0,1,0,5,0,8번,2022
339,심우준,KT,0.0,1,0,0,0,0,0,0,0,1,0,8번,2022
340,양승혁,KT,0.0,3,0,0,0,0,0,0,0,0,0,8번,2022
341,장성우,KT,0.0,1,0,0,0,0,0,1,0,0,1,8번,2022
342,황재균,KT,0.0,2,0,0,0,0,0,1,0,0,0,8번,2022
343,김병희,KT,0.5,2,1,1,0,0,0,0,0,0,1,9번,2022
344,홍현빈,KT,0.5,2,1,0,0,0,0,0,0,0,0,9번,2022
345,조용호,KT,0.333,3,1,0,0,0,0,0,0,0,0,9번,2022
346,장준원,KT,0.25,16,4,1,0,1,4,0,0,4,1,9번,2022
347,심우준,KT,0.24,383,92,8,2,4,33,43,2,74,11,9번,2022
348,신본기,KT,0.154,39,6,1,0,0,1,4,1,13,1,9번,2022
349,권동진,KT,0.133,15,2,1,0,0,1,1,0,5,0,9번,2022
350,김준태,KT,0.0,1,0,0,0,0,0,0,0,1,0,9번,2022
351,문상인,KT,0.0,1,0,0,0,0,0,0,0,1,0,9번,2022
352,문상철,KT,0.0,2,0,0,0,0,0,0,0,0,0,9번,2022
353,박경수,KT,0.0,4,0,0,0,0,0,0,0,2,1,9번,2022
354,배정대,KT,0.0,7,0,0,0,0,0,1,0,3,0,9번,2022
355,송민섭,KT,0.0,1,0,0,0,0,0,0,0,1,0,9번,2022
356,양승혁,KT,0.0,1,0,0,0,0,0,0,0,0,0,9번,2022
357,오윤석,KT,0.0,1,0,0,0,0,0,0,0,1,0,9번,2022
358,장성우,KT,0.0,1,0,0,0,0,0,0,0,1,0,9번,2022
359,김준태,KT,0.5,2,1,1,0,0,0,1,0,1,0,상위(1~2번),2022
360,김병희,KT,0.333,3,1,0,0,1,1,1,1,1,0,상위(1~2번),2022
361,신본기,KT,0.333,3,1,0,0,0,0,0,0,0,0,상위(1~2번),2022
362,조용호,KT,0.316,434,137,17,4,3,43,45,3,66,3,상위(1~2번),2022
363,배정대,KT,0.307,218,67,14,2,4,36,23,0,60,2,상위(1~2번),2022
364,황재균,KT,0.276,105,29,5,1,2,10,11,0,21,1,상위(1~2번),2022
365,김민혁,KT,0.259,232,60,5,2,0,18,22,2,44,5,상위(1~2번),2022
366,강백호,KT,0.25,40,10,1,0,1,6,4,0,7,2,상위(1~2번),2022
367,홍현빈,KT,0.25,12,3,0,0,0,0,4,0,3,0,상위(1~2번),2022
368,알포드,KT,0.213,61,13,3,0,2,10,2,1,25,1,상위(1~2번),2022
369,박경수,KT,0.182,11,2,1,0,0,1,1,0,4,0,상위(1~2번),2022
370,송민섭,KT,0.138,29,4,0,1,0,1,3,0,10,0,상위(1~2번),2022
371,오윤석,KT,0.071,14,1,0,0,0,1,3,0,2,1,상위(1~2번),2022
372,권동진,KT,0.0,1,0,0,0,0,0,0,0,0,0,상위(1~2번),2022
373,김태훈,KT,0.0,2,0,0,0,0,0,0,0,0,0,상위(1~2번),2022
374,문상철,KT,0.0,1,0,0,0,0,0,0,0,0,0,상위(1~2번),2022
375,박병호,KT,0.0,2,0,0,0,0,0,0,0,0,0,상위(1~2번),2022
376,심우준,KT,0.0,1,0,0,0,0,0,0,0,0,0,상위(1~2번),2022
377,유준규,KT,0.0,3,0,0,0,0,0,0,0,2,0,상위(1~2번),2022
378,이시원,KT,0.0,2,0,0,0,0,0,0,0,1,0,상위(1~2번),2022
379,장성우,KT,0.0,2,0,0,0,0,0,1,0,0,0,상위(1~2번),2022
380,심우준,KT,1.0,1,1,0,0,0,1,0,0,0,0,중심(3~5번),2022
381,배정대,KT,0.333,18,6,1,0,0,2,4,1,2,0,중심(3~5번),2022
382,김민혁,KT,0.317,60,19,2,0,0,7,2,0,8,1,중심(3~5번),2022
383,알포드,KT,0.307,205,63,15,1,11,37,29,2,61,2,중심(3~5번),2022
384,김병희,KT,0.304,23,7,0,0,0,2,1,1,6,1,중심(3~5번),2022
385,박병호,KT,0.272,423,115,17,0,33,93,39,11,131,7,중심(3~5번),2022
386,장성우,KT,0.269,316,85,9,0,15,47,46,1,72,9,중심(3~5번),2022
387,강백호,KT,0.251,191,48,11,0,5,23,18,1,35,4,중심(3~5번),2022
388,라모스,KT,0.25,72,18,1,1,3,11,4,2,18,2,중심(3~5번),2022
389,김준태,KT,0.231,52,12,5,1,0,7,5,0,19,0,중심(3~5번),2022
390,황재균,KT,0.222,203,45,9,0,3,24,27,4,41,7,중심(3~5번),2022
391,오윤석,KT,0.2,35,7,3,0,1,7,4,0,8,2,중심(3~5번),2022
392,조용호,KT,0.19,21,4,1,0,0,0,2,0,4,0,중심(3~5번),2022
393,신본기,KT,0.143,7,1,0,0,0,0,1,0,1,0,중심(3~5번),2022
394,장준원,KT,0.143,7,1,1,0,0,1,0,0,4,0,중심(3~5번),2022
395,문상철,KT,0.125,16,2,1,0,0,1,1,0,9,1,중심(3~5번),2022
396,권동진,KT,0.0,2,0,0,0,0,1,0,0,1,0,중심(3~5번),2022
397,김태훈,KT,0.0,1,0,0,0,0,0,0,0,0,0,중심(3~5번),2022
398,문상인,KT,0.0,2,0,0,0,0,0,0,0,1,1,중심(3~5번),2022
399,박경수,KT,0.0,9,0,0,0,0,0,1,0,3,1,중심(3~5번),2022
400,송민섭,KT,0.0,2,0,0,0,0,0,1,0,0,0,중심(3~5번),2022
401,양승혁,KT,0.0,1,0,0,0,0,0,0,0,1,0,중심(3~5번),2022
402,이시원,KT,0.0,3,0,0,0,0,0,0,1,0,0,중심(3~5번),2022
403,전진영,KT,0.0,2,0,0,0,0,0,0,0,0,0,중심(3~5번),2022
404,홍현빈,KT,0.0,1,0,0,0,0,0,0,0,1,0,중심(3~5번),2022
405,전진영,KT,1.0,1,1,0,0,0,1,0,0,0,0,하위(6~9번),2022
406,박병호,KT,0.75,4,3,0,0,2,5,1,1,0,0,하위(6~9번),2022
407,김민혁,KT,0.333,81,27,3,0,0,10,13,0,10,4,하위(6~9번),2022
408,문상준,KT,0.333,3,1,1,0,0,0,0,0,2,0,하위(6~9번),2022
409,알포드,KT,0.294,17,5,1,0,1,3,2,0,4,0,하위(6~9번),2022
410,황재균,KT,0.294,211,62,11,2,5,30,15,1,37,9,하위(6~9번),2022
411,김준태,KT,0.282,177,50,10,0,4,20,27,0,57,4,하위(6~9번),2022
412,문상철,KT,0.281,32,9,2,0,2,3,2,0,8,1,하위(6~9번),2022
413,유준규,KT,0.273,11,3,0,0,0,0,1,0,4,0,하위(6~9번),2022
414,조용호,KT,0.263,19,5,0,0,0,1,2,0,4,0,하위(6~9번),2022
415,장준원,KT,0.26,50,13,1,0,3,9,3,0,13,5,하위(6~9번),2022
416,오윤석,KT,0.249,237,59,10,0,5,29,27,6,59,6,하위(6~9번),2022
417,심우준,KT,0.238,386,92,8,2,4,33,43,2,75,11,하위(6~9번),2022
418,홍현빈,KT,0.238,63,15,2,0,0,1,6,0,22,1,하위(6~9번),2022
419,배정대,KT,0.228,272,62,9,0,2,18,27,3,64,0,하위(6~9번),2022
420,장성우,KT,0.205,44,9,2,0,3,8,5,1,7,3,하위(6~9번),2022
421,이시원,KT,0.2,10,2,0,0,0,1,0,0,3,0,하위(6~9번),2022
422,송민섭,KT,0.182,33,6,1,1,0,2,1,0,9,0,하위(6~9번),2022
423,신본기,KT,0.18,111,20,3,0,1,8,9,2,27,5,하위(6~9번),2022
424,김병희,KT,0.146,48,7,2,0,0,3,5,1,19,1,하위(6~9번),2022
425,권동진,KT,0.143,35,5,1,1,0,3,1,0,15,0,하위(6~9번),2022
426,박경수,KT,0.123,146,18,2,0,3,9,22,1,63,2,하위(6~9번),2022
427,강백호,KT,0.0,6,0,0,0,0,0,1,0,2,0,하위(6~9번),2022
428,김태훈,KT,0.0,7,0,0,0,0,0,0,0,2,0,하위(6~9번),2022
429,문상인,KT,0.0,1,0,0,0,0,0,0,0,1,0,하위(6~9번),2022
430,양승혁,KT,0.0,4,0,0,0,0,0,0,0,0,0,하위(6~9번),2022
431,조대현,KT,0.0,4,0,0,0,0,0,0,0,3,0,하위(6~9번),2022
432,이재원,LG,1.0,1,1,0,0,0,0,0,0,0,0,1번,2022
433,이형종,LG,0.5,2,1,0,0,0,0,0,0,0,0,1번,2022
434,문성주,LG,0.333,3,1,0,0,0,0,0,0,0,1,1번,2022
435,최민창,LG,0.333,3,1,0,0,0,0,0,0,0,0,1번,2022
436,홍창기,LG,0.297,323,96,15,3,1,37,44,15,56,4,1번,2022
437,박해민,LG,0.249,257,64,8,5,1,21,21,5,41,1,1번,2022
438,김민성,LG,0.0,4,0,0,0,0,0,0,0,0,1,1번,2022
439,루이즈,LG,0.0,1,0,0,0,0,1,0,0,0,0,1번,2022
440,서건창,LG,0.0,1,0,0,0,0,0,0,0,0,0,1번,2022
441,이영빈,LG,0.0,1,0,0,0,0,0,0,0,0,0,1번,2022
442,한석현,LG,0.0,2,0,0,0,0,0,0,0,1,0,1번,2022
443,허도환,LG,0.0,2,0,0,0,0,0,0,0,2,0,1번,2022
444,문성주,LG,0.336,134,45,7,1,4,26,29,0,13,3,2번,2022
445,채은성,LG,0.333,3,1,1,0,0,2,0,0,1,0,2번,2022
446,박해민,LG,0.319,301,96,12,3,2,27,21,4,42,3,2번,2022
447,송찬의,LG,0.286,7,2,1,0,0,2,0,1,4,0,2번,2022
448,이영빈,LG,0.286,7,2,0,0,1,2,1,0,1,0,2번,2022
449,홍창기,LG,0.286,42,12,2,0,0,4,9,1,5,1,2번,2022
450,김민성,LG,0.25,4,1,1,0,0,3,0,0,1,0,2번,2022
451,이상호,LG,0.2,5,1,0,0,0,1,3,0,0,0,2번,2022
452,문보경,LG,0.167,6,1,1,0,0,1,3,0,1,0,2번,2022
453,이형종,LG,0.125,8,1,0,0,0,1,0,0,0,0,2번,2022
454,서건창,LG,0.111,27,3,0,0,0,2,1,0,6,1,2번,2022
455,오지환,LG,0.111,9,1,0,0,0,1,0,0,3,0,2번,2022
456,이재원,LG,0.111,9,1,1,0,0,1,0,1,4,0,2번,2022
457,가르시아,LG,0.0,3,0,0,0,0,0,1,0,0,0,2번,2022
458,신민재,LG,0.0,2,0,0,0,0,0,0,0,0,0,2번,2022
459,안익훈,LG,0.0,1,0,0,0,0,0,0,0,0,0,2번,2022
460,이천웅,LG,0.0,1,0,0,0,0,0,0,0,0,0,2번,2022
461,최민창,LG,0.0,1,0,0,0,0,0,0,0,0,0,2번,2022
462,허도환,LG,0.0,1,0,0,0,0,0,0,0,0,0,2번,2022
463,손호영,LG,1.0,1,1,0,0,1,2,0,0,0,0,3번,2022
464,문보경,LG,0.333,3,1,0,0,0,0,1,0,0,0,3번,2022
465,김현수,LG,0.287,481,138,22,2,21,97,65,5,58,4,3번,2022
466,홍창기,LG,0.271,48,13,2,1,0,7,4,3,8,4,3번,2022
467,유강남,LG,0.25,4,1,0,0,0,1,0,0,0,0,3번,2022
468,서건창,LG,0.2,5,1,0,0,0,1,0,0,2,0,3번,2022
469,이천웅,LG,0.2,5,1,0,0,0,0,0,0,2,0,3번,2022
470,오지환,LG,0.111,9,1,0,0,0,0,1,0,1,2,3번,2022
471,김민성,LG,0.0,1,0,0,0,0,0,0,0,1,0,3번,2022
472,송찬의,LG,0.0,1,0,0,0,0,0,0,0,1,0,3번,2022
473,신민재,LG,0.0,1,0,0,0,0,0,0,0,0,0,3번,2022
474,안익훈,LG,0.0,1,0,0,0,0,0,0,0,0,0,3번,2022
475,이상호,LG,0.0,2,0,0,0,0,0,0,0,0,0,3번,2022
476,이재원,LG,0.0,4,0,0,0,0,0,0,0,4,0,3번,2022
477,최민창,LG,0.0,1,0,0,0,0,0,0,0,1,0,3번,2022
478,이형종,LG,1.0,1,1,0,0,0,0,0,0,0,0,4번,2022
479,이상호,LG,0.5,2,1,0,0,0,0,0,0,0,0,4번,2022
480,이천웅,LG,0.5,2,1,0,0,0,0,0,0,0,0,4번,2022
481,송찬의,LG,0.4,5,2,0,0,1,2,0,0,2,0,4번,2022
482,오지환,LG,0.333,9,3,0,0,1,3,0,0,1,0,4번,2022
483,이재원,LG,0.333,3,1,1,0,0,0,0,0,1,0,4번,2022
484,채은성,LG,0.29,420,122,22,2,12,75,25,21,81,15,4번,2022
485,김현수,LG,0.286,42,12,3,0,2,9,6,0,4,1,4번,2022
486,가르시아,LG,0.273,11,3,0,0,0,1,2,0,1,1,4번,2022
487,유강남,LG,0.269,26,7,2,0,0,3,1,0,6,0,4번,2022
488,문보경,LG,0.216,37,8,0,0,0,4,3,1,8,2,4번,2022
489,김민성,LG,0.2,5,1,0,0,0,0,0,0,1,0,4번,2022
490,김호은,LG,0.0,1,0,0,0,0,0,0,0,0,0,4번,2022
491,루이즈,LG,0.0,1,0,0,0,0,0,0,0,1,0,4번,2022
492,문성주,LG,0.0,1,0,0,0,0,0,0,0,0,0,4번,2022
493,손호영,LG,0.0,1,0,0,0,0,0,0,0,0,0,4번,2022
494,이영빈,LG,0.0,2,0,0,0,0,0,1,0,0,0,4번,2022
495,한석현,LG,1.0,1,1,0,0,0,0,0,0,0,0,5번,2022
496,손호영,LG,0.667,3,2,0,0,1,2,1,0,0,0,5번,2022
497,김민성,LG,0.5,2,1,0,0,0,0,0,0,1,0,5번,2022
498,송찬의,LG,0.4,5,2,1,0,0,1,0,0,0,0,5번,2022
499,이영빈,LG,0.375,8,3,0,0,0,0,0,0,3,0,5번,2022
500,채은성,LG,0.341,41,14,3,0,0,5,2,0,6,1,5번,2022
501,서건창,LG,0.333,3,1,0,0,0,0,1,0,1,0,5번,2022
502,허도환,LG,0.333,3,1,0,0,0,0,0,0,0,0,5번,2022
503,문보경,LG,0.288,59,17,3,0,3,11,2,0,9,3,5번,2022
504,오지환,LG,0.279,358,100,12,3,17,64,51,6,85,7,5번,2022
505,문성주,LG,0.25,8,2,1,0,0,0,1,1,0,1,5번,2022
506,이상호,LG,0.25,4,1,0,0,0,0,0,1,0,0,5번,2022
507,유강남,LG,0.241,29,7,0,0,1,6,2,0,7,1,5번,2022
508,가르시아,LG,0.2,20,4,0,0,0,1,2,0,5,0,5번,2022
509,고우석,LG,0.0,1,0,0,0,0,0,0,0,0,0,5번,2022
510,김기연,LG,0.0,1,0,0,0,0,0,0,0,1,0,5번,2022
511,이재원,LG,0.0,1,0,0,0,0,0,0,0,1,0,5번,2022
512,김민성,LG,0.333,18,6,0,0,3,9,2,0,5,1,6번,2022
513,서건창,LG,0.333,6,2,1,0,0,1,1,0,1,0,6번,2022
514,채은성,LG,0.333,3,1,0,0,0,1,0,0,0,0,6번,2022
515,허도환,LG,0.333,6,2,1,0,0,2,0,2,3,0,6번,2022
516,문보경,LG,0.319,141,45,6,1,3,19,21,0,19,3,6번,2022
517,문성주,LG,0.264,106,28,4,1,1,7,12,2,16,4,6번,2022
518,유강남,LG,0.215,79,17,2,0,1,7,13,2,17,1,6번,2022
519,송찬의,LG,0.188,16,3,0,0,0,1,0,1,4,0,6번,2022
520,이재원,LG,0.184,38,7,1,0,0,4,3,2,9,1,6번,2022
521,이형종,LG,0.167,12,2,0,0,0,1,1,0,4,0,6번,2022
522,홍창기,LG,0.158,19,3,0,0,0,2,2,0,6,2,6번,2022
523,오지환,LG,0.135,52,7,1,1,2,7,4,1,10,1,6번,2022
524,가르시아,LG,0.125,16,2,0,1,0,3,1,0,4,1,6번,2022
525,루이즈,LG,0.000,8,0,0,0,0,0,0,0,1,0,6번,2022
526,손호영,LG,-,0,0,0,0,0,0,1,0,0,0,6번,2022
527,이상호,LG,0.000,3,0,0,0,0,0,0,0,0,0,6번,2022
528,이영빈,LG,0.000,3,0,0,0,0,0,1,0,1,1,6번,2022
529,이천웅,LG,0.000,1,0,0,0,0,0,0,0,0,0,6번,2022
530,오지환,LG,0.394,33,13,2,0,4,5,4,0,7,0,7번,2022
531,문보경,LG,0.329,82,27,7,2,1,9,10,0,10,2,7번,2022
532,문성주,LG,0.293,41,12,2,0,1,5,8,0,5,3,7번,2022
533,이상호,LG,0.286,7,2,0,0,0,1,0,0,1,0,7번,2022
534,이형종,LG,0.261,23,6,3,0,0,1,3,1,4,0,7번,2022
535,서건창,LG,0.25,28,7,3,0,0,1,2,1,5,0,7번,2022
536,허도환,LG,0.25,4,1,0,0,0,0,0,0,0,1,7번,2022
537,가르시아,LG,0.247,77,19,6,0,4,14,13,1,25,2,7번,2022
538,유강남,LG,0.245,49,12,5,0,0,2,4,2,12,2,7번,2022
539,손호영,LG,0.222,9,2,0,1,0,1,1,0,3,0,7번,2022
540,송찬의,LG,0.222,18,4,1,0,1,1,1,0,6,0,7번,2022
541,루이즈,LG,0.205,44,9,1,1,1,3,6,0,7,3,7번,2022
542,이천웅,LG,0.2,5,1,0,0,0,0,3,0,1,0,7번,2022
543,김민성,LG,0.167,6,1,0,0,0,0,0,1,2,0,7번,2022
544,이재원,LG,0.167,66,11,2,0,4,15,8,4,23,2,7번,2022
545,이영빈,LG,0.158,19,3,1,0,0,1,0,0,7,1,7번,2022
546,김호은,LG,0.0,1,0,0,0,0,0,0,0,1,0,7번,2022
547,한석현,LG,0.0,3,0,0,0,0,0,0,0,0,0,7번,2022
548,문보경,LG,0.367,60,22,4,0,2,9,7,0,7,0,8번,2022
549,손호영,LG,0.333,9,3,0,1,0,2,2,0,2,0,8번,2022
550,이형종,LG,0.333,3,1,0,0,0,1,1,0,0,0,8번,2022
551,한석현,LG,0.333,3,1,0,0,0,0,0,0,2,0,8번,2022
552,문성주,LG,0.32,25,8,1,0,0,2,1,0,2,1,8번,2022
553,오지환,LG,0.318,22,7,1,0,1,6,2,0,0,1,8번,2022
554,이재원,LG,0.308,91,28,3,2,8,22,7,5,32,0,8번,2022
555,이상호,LG,0.25,16,4,1,0,0,0,1,0,1,0,8번,2022
556,유강남,LG,0.248,149,37,3,0,4,16,8,6,32,4,8번,2022
557,김민성,LG,0.2,30,6,1,0,0,1,2,0,5,1,8번,2022
558,김기연,LG,0.167,6,1,0,0,0,1,0,0,2,0,8번,2022
559,서건창,LG,0.167,42,7,2,0,1,6,4,1,12,0,8번,2022
560,허도환,LG,0.167,6,1,0,0,0,0,0,0,2,0,8번,2022
561,루이즈,LG,0.148,27,4,3,0,0,2,3,0,3,2,8번,2022
562,이영빈,LG,0.111,9,1,1,0,0,2,3,0,5,0,8번,2022
563,가르시아,LG,0.0,9,0,0,0,0,0,0,0,5,0,8번,2022
564,송찬의,LG,0.0,2,0,0,0,0,0,0,0,1,0,8번,2022
565,안익훈,LG,0.0,1,0,0,0,0,0,1,0,0,0,8번,2022
566,이천웅,LG,0.0,2,0,0,0,0,0,0,0,0,0,8번,2022
567,김기연,LG,0.5,2,1,0,0,0,0,0,0,0,0,9번,2022
568,오지환,LG,0.5,2,1,0,0,0,1,0,0,0,0,9번,2022
569,이형종,LG,0.5,4,2,0,0,0,3,0,0,2,0,9번,2022
570,박해민,LG,0.417,12,5,0,0,0,1,2,0,2,0,9번,2022
571,문보경,LG,0.389,18,7,1,0,0,3,0,0,2,1,9번,2022
572,문성주,LG,0.333,9,3,0,1,0,1,0,0,0,0,9번,2022
573,유강남,LG,0.313,80,25,4,0,2,12,6,1,24,1,9번,2022
574,이상호,LG,0.273,33,9,1,0,0,3,0,0,4,1,9번,2022
575,서건창,LG,0.262,107,28,4,1,1,7,11,2,17,4,9번,2022
576,허도환,LG,0.254,63,16,4,0,1,4,2,0,19,1,9번,2022
577,이천웅,LG,0.25,4,1,0,0,0,0,0,0,0,0,9번,2022
578,송찬의,LG,0.222,18,4,1,0,1,3,1,1,6,0,9번,2022
579,손호영,LG,0.216,51,11,0,0,1,7,1,0,9,2,9번,2022
580,홍창기,LG,0.2,5,1,0,0,0,1,0,0,0,0,9번,2022
581,김민성,LG,0.186,70,13,2,0,0,7,6,2,11,1,9번,2022
582,이영빈,LG,0.185,27,5,1,0,0,0,1,0,8,1,9번,2022
583,이재원,LG,0.1,10,1,0,0,1,1,0,0,3,0,9번,2022
584,김현수,LG,0.0,1,0,0,0,0,0,0,0,0,0,9번,2022
585,루이즈,LG,0.0,3,0,0,0,0,0,0,0,1,0,9번,2022
586,문성주,LG,0.336,137,46,7,1,4,26,29,0,13,4,상위(1~2번),2022
587,채은성,LG,0.333,3,1,1,0,0,2,0,0,1,0,상위(1~2번),2022
588,홍창기,LG,0.296,365,108,17,3,1,41,53,16,61,5,상위(1~2번),2022
589,박해민,LG,0.287,558,160,20,8,3,48,42,9,83,4,상위(1~2번),2022
590,송찬의,LG,0.286,7,2,1,0,0,2,0,1,4,0,상위(1~2번),2022
591,이영빈,LG,0.25,8,2,0,0,1,2,1,0,1,0,상위(1~2번),2022
592,최민창,LG,0.25,4,1,0,0,0,0,0,0,0,0,상위(1~2번),2022
593,이상호,LG,0.2,5,1,0,0,0,1,3,0,0,0,상위(1~2번),2022
594,이재원,LG,0.2,10,2,1,0,0,1,0,1,4,0,상위(1~2번),2022
595,이형종,LG,0.2,10,2,0,0,0,1,0,0,0,0,상위(1~2번),2022
596,문보경,LG,0.167,6,1,1,0,0,1,3,0,1,0,상위(1~2번),2022
597,김민성,LG,0.125,8,1,1,0,0,3,0,0,1,1,상위(1~2번),2022
598,오지환,LG,0.111,9,1,0,0,0,1,0,0,3,0,상위(1~2번),2022
599,서건창,LG,0.107,28,3,0,0,0,2,1,0,6,1,상위(1~2번),2022
600,가르시아,LG,0.0,3,0,0,0,0,0,1,0,0,0,상위(1~2번),2022
601,루이즈,LG,0.0,1,0,0,0,0,1,0,0,0,0,상위(1~2번),2022
602,신민재,LG,0.0,2,0,0,0,0,0,0,0,0,0,상위(1~2번),2022
603,안익훈,LG,0.0,1,0,0,0,0,0,0,0,0,0,상위(1~2번),2022
604,이천웅,LG,0.0,1,0,0,0,0,0,0,0,0,0,상위(1~2번),2022
605,한석현,LG,0.0,2,0,0,0,0,0,0,0,1,0,상위(1~2번),2022
606,허도환,LG,0.0,3,0,0,0,0,0,0,0,2,0,상위(1~2번),2022
607,이형종,LG,1.0,1,1,0,0,0,0,0,0,0,0,중심(3~5번),2022
608,한석현,LG,1.0,1,1,0,0,0,0,0,0,0,0,중심(3~5번),2022
609,손호영,LG,0.6,5,3,0,0,2,4,1,0,0,0,중심(3~5번),2022
610,송찬의,LG,0.364,11,4,1,0,1,3,0,0,3,0,중심(3~5번),2022
611,허도환,LG,0.333,3,1,0,0,0,0,0,0,0,0,중심(3~5번),2022
612,이영빈,LG,0.3,10,3,0,0,0,0,1,0,3,0,중심(3~5번),2022
613,채은성,LG,0.295,461,136,25,2,12,80,27,21,87,16,중심(3~5번),2022
614,김현수,LG,0.287,523,150,25,2,23,106,71,5,62,5,중심(3~5번),2022
615,이천웅,LG,0.286,7,2,0,0,0,0,0,0,2,0,중심(3~5번),2022
616,오지환,LG,0.277,376,104,12,3,18,67,52,6,87,9,중심(3~5번),2022
617,홍창기,LG,0.271,48,13,2,1,0,7,4,3,8,4,중심(3~5번),2022
618,문보경,LG,0.263,99,26,3,0,3,15,6,1,17,5,중심(3~5번),2022
619,유강남,LG,0.254,59,15,2,0,1,10,3,0,13,1,중심(3~5번),2022
620,김민성,LG,0.25,8,2,0,0,0,0,0,0,3,0,중심(3~5번),2022
621,서건창,LG,0.25,8,2,0,0,0,1,1,0,3,0,중심(3~5번),2022
622,이상호,LG,0.25,8,2,0,0,0,0,0,1,0,0,중심(3~5번),2022
623,가르시아,LG,0.226,31,7,0,0,0,2,4,0,6,1,중심(3~5번),2022
624,문성주,LG,0.222,9,2,1,0,0,0,1,1,0,1,중심(3~5번),2022
625,이재원,LG,0.125,8,1,1,0,0,0,0,0,6,0,중심(3~5번),2022
626,고우석,LG,0.0,1,0,0,0,0,0,0,0,0,0,중심(3~5번),2022
627,김기연,LG,0.0,1,0,0,0,0,0,0,0,1,0,중심(3~5번),2022
628,김호은,LG,0.0,1,0,0,0,0,0,0,0,0,0,중심(3~5번),2022
629,루이즈,LG,0.0,1,0,0,0,0,0,0,0,1,0,중심(3~5번),2022
630,신민재,LG,0.0,1,0,0,0,0,0,0,0,0,0,중심(3~5번),2022
631,안익훈,LG,0.0,1,0,0,0,0,0,0,0,0,0,중심(3~5번),2022
632,최민창,LG,0.0,1,0,0,0,0,0,0,0,1,0,중심(3~5번),2022
633,박해민,LG,0.417,12,5,0,0,0,1,2,0,2,0,하위(6~9번),2022
634,문보경,LG,0.336,301,101,18,3,6,40,38,0,38,6,하위(6~9번),2022
635,채은성,LG,0.333,3,1,0,0,0,1,0,0,0,0,하위(6~9번),2022
636,문성주,LG,0.282,181,51,7,2,2,15,21,2,23,8,하위(6~9번),2022
637,이형종,LG,0.262,42,11,3,0,0,6,5,1,10,0,하위(6~9번),2022
638,오지환,LG,0.257,109,28,4,1,7,19,10,1,17,2,하위(6~9번),2022
639,유강남,LG,0.255,357,91,14,0,7,37,31,11,85,8,하위(6~9번),2022
640,이상호,LG,0.254,59,15,2,0,0,4,1,0,6,1,하위(6~9번),2022
641,허도환,LG,0.253,79,20,5,0,1,6,2,2,24,2,하위(6~9번),2022
642,김기연,LG,0.25,8,2,0,0,0,1,0,0,2,0,하위(6~9번),2022
643,서건창,LG,0.24,183,44,10,1,2,15,18,4,35,4,하위(6~9번),2022
644,손호영,LG,0.232,69,16,0,2,1,10,5,0,14,2,하위(6~9번),2022
645,이재원,LG,0.229,205,47,6,2,13,42,18,11,67,3,하위(6~9번),2022
646,김민성,LG,0.21,124,26,3,0,3,17,10,3,23,3,하위(6~9번),2022
647,가르시아,LG,0.206,102,21,6,1,4,17,14,1,34,3,하위(6~9번),2022
648,송찬의,LG,0.204,54,11,2,0,2,5,2,2,17,0,하위(6~9번),2022
649,이천웅,LG,0.167,12,2,0,0,0,0,3,0,1,0,하위(6~9번),2022
650,한석현,LG,0.167,6,1,0,0,0,0,0,0,2,0,하위(6~9번),2022
651,홍창기,LG,0.167,24,4,0,0,0,3,2,0,6,2,하위(6~9번),2022
652,루이즈,LG,0.159,82,13,4,1,1,5,9,0,12,5,하위(6~9번),2022
653,이영빈,LG,0.155,58,9,3,0,0,3,5,0,21,3,하위(6~9번),2022
654,김현수,LG,0.0,1,0,0,0,0,0,0,0,0,0,하위(6~9번),2022
655,김호은,LG,0.0,1,0,0,0,0,0,0,0,1,0,하위(6~9번),2022
656,안익훈,LG,0.0,1,0,0,0,0,0,1,0,0,0,하위(6~9번),2022
657,최정,SSG,1.000,1,1,0,0,0,0,0,0,0,0,1번,2022
658,최경모,SSG,0.500,2,1,0,0,0,0,0,0,1,0,1번,2022
659,박성한,SSG,0.375,8,3,0,0,0,0,0,0,0,0,1번,2022
660,라가레스,SSG,0.306,36,11,1,0,1,7,2,1,2,1,1번,2022
661,추신수,SSG,0.259,398,103,19,1,16,57,69,13,98,6,1번,2022
662,최지훈,SSG,0.255,94,24,5,0,0,8,5,2,15,0,1번,2022
663,김강민,SSG,0.222,9,2,0,0,0,0,0,0,4,0,1번,2022
664,오태곤,SSG,0.200,10,2,0,0,0,2,1,0,4,0,1번,2022
665,하재훈,SSG,0.200,5,1,1,0,0,0,0,1,3,0,1번,2022
666,오준혁,SSG,0.167,6,1,0,0,0,0,0,0,0,1,1번,2022
667,김민식,SSG,0.000,1,0,0,0,0,0,0,0,0,0,1번,2022
668,전의산,SSG,0.000,5,0,0,0,0,0,0,0,4,0,1번,2022
669,조형우,SSG,-,0,0,0,0,0,0,1,0,0,0,1번,2022
670,최주환,SSG,0.000,1,0,0,0,0,0,1,0,0,0,1번,2022
671,최항,SSG,0.000,1,0,0,0,0,0,0,0,1,0,1번,2022
672,크론,SSG,0.000,2,0,0,0,0,0,0,0,2,0,1번,2022
673,오준혁,SSG,0.364,11,4,1,0,0,0,0,0,3,2,2번,2022
674,라가레스,SSG,0.333,3,1,1,0,0,2,0,0,0,0,2번,2022
675,이정범,SSG,0.333,3,1,0,0,0,0,0,0,1,0,2번,2022
676,최지훈,SSG,0.309,453,140,24,2,10,49,40,4,61,7,2번,2022
677,김강민,SSG,0.2,15,3,2,0,0,0,2,1,3,0,2번,2022
678,박성한,SSG,0.2,15,3,0,0,0,1,3,0,1,1,2번,2022
679,오태곤,SSG,0.2,20,4,1,0,0,0,1,0,5,0,2번,2022
680,최주환,SSG,0.2,25,5,4,0,0,7,1,0,3,0,2번,2022
681,전의산,SSG,0.182,22,4,2,0,0,2,3,0,7,0,2번,2022
682,안상현,SSG,0.167,6,1,0,0,0,0,0,0,0,1,2번,2022
683,한유섬,SSG,0.143,7,1,0,0,0,0,1,0,4,0,2번,2022
684,김성현,SSG,0.083,12,1,1,0,0,0,0,0,2,2,2번,2022
685,이현석,SSG,0.0,1,0,0,0,0,0,0,0,1,0,2번,2022
686,전경원,SSG,0.0,1,0,0,0,0,0,0,0,0,0,2번,2022
687,최항,SSG,0.0,3,0,0,0,0,0,0,0,2,0,2번,2022
688,하재훈,SSG,0.0,3,0,0,0,0,0,0,0,3,0,2번,2022
689,안상현,SSG,1.000,1,1,0,0,1,1,1,0,0,0,3번,2022
690,이재원,SSG,1.000,1,1,0,0,0,2,0,0,0,0,3번,2022
691,오태곤,SSG,0.571,7,4,1,0,1,2,1,1,1,0,3번,2022
692,한유섬,SSG,0.400,5,2,1,0,0,0,2,0,2,0,3번,2022
693,김강민,SSG,0.333,27,9,1,0,1,3,1,1,7,0,3번,2022
694,추신수,SSG,0.286,7,2,0,0,0,1,2,0,0,0,3번,2022
695,최정,SSG,0.279,333,93,17,0,20,71,53,14,79,3,3번,2022
696,최경모,SSG,0.250,12,3,0,0,0,1,0,0,3,0,3번,2022
697,하재훈,SSG,0.250,12,3,0,0,2,2,0,0,3,0,3번,2022
698,라가레스,SSG,0.217,23,5,0,0,0,2,2,0,3,1,3번,2022
699,최주환,SSG,0.214,70,15,3,0,3,11,8,0,12,1,3번,2022
700,전의산,SSG,0.200,5,1,0,0,0,2,2,0,0,0,3번,2022
701,김성현,SSG,0.182,11,2,1,0,0,1,2,0,0,0,3번,2022
702,박성한,SSG,0.182,33,6,0,1,0,3,4,0,7,1,3번,2022
703,석정우,SSG,0.000,1,0,0,0,0,0,0,0,0,0,3번,2022
704,최상민,SSG,-,0,0,0,0,0,0,1,0,0,0,3번,2022
705,최준우,SSG,0.000,3,0,0,0,0,0,0,0,1,0,3번,2022
706,최항,SSG,0.000,2,0,0,0,0,0,0,0,0,0,3번,2022
707,크론,SSG,0.000,3,0,0,0,0,0,0,0,0,1,3번,2022
708,하재훈,SSG,0.750,4,3,0,1,0,1,1,0,1,0,4번,2022
709,김강민,SSG,0.500,4,2,2,0,0,1,0,0,2,0,4번,2022
710,오태곤,SSG,0.500,4,2,0,1,0,1,0,0,0,0,4번,2022
711,크론,SSG,0.400,20,8,0,0,1,2,1,0,4,1,4번,2022
712,라가레스,SSG,0.333,3,1,0,0,0,0,1,0,0,0,4번,2022
713,최상민,SSG,0.333,3,1,0,0,0,0,0,0,1,0,4번,2022
714,한유섬,SSG,0.250,360,90,28,1,12,78,48,13,109,5,4번,2022
715,전의산,SSG,0.243,37,9,2,0,2,7,1,0,15,0,4번,2022
716,최정,SSG,0.205,78,16,4,0,6,16,12,5,17,3,4번,2022
717,최주환,SSG,0.161,31,5,0,0,2,2,4,0,8,1,4번,2022
718,김민식,SSG,0.000,1,0,0,0,0,0,0,0,0,0,4번,2022
719,김성현,SSG,0.000,1,0,0,0,0,0,0,0,0,0,4번,2022
720,안상현,SSG,-,0,0,0,0,0,1,1,1,0,0,4번,2022
721,오준혁,SSG,0.000,2,0,0,0,0,0,1,0,0,0,4번,2022
722,최경모,SSG,0.000,1,0,0,0,0,0,0,0,0,0,4번,2022
723,최지훈,SSG,-,0,0,0,0,0,1,0,0,0,0,4번,2022
724,김강민,SSG,0.379,29,11,2,0,1,2,3,0,7,0,5번,2022
725,라가레스,SSG,0.364,33,12,1,0,1,6,3,0,4,1,5번,2022
726,오준혁,SSG,0.333,3,1,1,0,0,3,1,0,1,0,5번,2022
727,최경모,SSG,0.333,3,1,0,0,0,0,0,0,1,0,5번,2022
728,박성한,SSG,0.324,176,57,10,0,0,27,21,1,32,1,5번,2022
729,한유섬,SSG,0.319,47,15,2,0,5,12,8,2,9,1,5번,2022
730,전의산,SSG,0.306,49,15,3,0,3,10,6,0,17,0,5번,2022
731,오태곤,SSG,0.25,4,1,0,0,1,1,1,0,0,0,5번,2022
732,이정범,SSG,0.25,4,1,0,0,0,0,0,0,0,0,5번,2022
733,크론,SSG,0.24,146,35,9,0,8,24,6,2,46,1,5번,2022
734,최주환,SSG,0.229,48,11,0,1,3,10,1,2,8,2,5번,2022
735,하재훈,SSG,0.071,14,1,0,0,0,1,2,0,7,0,5번,2022
736,김성현,SSG,0.0,2,0,0,0,0,0,0,0,0,0,5번,2022
737,김재현,SSG,0.0,1,0,0,0,0,0,0,0,1,0,5번,2022
738,최상민,SSG,0.0,1,0,0,0,0,0,1,0,0,0,5번,2022
739,추신수,SSG,1.0,1,1,1,0,0,0,0,0,0,0,6번,2022
740,라가레스,SSG,0.35,60,21,6,0,4,10,4,0,6,1,6번,2022
741,최지훈,SSG,0.333,3,1,0,1,0,0,1,0,0,0,6번,2022
742,박성한,SSG,0.322,118,38,9,1,1,15,19,1,14,1,6번,2022
743,한유섬,SSG,0.286,28,8,2,0,2,6,6,1,10,2,6번,2022
744,전의산,SSG,0.275,80,22,6,1,7,21,7,0,24,5,6번,2022
745,오준혁,SSG,0.25,12,3,0,0,0,2,2,0,2,1,6번,2022
746,오태곤,SSG,0.231,39,9,2,0,0,2,2,3,8,1,6번,2022
747,김강민,SSG,0.188,32,6,2,0,0,1,7,1,9,0,6번,2022
748,크론,SSG,0.167,66,11,4,1,2,9,2,1,15,0,6번,2022
749,하재훈,SSG,0.158,19,3,1,0,1,1,1,0,7,0,6번,2022
750,김민식,SSG,0.125,8,1,0,1,0,2,1,0,1,0,6번,2022
751,최주환,SSG,0.122,49,6,2,0,0,2,3,1,10,0,6번,2022
752,김성현,SSG,0.071,14,1,0,1,0,1,3,0,2,0,6번,2022
753,김규남,SSG,0.0,3,0,0,0,0,0,0,0,1,1,6번,2022
754,김재현,SSG,0.0,1,0,0,0,0,0,0,0,0,0,6번,2022
755,석정우,SSG,0.0,1,0,0,0,0,0,0,0,0,0,6번,2022
756,안상현,SSG,0.0,2,0,0,0,0,0,0,0,0,0,6번,2022
757,이흥련,SSG,0.0,1,0,0,0,0,0,0,0,0,1,6번,2022
758,조형우,SSG,0.0,1,0,0,0,0,0,0,0,1,0,6번,2022
759,최항,SSG,0.0,2,0,0,0,0,0,0,1,1,0,6번,2022
760,석정우,SSG,0.5,2,1,0,0,0,0,0,0,1,0,7번,2022
761,최경모,SSG,0.5,4,2,0,0,0,1,0,0,1,0,7번,2022
762,한유섬,SSG,0.5,8,4,0,0,2,3,1,0,2,0,7번,2022
763,김강민,SSG,0.379,29,11,1,0,3,7,1,0,3,0,7번,2022
764,최주환,SSG,0.314,35,11,3,1,0,4,6,1,7,1,7번,2022
765,라가레스,SSG,0.286,21,6,0,0,0,5,2,0,3,0,7번,2022
766,박성한,SSG,0.275,138,38,5,1,1,10,13,0,27,1,7번,2022
767,김성현,SSG,0.247,73,18,2,0,0,7,8,1,9,4,7번,2022
768,오태곤,SSG,0.229,105,24,4,0,1,6,8,3,26,2,7번,2022
769,하재훈,SSG,0.225,40,9,2,0,3,5,0,0,12,0,7번,2022
770,전의산,SSG,0.179,39,7,2,0,1,2,5,0,16,1,7번,2022
771,김민식,SSG,0.143,7,1,0,0,0,0,1,0,3,0,7번,2022
772,오준혁,SSG,0.143,7,1,0,0,0,0,1,0,1,0,7번,2022
773,김규남,SSG,0.0,2,0,0,0,0,0,0,0,1,0,7번,2022
774,안상현,SSG,0.0,7,0,0,0,0,0,0,0,4,0,7번,2022
775,이정범,SSG,0.0,1,0,0,0,0,0,0,0,0,0,7번,2022
776,조형우,SSG,0.0,3,0,0,0,0,0,0,0,0,0,7번,2022
777,최상민,SSG,0.0,1,0,0,0,0,1,1,0,0,0,7번,2022
778,최준우,SSG,0.0,1,0,0,0,0,0,0,0,0,0,7번,2022
779,최항,SSG,0.0,3,0,0,0,0,0,0,0,2,0,7번,2022
780,추신수,SSG,0.0,1,0,0,0,0,0,0,0,0,0,7번,2022
781,크론,SSG,0.0,4,0,0,0,0,0,0,0,0,0,7번,2022
782,전의산,SSG,1.0,1,1,0,0,0,0,0,0,0,0,8번,2022
783,최준우,SSG,0.5,2,1,0,0,0,1,1,0,0,0,8번,2022
784,한유섬,SSG,0.5,2,1,0,0,0,1,0,0,0,0,8번,2022
785,김강민,SSG,0.429,14,6,0,0,0,3,1,0,2,0,8번,2022
786,최지훈,SSG,0.417,12,5,2,1,0,2,0,1,0,0,8번,2022
787,최주환,SSG,0.346,26,9,2,0,1,5,5,0,4,0,8번,2022
788,최항,SSG,0.286,7,2,0,0,0,1,2,0,1,0,8번,2022
789,오태곤,SSG,0.282,39,11,3,0,1,8,0,1,12,0,8번,2022
790,조형우,SSG,0.25,8,2,1,0,0,1,0,0,2,0,8번,2022
791,김민식,SSG,0.225,160,36,8,0,2,22,28,2,34,2,8번,2022
792,오준혁,SSG,0.222,9,2,0,0,0,0,0,0,3,0,8번,2022
793,이재원,SSG,0.212,165,35,5,0,2,17,21,7,28,8,8번,2022
794,김성현,SSG,0.211,57,12,2,0,0,3,5,1,7,1,8번,2022
795,이흥련,SSG,0.125,8,1,0,0,0,0,0,1,2,0,8번,2022
796,안상현,SSG,0.083,12,1,0,0,0,1,1,0,6,1,8번,2022
797,이현석,SSG,0.0,3,0,0,0,0,0,0,0,1,0,8번,2022
798,최경모,SSG,0.0,2,0,0,0,0,0,0,0,0,0,8번,2022
799,최상민,SSG,0.0,6,0,0,0,0,0,0,0,1,0,8번,2022
800,최정,SSG,0.0,2,0,0,0,0,0,0,0,0,0,8번,2022
801,추신수,SSG,0.0,1,0,0,0,0,0,0,0,1,0,8번,2022
802,크론,SSG,0.0,1,0,0,0,0,0,0,0,0,0,8번,2022
803,하재훈,SSG,0.0,2,0,0,0,0,0,0,0,0,0,8번,2022
804,최지훈,SSG,0.429,7,3,1,0,0,1,1,0,1,0,9번,2022
805,하재훈,SSG,0.375,8,3,2,0,0,3,0,0,4,0,9번,2022
806,박성한,SSG,0.333,6,2,0,1,0,0,0,0,0,0,9번,2022
807,이정범,SSG,0.333,3,1,0,0,0,1,0,0,1,0,9번,2022
808,전의산,SSG,0.333,3,1,0,0,0,1,0,0,1,0,9번,2022
809,최준우,SSG,0.333,6,2,0,0,0,0,2,0,2,0,9번,2022
810,최경모,SSG,0.306,49,15,2,0,0,2,1,0,12,1,9번,2022
811,안상현,SSG,0.300,10,3,0,0,1,2,2,0,2,0,9번,2022
812,김재현,SSG,0.250,16,4,1,0,0,4,0,0,2,2,9번,2022
813,김민식,SSG,0.244,45,11,1,0,0,4,2,0,7,2,9번,2022
814,김성현,SSG,0.242,132,32,3,0,2,25,13,1,16,6,9번,2022
815,김강민,SSG,0.211,19,4,1,0,0,1,3,0,2,1,9번,2022
816,석정우,SSG,0.200,5,1,0,0,0,0,0,0,2,0,9번,2022
817,오준혁,SSG,0.182,11,2,0,0,0,1,0,0,5,0,9번,2022
818,이현석,SSG,0.182,11,2,0,0,0,1,0,0,3,1,9번,2022
819,이재원,SSG,0.162,68,11,1,0,2,9,4,1,16,5,9번,2022
820,이흥련,SSG,0.139,36,5,2,0,0,1,5,1,20,1,9번,2022
821,오태곤,SSG,0.114,35,4,3,0,0,1,1,1,12,0,9번,2022
822,최주환,SSG,0.077,13,1,0,0,0,0,0,0,3,0,9번,2022
823,라가레스,SSG,0.000,2,0,0,0,0,0,0,0,0,0,9번,2022
824,최상민,SSG,0.000,3,0,0,0,0,0,0,0,2,0,9번,2022
825,최정,SSG,-,0,0,0,0,0,0,1,0,0,0,9번,2022
826,최항,SSG,0.000,2,0,0,0,0,0,0,0,0,0,9번,2022
827,추신수,SSG,0.000,1,0,0,0,0,0,0,0,1,0,9번,2022
828,크론,SSG,0.000,1,0,0,0,0,0,0,0,1,0,9번,2022
829,한유섬,SSG,0.000,1,0,0,0,0,0,0,0,1,0,9번,2022
830,최정,SSG,1.000,1,1,0,0,0,0,0,0,0,0,상위(1~2번),2022
831,최경모,SSG,0.500,2,1,0,0,0,0,0,0,1,0,상위(1~2번),2022
832,이정범,SSG,0.333,3,1,0,0,0,0,0,0,1,0,상위(1~2번),2022
833,라가레스,SSG,0.308,39,12,2,0,1,9,2,1,2,1,상위(1~2번),2022
834,최지훈,SSG,0.300,547,164,29,2,10,57,45,6,76,7,상위(1~2번),2022
835,오준혁,SSG,0.294,17,5,1,0,0,0,0,0,3,3,상위(1~2번),2022
836,박성한,SSG,0.261,23,6,0,0,0,1,3,0,1,1,상위(1~2번),2022
837,추신수,SSG,0.259,398,103,19,1,16,57,69,13,98,6,상위(1~2번),2022
838,김강민,SSG,0.208,24,5,2,0,0,0,2,1,7,0,상위(1~2번),2022
839,오태곤,SSG,0.200,30,6,1,0,0,2,2,0,9,0,상위(1~2번),2022
840,최주환,SSG,0.192,26,5,4,0,0,7,2,0,3,0,상위(1~2번),2022
841,안상현,SSG,0.167,6,1,0,0,0,0,0,0,0,1,상위(1~2번),2022
842,전의산,SSG,0.148,27,4,2,0,0,2,3,0,11,0,상위(1~2번),2022
843,한유섬,SSG,0.143,7,1,0,0,0,0,1,0,4,0,상위(1~2번),2022
844,하재훈,SSG,0.125,8,1,1,0,0,0,0,1,6,0,상위(1~2번),2022
845,김성현,SSG,0.083,12,1,1,0,0,0,0,0,2,2,상위(1~2번),2022
846,김민식,SSG,0.000,1,0,0,0,0,0,0,0,0,0,상위(1~2번),2022
847,이현석,SSG,0.000,1,0,0,0,0,0,0,0,1,0,상위(1~2번),2022
848,전경원,SSG,0.000,1,0,0,0,0,0,0,0,0,0,상위(1~2번),2022
849,조형우,SSG,-,0,0,0,0,0,0,1,0,0,0,상위(1~2번),2022
850,최항,SSG,0.000,4,0,0,0,0,0,0,0,3,0,상위(1~2번),2022
851,크론,SSG,0.000,2,0,0,0,0,0,0,0,2,0,상위(1~2번),2022
852,안상현,SSG,1.000,1,1,0,0,1,2,2,1,0,0,중심(3~5번),2022
853,이재원,SSG,1.000,1,1,0,0,0,2,0,0,0,0,중심(3~5번),2022
854,오태곤,SSG,0.467,15,7,1,1,2,4,2,1,1,0,중심(3~5번),2022
855,김강민,SSG,0.367,60,22,5,0,2,6,4,1,16,0,중심(3~5번),2022
856,라가레스,SSG,0.305,59,18,1,0,1,8,6,0,7,2,중심(3~5번),2022
857,박성한,SSG,0.301,209,63,10,1,0,30,25,1,39,2,중심(3~5번),2022
858,추신수,SSG,0.286,7,2,0,0,0,1,2,0,0,0,중심(3~5번),2022
859,전의산,SSG,0.275,91,25,5,0,5,19,9,0,32,0,중심(3~5번),2022
860,최정,SSG,0.265,411,109,21,0,26,87,65,19,96,6,중심(3~5번),2022
861,한유섬,SSG,0.260,412,107,31,1,17,90,58,15,120,6,중심(3~5번),2022
862,크론,SSG,0.254,169,43,9,0,9,26,7,2,50,3,중심(3~5번),2022
863,이정범,SSG,0.250,4,1,0,0,0,0,0,0,0,0,중심(3~5번),2022
864,최경모,SSG,0.250,16,4,0,0,0,1,0,0,4,0,중심(3~5번),2022
865,최상민,SSG,0.250,4,1,0,0,0,0,2,0,1,0,중심(3~5번),2022
866,하재훈,SSG,0.233,30,7,0,1,2,4,3,0,11,0,중심(3~5번),2022
867,최주환,SSG,0.208,149,31,3,1,8,23,13,2,28,4,중심(3~5번),2022
868,오준혁,SSG,0.200,5,1,1,0,0,3,2,0,1,0,중심(3~5번),2022
869,김성현,SSG,0.143,14,2,1,0,0,1,2,0,0,0,중심(3~5번),2022
870,김민식,SSG,0.000,1,0,0,0,0,0,0,0,0,0,중심(3~5번),2022
871,김재현,SSG,0.000,1,0,0,0,0,0,0,0,1,0,중심(3~5번),2022
872,석정우,SSG,0.000,1,0,0,0,0,0,0,0,0,0,중심(3~5번),2022
873,최준우,SSG,0.000,3,0,0,0,0,0,0,0,1,0,중심(3~5번),2022
874,최지훈,SSG,-,0,0,0,0,0,1,0,0,0,0,중심(3~5번),2022
875,최항,SSG,0.000,2,0,0,0,0,0,0,0,0,0,중심(3~5번),2022
876,최지훈,SSG,0.409,22,9,3,2,0,3,2,1,1,0,하위(6~9번),2022
877,최준우,SSG,0.333,9,3,0,0,0,1,3,0,2,0,하위(6~9번),2022
878,한유섬,SSG,0.333,39,13,2,0,4,10,7,1,13,2,하위(6~9번),2022
879,라가레스,SSG,0.325,83,27,6,0,4,15,6,0,9,1,하위(6~9번),2022
880,최경모,SSG,0.309,55,17,2,0,0,3,1,0,13,1,하위(6~9번),2022
881,박성한,SSG,0.298,262,78,14,3,2,25,32,1,41,2,하위(6~9번),2022
882,김강민,SSG,0.287,94,27,4,0,3,12,12,1,16,1,하위(6~9번),2022
883,전의산,SSG,0.252,123,31,8,1,8,24,12,0,41,6,하위(6~9번),2022
884,석정우,SSG,0.25,8,2,0,0,0,0,0,0,3,0,하위(6~9번),2022
885,이정범,SSG,0.25,4,1,0,0,0,1,0,0,1,0,하위(6~9번),2022
886,추신수,SSG,0.25,4,1,1,0,0,0,0,0,2,0,하위(6~9번),2022
887,김재현,SSG,0.235,17,4,1,0,0,4,0,0,2,2,하위(6~9번),2022
888,김성현,SSG,0.228,276,63,7,1,2,36,29,3,34,11,하위(6~9번),2022
889,김민식,SSG,0.223,220,49,9,1,2,28,32,2,45,4,하위(6~9번),2022
890,오태곤,SSG,0.22,218,48,12,0,2,17,11,8,58,3,하위(6~9번),2022
891,최주환,SSG,0.22,123,27,7,1,1,11,14,2,24,1,하위(6~9번),2022
892,하재훈,SSG,0.217,69,15,5,0,4,9,1,0,23,0,하위(6~9번),2022
893,오준혁,SSG,0.205,39,8,0,0,0,3,3,0,11,1,하위(6~9번),2022
894,이재원,SSG,0.197,233,46,6,0,4,26,25,8,44,13,하위(6~9번),2022
895,조형우,SSG,0.167,12,2,1,0,0,1,0,0,3,0,하위(6~9번),2022
896,크론,SSG,0.153,72,11,4,1,2,9,2,1,16,0,하위(6~9번),2022
897,이현석,SSG,0.143,14,2,0,0,0,1,0,0,4,1,하위(6~9번),2022
898,최항,SSG,0.143,14,2,0,0,0,1,2,1,4,0,하위(6~9번),2022
899,이흥련,SSG,0.133,45,6,2,0,0,1,5,2,22,2,하위(6~9번),2022
900,안상현,SSG,0.129,31,4,0,0,1,3,3,0,12,1,하위(6~9번),2022
901,김규남,SSG,0.0,5,0,0,0,0,0,0,0,2,1,하위(6~9번),2022
902,최상민,SSG,0.0,10,0,0,0,0,1,1,0,3,0,하위(6~9번),2022
903,최정,SSG,0.0,2,0,0,0,0,0,1,0,0,0,하위(6~9번),2022
904,김태진,키움,0.310,71,22,2,0,0,4,4,0,7,0,1번,2022
905,박주홍,키움,0.222,9,2,0,0,0,0,1,0,3,0,1번,2022
906,박찬혁,키움,0.200,5,1,0,0,0,0,0,1,1,0,1번,2022
907,김준완,키움,0.194,288,56,10,2,0,25,57,7,63,3,1번,2022
908,이용규,키움,0.184,163,30,3,0,0,12,23,2,20,3,1번,2022
909,강민국,키움,-,0,0,0,0,0,1,1,0,0,0,1번,2022
910,김수환,키움,-,0,0,0,0,0,1,1,0,0,0,1번,2022
911,김웅빈,키움,0.000,7,0,0,0,0,1,2,1,3,0,1번,2022
912,김혜성,키움,0.000,8,0,0,0,0,0,0,0,2,0,1번,2022
913,박준태,키움,0.000,12,0,0,0,0,0,3,0,6,0,1번,2022
914,예진원,키움,0.000,5,0,0,0,0,0,1,0,1,0,1번,2022
915,이병규,키움,0.000,1,0,0,0,0,0,0,0,0,0,1번,2022
916,이주형,키움,0.000,1,0,0,0,0,0,0,0,0,0,1번,2022
917,임지열,키움,0.000,3,0,0,0,0,0,0,1,1,0,1번,2022
918,예진원,키움,0.500,2,1,0,0,0,0,1,0,0,0,2번,2022
919,김혜성,키움,0.326,178,58,9,2,2,16,6,0,32,4,2번,2022
920,김수환,키움,0.313,16,5,0,0,0,0,3,1,4,0,2번,2022
921,임지열,키움,0.306,85,26,6,0,0,8,5,0,30,2,2번,2022
922,이지영,키움,0.250,4,1,0,0,0,0,0,0,0,1,2번,2022
923,송성문,키움,0.245,53,13,1,0,1,6,3,0,5,0,2번,2022
924,김휘집,키움,0.233,86,20,4,0,0,6,8,4,35,2,2번,2022
925,이용규,키움,0.205,44,9,1,0,0,2,4,3,6,2,2번,2022
926,푸이그,키움,0.188,48,9,2,0,1,2,3,3,14,0,2번,2022
927,박찬혁,키움,0.182,44,8,2,0,2,8,4,3,17,1,2번,2022
928,박준태,키움,0.167,6,1,1,0,0,2,0,0,3,0,2번,2022
929,김태진,키움,0.143,21,3,0,0,0,2,2,0,5,0,2번,2022
930,강민국,키움,0.000,1,0,0,0,0,0,0,0,0,0,2번,2022
931,김주형,키움,-,0,0,0,0,0,0,0,0,0,0,2번,2022
932,김준완,키움,0.000,5,0,0,0,0,0,1,0,2,0,2번,2022
933,박주홍,키움,0.000,2,0,0,0,0,0,1,0,1,1,2번,2022
934,신준우,키움,0.000,1,0,0,0,0,0,2,1,0,0,2번,2022
935,이병규,키움,0.000,1,0,0,0,0,0,0,0,1,0,2번,2022
936,이재홍,키움,0.000,1,0,0,0,0,0,0,0,0,0,2번,2022
937,전병우,키움,0.000,16,0,0,0,0,0,1,2,3,0,2번,2022
938,이정후,키움,0.347,550,191,36,10,23,111,65,5,32,9,3번,2022
939,김혜성,키움,0.267,15,4,0,0,1,3,3,0,0,0,3번,2022
940,김수환,키움,0.000,3,0,0,0,0,0,0,0,2,0,3번,2022
941,김준완,키움,0.000,2,0,0,0,0,0,0,0,0,0,3번,2022
942,김태진,키움,0.000,1,0,0,0,0,0,0,0,0,0,3번,2022
943,박준태,키움,0.000,2,0,0,0,0,0,0,0,1,0,3번,2022
944,예진원,키움,0.000,1,0,0,0,0,0,0,0,0,0,3번,2022
945,이병규,키움,0.000,1,0,0,0,0,0,0,0,1,0,3번,2022
946,이주형,키움,0.000,1,0,0,0,0,0,0,1,0,0,3번,2022
947,푸이그,키움,0.000,3,0,0,0,0,0,2,0,1,0,3번,2022
948,김혜성,키움,0.315,108,34,4,3,0,13,9,0,17,2,4번,2022
949,송성문,키움,0.294,68,20,1,0,2,10,11,0,5,0,4번,2022
950,푸이그,키움,0.281,335,94,20,0,15,45,44,7,68,6,4번,2022
951,김웅빈,키움,0.250,4,1,1,0,0,0,0,0,1,0,4번,2022
952,박찬혁,키움,0.200,10,2,0,0,0,1,0,0,2,0,4번,2022
953,이주형,키움,0.111,9,1,0,0,0,3,2,0,3,0,4번,2022
954,김수환,키움,0.000,5,0,0,0,0,0,0,0,2,0,4번,2022
955,김주형,키움,0.000,2,0,0,0,0,0,0,0,1,0,4번,2022
956,김준완,키움,0.000,3,0,0,0,0,0,1,0,2,0,4번,2022
957,김태진,키움,-,0,0,0,0,0,0,1,0,0,0,4번,2022
958,박준태,키움,0.000,2,0,0,0,0,0,0,0,0,0,4번,2022
959,신준우,키움,0.000,1,0,0,0,0,0,0,0,1,0,4번,2022
960,임지열,키움,0.000,3,0,0,0,0,0,0,0,1,0,4번,2022
961,전병우,키움,0.000,7,0,0,0,0,0,1,0,4,0,4번,2022
962,김혜성,키움,0.340,194,66,5,2,1,16,26,0,27,3,5번,2022
963,김태진,키움,0.339,56,19,3,1,0,7,3,0,7,1,5번,2022
964,푸이그,키움,0.323,31,10,1,0,3,9,2,1,9,0,5번,2022
965,전병우,키움,0.273,11,3,2,0,0,1,0,0,2,0,5번,2022
966,김휘집,키움,0.259,27,7,0,1,0,4,3,0,7,1,5번,2022
967,박찬혁,키움,0.250,4,1,1,0,0,0,0,0,3,0,5번,2022
968,이용규,키움,0.231,13,3,1,0,0,0,2,0,2,0,5번,2022
969,송성문,키움,0.190,189,36,10,2,3,18,12,0,27,4,5번,2022
970,김웅빈,키움,0.057,35,2,0,0,0,1,2,2,8,2,5번,2022
971,박주홍,키움,0.000,3,0,0,0,0,0,0,0,2,0,5번,2022
972,박준태,키움,0.000,2,0,0,0,0,0,0,0,2,0,5번,2022
973,신준우,키움,0.000,1,0,0,0,0,0,0,0,0,0,5번,2022
974,이병규,키움,0.000,1,0,0,0,0,0,0,0,0,0,5번,2022
975,임지열,키움,0.000,5,0,0,0,0,0,1,0,2,0,5번,2022
976,박준태,키움,1.000,1,1,1,0,0,0,0,1,0,0,6번,2022
977,김웅빈,키움,0.400,25,10,2,0,0,2,4,0,11,0,6번,2022
978,이용규,키움,0.357,14,5,0,0,0,4,4,0,2,0,6번,2022
979,박주홍,키움,0.333,3,1,1,0,0,0,0,0,1,0,6번,2022
980,임지열,키움,0.333,18,6,0,0,1,4,2,1,3,0,6번,2022
981,푸이그,키움,0.333,18,6,1,0,0,3,0,0,4,0,6번,2022
982,송성문,키움,0.304,79,24,5,1,2,15,4,0,8,1,6번,2022
983,이병규,키움,0.278,18,5,1,0,0,1,0,0,3,0,6번,2022
984,이지영,키움,0.268,56,15,2,1,0,3,3,1,10,6,6번,2022
985,김주형,키움,0.250,16,4,0,1,0,0,1,0,3,0,6번,2022
986,신준우,키움,0.250,4,1,1,0,0,0,0,0,1,0,6번,2022
987,김태진,키움,0.235,34,8,0,0,0,3,3,1,3,1,6번,2022
988,김휘집,키움,0.230,61,14,4,0,2,9,9,2,22,2,6번,2022
989,김수환,키움,0.173,81,14,5,0,3,9,11,1,36,0,6번,2022
990,박찬혁,키움,0.150,20,3,0,0,0,1,1,0,10,0,6번,2022
991,김혜성,키움,0.125,8,1,0,0,0,0,1,0,3,0,6번,2022
992,이주형,키움,0.125,16,2,0,0,0,1,1,1,4,0,6번,2022
993,전병우,키움,0.125,16,2,0,0,0,1,2,2,6,0,6번,2022
994,김재현,키움,0.000,7,0,0,0,0,0,1,0,1,0,6번,2022
995,김준완,키움,0.000,1,0,0,0,0,0,0,0,0,0,6번,2022
996,예진원,키움,0.000,1,0,0,0,0,0,0,0,1,0,6번,2022
997,김혜성,키움,0.500,2,1,0,0,0,0,0,0,1,0,7번,2022
998,박주홍,키움,0.333,12,4,0,1,0,1,1,0,4,0,7번,2022
999,박준태,키움,0.333,3,1,0,0,0,0,0,0,2,0,7번,2022
1000,김웅빈,키움,0.300,30,9,0,0,1,3,2,0,11,0,7번,2022
1001,김태진,키움,0.292,24,7,0,0,0,1,0,0,1,1,7번,2022
1002,송성문,키움,0.273,128,35,3,1,2,19,12,1,16,3,7번,2022
1003,이지영,키움,0.266,109,29,4,1,1,9,8,1,12,0,7번,2022
1004,김재현,키움,0.261,23,6,1,0,1,4,1,1,6,1,7번,2022
1005,이명기,키움,0.250,4,1,0,0,0,0,0,0,2,0,7번,2022
1006,전병우,키움,0.244,90,22,4,0,3,10,9,1,33,5,7번,2022
1007,김휘집,키움,0.238,21,5,0,0,2,2,3,1,8,0,7번,2022
1008,김주형,키움,0.222,9,2,0,0,0,0,0,0,1,0,7번,2022
1009,이주형,키움,0.212,33,7,0,0,0,1,5,1,16,0,7번,2022
1010,임지열,키움,0.188,16,3,0,0,0,3,2,0,6,0,7번,2022
1011,이병규,키움,0.111,9,1,0,0,0,0,1,0,3,0,7번,2022
1012,김수환,키움,0.091,11,1,0,0,0,0,4,0,5,0,7번,2022
1013,김시앙,키움,0.000,3,0,0,0,0,0,0,0,2,0,7번,2022
1014,김준완,키움,-,0,0,0,0,0,0,1,0,0,0,7번,2022
1015,이용규,키움,0.000,2,0,0,0,0,0,1,0,0,0,7번,2022
1016,이정후,키움,1.000,2,2,0,0,0,2,1,0,0,0,8번,2022
1017,김태진,키움,0.400,5,2,0,0,0,1,1,0,0,0,8번,2022
1018,이용규,키움,0.400,10,4,0,0,0,2,3,1,2,0,8번,2022
1019,푸이그,키움,0.324,37,12,6,0,2,14,7,1,4,0,8번,2022
1020,김웅빈,키움,0.308,13,4,2,1,0,4,3,1,3,0,8번,2022
1021,이지영,키움,0.260,150,39,3,0,1,15,5,0,11,8,8번,2022
1022,전병우,키움,0.233,43,10,0,0,2,6,0,2,16,0,8번,2022
1023,박찬혁,키움,0.222,9,2,0,0,0,0,0,1,2,0,8번,2022
1024,김수환,키움,0.214,14,3,1,0,0,1,1,1,2,0,8번,2022
1025,김재현,키움,0.200,40,8,2,0,0,3,0,0,9,1,8번,2022
1026,이병규,키움,0.200,5,1,0,1,0,4,0,0,2,0,8번,2022
1027,김주형,키움,0.193,83,16,7,0,1,5,3,13,24,4,8번,2022
1028,이주형,키움,0.167,6,1,0,0,1,1,0,0,3,0,8번,2022
1029,신준우,키움,0.161,31,5,2,0,0,0,4,1,14,0,8번,2022
1030,김휘집,키움,0.143,35,5,1,0,1,4,3,1,11,0,8번,2022
1031,김시앙,키움,0.125,8,1,0,0,0,0,1,0,5,1,8번,2022
1032,박준태,키움,0.125,8,1,0,0,0,0,3,0,5,0,8번,2022
1033,강민국,키움,0.000,2,0,0,0,0,0,0,0,1,0,8번,2022
1034,김혜성,키움,0.000,1,0,0,0,0,0,2,0,0,0,8번,2022
1035,박주홍,키움,0.000,6,0,0,0,0,0,2,0,4,0,8번,2022
1036,송성문,키움,0.000,3,0,0,0,0,0,0,0,0,0,8번,2022
1037,임지열,키움,1.000,1,1,0,0,0,0,0,0,0,0,9번,2022
1038,이재홍,키움,0.333,3,1,0,0,0,0,0,0,2,0,9번,2022
1039,박주홍,키움,0.286,14,4,0,0,0,2,3,0,3,0,9번,2022
1040,김준완,키움,0.278,18,5,0,0,1,3,4,1,4,1,9번,2022
1041,이지영,키움,0.277,101,28,4,2,0,10,4,0,11,1,9번,2022
1042,송성문,키움,0.259,27,7,1,0,3,11,3,0,4,0,9번,2022
1043,김재현,키움,0.250,12,3,1,0,0,2,0,0,3,1,9번,2022
1044,박찬혁,키움,0.246,69,17,2,0,4,7,4,0,32,0,9번,2022
1045,김휘집,키움,0.223,103,23,3,0,3,11,13,6,32,1,9번,2022
1046,전병우,키움,0.214,14,3,1,0,0,3,4,0,4,0,9번,2022
1047,박준태,키움,0.206,34,7,2,0,1,8,5,1,14,0,9번,2022
1048,김수환,키움,0.200,10,2,0,0,1,3,1,0,5,0,9번,2022
1049,이주형,키움,0.200,5,1,0,0,0,2,2,0,1,0,9번,2022
1050,김태진,키움,0.167,42,7,0,0,0,2,3,0,7,1,9번,2022
1051,이용규,키움,0.120,25,3,1,0,0,1,8,1,10,2,9번,2022
1052,김시앙,키움,0.000,1,0,0,0,0,0,0,0,1,0,9번,2022
1053,김웅빈,키움,0.000,1,0,0,0,0,0,0,0,1,0,9번,2022
1054,김혜성,키움,0.000,2,0,0,0,0,0,0,0,1,0,9번,2022
1055,신준우,키움,0.000,5,0,0,0,0,0,1,0,3,0,9번,2022
1056,예진원,키움,0.000,1,0,0,0,0,0,1,0,1,0,9번,2022
1057,이병규,키움,0.000,2,0,0,0,0,0,1,0,1,0,9번,2022
1058,이정후,키움,0.000,1,0,0,0,0,0,0,0,0,1,9번,2022
1059,푸이그,키움,0.000,1,0,0,0,0,0,0,0,0,0,9번,2022
1060,김수환,키움,0.313,16,5,0,0,0,1,4,1,4,0,상위(1~2번),2022
1061,김혜성,키움,0.312,186,58,9,2,2,16,6,0,34,4,상위(1~2번),2022
1062,임지열,키움,0.295,88,26,6,0,0,8,5,1,31,2,상위(1~2번),2022
1063,김태진,키움,0.272,92,25,2,0,0,6,6,0,12,0,상위(1~2번),2022
1064,이지영,키움,0.250,4,1,0,0,0,0,0,0,0,1,상위(1~2번),2022
1065,송성문,키움,0.245,53,13,1,0,1,6,3,0,5,0,상위(1~2번),2022
1066,김휘집,키움,0.233,86,20,4,0,0,6,8,4,35,2,상위(1~2번),2022
1067,김준완,키움,0.191,293,56,10,2,0,25,58,7,65,3,상위(1~2번),2022
1068,이용규,키움,0.188,207,39,4,0,0,14,27,5,26,5,상위(1~2번),2022
1069,푸이그,키움,0.188,48,9,2,0,1,2,3,3,14,0,상위(1~2번),2022
1070,박찬혁,키움,0.184,49,9,2,0,2,8,4,4,18,1,상위(1~2번),2022
1071,박주홍,키움,0.182,11,2,0,0,0,0,2,0,4,1,상위(1~2번),2022
1072,예진원,키움,0.143,7,1,0,0,0,0,2,0,1,0,상위(1~2번),2022
1073,박준태,키움,0.056,18,1,1,0,0,2,3,0,9,0,상위(1~2번),2022
1074,강민국,키움,0.000,1,0,0,0,0,1,1,0,0,0,상위(1~2번),2022
1075,김웅빈,키움,0.000,7,0,0,0,0,1,2,1,3,0,상위(1~2번),2022
1076,김주형,키움,-,0,0,0,0,0,0,0,0,0,0,상위(1~2번),2022
1077,신준우,키움,0.000,1,0,0,0,0,0,2,1,0,0,상위(1~2번),2022
1078,이병규,키움,0.000,2,0,0,0,0,0,0,0,1,0,상위(1~2번),2022
1079,이재홍,키움,0.000,1,0,0,0,0,0,0,0,0,0,상위(1~2번),2022
1080,이주형,키움,0.000,1,0,0,0,0,0,0,0,0,0,상위(1~2번),2022
1081,전병우,키움,0.000,16,0,0,0,0,0,1,2,3,0,상위(1~2번),2022
1082,이정후,키움,0.347,550,191,36,10,23,111,65,5,32,9,중심(3~5번),2022
1083,김태진,키움,0.333,57,19,3,1,0,7,4,0,7,1,중심(3~5번),2022
1084,김혜성,키움,0.328,317,104,9,5,2,32,38,0,44,5,중심(3~5번),2022
1085,푸이그,키움,0.282,369,104,21,0,18,54,48,8,78,6,중심(3~5번),2022
1086,김휘집,키움,0.259,27,7,0,1,0,4,3,0,7,1,중심(3~5번),2022
1087,이용규,키움,0.231,13,3,1,0,0,0,2,0,2,0,중심(3~5번),2022
1088,송성문,키움,0.218,257,56,11,2,5,28,23,0,32,4,중심(3~5번),2022
1089,박찬혁,키움,0.214,14,3,1,0,0,1,0,0,5,0,중심(3~5번),2022
1090,전병우,키움,0.167,18,3,2,0,0,1,1,0,6,0,중심(3~5번),2022
1091,이주형,키움,0.100,10,1,0,0,0,3,2,1,3,0,중심(3~5번),2022
1092,김웅빈,키움,0.077,39,3,1,0,0,1,2,2,9,2,중심(3~5번),2022
1093,김수환,키움,0.000,8,0,0,0,0,0,0,0,4,0,중심(3~5번),2022
1094,김주형,키움,0.000,2,0,0,0,0,0,0,0,1,0,중심(3~5번),2022
1095,김준완,키움,0.000,5,0,0,0,0,0,1,0,2,0,중심(3~5번),2022
1096,박주홍,키움,0.000,3,0,0,0,0,0,0,0,2,0,중심(3~5번),2022
1097,박준태,키움,0.000,6,0,0,0,0,0,0,0,3,0,중심(3~5번),2022
1098,신준우,키움,0.000,2,0,0,0,0,0,0,0,1,0,중심(3~5번),2022
1099,예진원,키움,0.000,1,0,0,0,0,0,0,0,0,0,중심(3~5번),2022
1100,이병규,키움,0.000,2,0,0,0,0,0,0,0,1,0,중심(3~5번),2022
1101,임지열,키움,0.000,8,0,0,0,0,0,1,0,3,0,중심(3~5번),2022
1102,이정후,키움,0.667,3,2,0,0,0,2,1,0,0,1,하위(6~9번),2022
1103,김웅빈,키움,0.333,69,23,4,1,1,9,9,1,26,0,하위(6~9번),2022
1104,이재홍,키움,0.333,3,1,0,0,0,0,0,0,2,0,하위(6~9번),2022
1105,푸이그,키움,0.321,56,18,7,0,2,17,7,1,8,0,하위(6~9번),2022
1106,임지열,키움,0.286,35,10,0,0,1,7,4,1,9,0,하위(6~9번),2022
1107,송성문,키움,0.278,237,66,9,2,7,45,19,1,28,4,하위(6~9번),2022
1108,이지영,키움,0.267,416,111,13,4,2,37,20,2,44,15,하위(6~9번),2022
1109,김준완,키움,0.263,19,5,0,0,1,3,5,1,4,1,하위(6~9번),2022
1110,박주홍,키움,0.257,35,9,1,1,0,3,6,0,12,0,하위(6~9번),2022
1111,이명기,키움,0.250,4,1,0,0,0,0,0,0,2,0,하위(6~9번),2022
1112,이용규,키움,0.235,51,12,1,0,0,7,16,2,14,2,하위(6~9번),2022
1113,김태진,키움,0.229,105,24,0,0,0,7,7,1,11,3,하위(6~9번),2022
1114,전병우,키움,0.227,163,37,5,0,5,20,15,5,59,5,하위(6~9번),2022
1115,박찬혁,키움,0.224,98,22,2,0,4,8,5,1,44,0,하위(6~9번),2022
1116,박준태,키움,0.217,46,10,3,0,1,8,8,2,21,0,하위(6~9번),2022
1117,김휘집,키움,0.214,220,47,8,0,8,26,28,10,73,3,하위(6~9번),2022
1118,김재현,키움,0.207,82,17,4,0,1,9,2,1,19,3,하위(6~9번),2022
1119,이병규,키움,0.206,34,7,1,1,0,5,2,0,9,0,하위(6~9번),2022
1120,김주형,키움,0.204,108,22,7,1,1,5,4,13,28,4,하위(6~9번),2022
1121,이주형,키움,0.183,60,11,0,0,1,5,8,2,24,0,하위(6~9번),2022
1122,김수환,키움,0.172,116,20,6,0,4,13,17,2,48,0,하위(6~9번),2022
1123,김혜성,키움,0.154,13,2,0,0,0,0,3,0,5,0,하위(6~9번),2022
1124,신준우,키움,0.150,40,6,3,0,0,0,5,1,18,0,하위(6~9번),2022
1125,김시앙,키움,0.083,12,1,0,0,0,0,1,0,8,1,하위(6~9번),2022
1126,강민국,키움,0.000,2,0,0,0,0,0,0,0,1,0,하위(6~9번),2022
1127,예진원,키움,0.000,2,0,0,0,0,0,1,0,2,0,하위(6~9번),2022
0,문상철,KT,0.429,7,3,1,0,0,1,0,0,2,0,1번,2023
1,박경수,KT,0.333,3,1,1,0,0,1,1,0,0,0,1번,2023
2,안치영,KT,0.308,13,4,1,0,0,0,0,0,1,0,1번,2023
3,알포드,KT,0.304,23,7,2,0,0,1,2,0,10,1,1번,2023
4,김민혁,KT,0.288,278,80,15,2,1,30,29,2,32,3,1번,2023
5,김상수,KT,0.276,87,24,1,0,3,10,12,0,13,2,1번,2023
6,강백호,KT,0.273,44,12,2,0,0,6,4,0,8,0,1번,2023
7,강현우,KT,0.25,4,1,0,0,0,0,0,0,1,0,1번,2023
8,김준태,KT,0.25,4,1,1,0,0,2,1,0,2,0,1번,2023
9,조용호,KT,0.211,76,16,0,0,0,1,12,0,11,2,1번,2023
10,장준원,KT,0.2,5,1,0,1,0,0,0,0,1,0,1번,2023
11,배정대,KT,0.188,16,3,1,0,0,1,2,0,3,0,1번,2023
12,홍현빈,KT,0.12,25,3,0,0,0,0,6,0,8,1,1번,2023
13,송민섭,KT,0.0,3,0,0,0,0,0,1,0,1,0,1번,2023
14,신본기,KT,0.0,1,0,0,0,0,0,0,0,0,0,1번,2023
15,오윤석,KT,0.0,1,0,0,0,0,0,0,0,0,0,1번,2023
16,이상호,KT,0.0,1,0,0,0,0,0,0,0,0,0,1번,2023
17,이시원,KT,0.0,4,0,0,0,0,0,0,0,0,0,1번,2023
18,이호연,KT,0.0,1,0,0,0,0,0,0,0,0,0,1번,2023
19,장성우,KT,0.0,1,0,0,0,0,0,0,0,0,0,1번,2023
20,정준영,KT,0.0,3,0,0,0,0,0,0,0,1,0,1번,2023
21,황재균,KT,0.0,4,0,0,0,0,0,1,0,0,0,1번,2023
22,박경수,KT,0.667,3,2,0,0,0,2,2,0,1,0,2번,2023
23,배정대,KT,0.381,21,8,2,0,0,2,3,1,7,1,2번,2023
24,홍현빈,KT,0.357,14,5,0,0,0,1,0,0,3,0,2번,2023
25,송민섭,KT,0.333,3,1,0,0,0,0,0,1,0,0,2번,2023
26,이호연,KT,0.310,29,9,2,0,0,0,2,2,5,1,2번,2023
27,김민혁,KT,0.297,64,19,3,0,1,5,2,1,10,0,2번,2023
28,강백호,KT,0.297,91,27,5,0,4,13,13,0,17,0,2번,2023
29,황재균,KT,0.297,91,27,2,0,3,15,4,0,9,1,2번,2023
30,김상수,KT,0.282,156,44,11,1,0,22,19,2,23,2,2번,2023
31,조용호,KT,0.278,18,5,0,0,0,0,1,0,0,0,2번,2023
32,문상철,KT,0.250,12,3,0,0,0,2,1,0,4,0,2번,2023
33,안치영,KT,0.233,30,7,1,0,0,2,2,0,12,0,2번,2023
34,알포드,KT,0.214,28,6,2,0,0,4,3,0,9,1,2번,2023
35,이상호,KT,0.200,5,1,0,0,0,1,1,0,0,0,2번,2023
36,장준원,KT,0.182,11,2,0,0,0,0,1,0,4,0,2번,2023
37,정준영,KT,0.167,12,2,1,0,0,0,0,0,2,0,2번,2023
38,강민성,KT,0.000,1,0,0,0,0,0,0,0,0,0,2번,2023
39,김병희,KT,0.000,2,0,0,0,0,0,0,0,0,0,2번,2023
40,박병호,KT,0.000,2,0,0,0,0,1,1,0,1,0,2번,2023
41,신본기,KT,-,0,0,0,0,0,1,0,0,0,0,2번,2023
42,오윤석,KT,0.000,4,0,0,0,0,0,0,0,2,0,2번,2023
43,김준태,KT,1.0,2,2,1,0,0,4,0,0,0,0,3번,2023
44,김민혁,KT,0.545,11,6,2,0,0,2,1,0,0,0,3번,2023
45,정준영,KT,0.5,4,2,0,0,0,1,0,0,0,0,3번,2023
46,안치영,KT,0.4,5,2,0,0,0,1,1,1,2,0,3번,2023
47,강백호,KT,0.342,38,13,2,1,1,10,5,0,8,0,3번,2023
48,조용호,KT,0.333,6,2,0,0,0,2,1,0,0,0,3번,2023
49,알포드,KT,0.293,334,98,19,2,10,49,38,5,90,4,3번,2023
50,황재균,KT,0.264,106,28,12,0,1,7,11,0,20,6,3번,2023
51,문상철,KT,0.209,67,14,4,0,0,6,4,0,16,0,3번,2023
52,장성우,KT,0.2,5,1,0,0,0,0,0,0,0,0,3번,2023
53,박병호,KT,0.0,1,0,0,0,0,0,0,0,0,0,3번,2023
54,송민섭,KT,0.0,4,0,0,0,0,0,0,0,2,0,3번,2023
55,이시원,KT,0.0,4,0,0,0,0,0,0,0,0,0,3번,2023
56,홍현빈,KT,0.0,2,0,0,0,0,0,0,0,0,0,3번,2023
57,홍현빈,KT,1.0,1,1,0,0,0,0,0,0,0,0,4번,2023
58,안치영,KT,0.5,2,1,0,0,0,0,0,0,1,0,4번,2023
59,문상철,KT,0.333,27,9,5,0,0,4,3,0,6,1,4번,2023
60,박병호,KT,0.285,414,118,15,0,17,80,43,8,109,9,4번,2023
61,장성우,KT,0.27,74,20,2,0,2,13,3,1,14,2,4번,2023
62,이상호,KT,0.25,8,2,1,0,0,2,0,0,0,0,4번,2023
63,이호연,KT,0.25,4,1,0,0,0,0,0,0,0,0,4번,2023
64,강백호,KT,0.222,9,2,0,0,1,2,4,0,3,0,4번,2023
65,알포드,KT,0.208,24,5,1,1,1,2,0,0,9,0,4번,2023
66,강현우,KT,0.0,1,0,0,0,0,0,0,0,0,0,4번,2023
67,김상수,KT,0.0,1,0,0,0,0,0,0,0,0,0,4번,2023
68,박경수,KT,0.0,1,0,0,0,0,0,0,0,0,1,4번,2023
69,송민섭,KT,0.0,1,0,0,0,0,0,0,0,1,0,4번,2023
70,오윤석,KT,0.0,4,0,0,0,0,0,1,0,1,0,4번,2023
71,정준영,KT,0.0,2,0,0,0,0,0,0,0,1,0,4번,2023
72,안치영,KT,1.000,1,1,0,0,0,0,0,0,0,0,5번,2023
73,홍현빈,KT,1.000,1,1,0,0,0,0,0,0,0,0,5번,2023
74,김민혁,KT,0.500,6,3,0,0,1,1,0,0,0,0,5번,2023
75,강현우,KT,0.429,14,6,1,0,1,4,1,0,1,0,5번,2023
76,알포드,KT,0.388,49,19,6,0,3,8,3,0,10,0,5번,2023
77,박병호,KT,0.333,3,1,0,0,0,2,0,0,0,0,5번,2023
78,황재균,KT,0.273,44,12,0,0,1,6,11,1,6,2,5번,2023
79,장성우,KT,0.262,237,62,14,0,7,38,27,0,46,9,5번,2023
80,문상철,KT,0.256,78,20,5,0,4,16,2,2,21,1,5번,2023
81,배정대,KT,0.231,52,12,2,0,0,0,6,1,10,1,5번,2023
82,김준태,KT,0.208,24,5,0,0,3,5,4,0,6,1,5번,2023
83,강백호,KT,0.188,16,3,0,0,1,2,1,0,5,0,5번,2023
84,이호연,KT,0.125,16,2,0,0,0,0,1,0,3,0,5번,2023
85,김병희,KT,0.000,1,0,0,0,0,0,1,0,0,0,5번,2023
86,박경수,KT,0.000,9,0,0,0,0,0,2,0,2,0,5번,2023
87,송민섭,KT,0.000,3,0,0,0,0,0,0,0,2,0,5번,2023
88,장준원,KT,-,0,0,0,0,0,0,1,0,0,0,5번,2023
89,문상준,KT,1.000,1,1,0,0,0,0,0,0,0,0,6번,2023
90,정준영,KT,1.000,1,1,0,0,0,0,0,0,0,0,6번,2023
91,안치영,KT,0.667,3,2,0,1,0,1,0,0,1,0,6번,2023
92,배정대,KT,0.556,9,5,0,0,0,2,1,0,2,0,6번,2023
93,장성우,KT,0.398,83,33,6,0,2,10,9,0,10,1,6번,2023
94,이호연,KT,0.368,57,21,3,1,2,9,4,1,9,2,6번,2023
95,이상호,KT,0.333,6,2,0,0,0,2,1,0,0,0,6번,2023
96,황재균,KT,0.293,116,34,6,1,1,13,11,0,24,3,6번,2023
97,김민혁,KT,0.250,12,3,0,0,0,0,1,0,3,1,6번,2023
98,박경수,KT,0.250,8,2,1,0,0,1,2,0,2,0,6번,2023
99,김준태,KT,0.227,44,10,2,0,0,7,5,0,12,1,6번,2023
100,문상철,KT,0.224,49,11,1,0,2,4,4,1,12,0,6번,2023
101,김상수,KT,0.214,28,6,0,0,0,1,3,0,8,1,6번,2023
102,오윤석,KT,0.194,31,6,0,1,0,0,2,1,8,1,6번,2023
103,알포드,KT,0.174,23,4,0,0,1,4,0,1,9,0,6번,2023
104,강백호,KT,0.167,24,4,0,0,0,1,2,0,7,1,6번,2023
105,조용호,KT,0.154,13,2,1,0,0,0,3,0,3,0,6번,2023
106,강현우,KT,0.125,40,5,2,0,0,3,0,0,7,1,6번,2023
107,류현인,KT,0.000,1,0,0,0,0,0,0,0,1,0,6번,2023
108,문상인,KT,-,0,0,0,0,0,0,1,0,0,0,6번,2023
109,송민섭,KT,0.000,2,0,0,0,0,0,0,0,0,0,6번,2023
110,신본기,KT,0.000,1,0,0,0,0,0,0,0,0,0,6번,2023
111,이시원,KT,0.000,1,0,0,0,0,0,0,0,1,0,6번,2023
112,장준원,KT,0.000,3,0,0,0,0,0,0,0,1,0,6번,2023
113,홍현빈,KT,0.000,1,0,0,0,0,0,0,0,0,0,6번,2023
114,황재균,KT,0.5,36,18,6,1,0,6,7,0,4,1,7번,2023
115,강현우,KT,0.4,5,2,1,0,0,1,0,0,1,0,7번,2023
116,홍현빈,KT,0.357,14,5,1,0,0,0,2,0,4,1,7번,2023
117,오윤석,KT,0.349,83,29,10,0,2,10,4,4,16,4,7번,2023
118,강민성,KT,0.333,3,1,0,0,0,0,1,0,2,0,7번,2023
119,문상철,KT,0.333,42,14,3,0,2,6,2,0,14,1,7번,2023
120,김민혁,KT,0.318,22,7,0,1,0,3,2,0,1,0,7번,2023
121,배정대,KT,0.318,44,14,3,0,0,6,10,0,6,0,7번,2023
122,정준영,KT,0.3,10,3,0,0,0,1,0,0,2,0,7번,2023
123,박경수,KT,0.258,66,17,6,0,0,0,10,1,11,1,7번,2023
124,류현인,KT,0.25,4,1,0,0,0,0,1,0,1,0,7번,2023
125,조용호,KT,0.233,30,7,1,0,0,2,3,0,9,1,7번,2023
126,김상수,KT,0.225,40,9,1,0,0,4,4,0,8,1,7번,2023
127,이호연,KT,0.148,54,8,0,0,1,6,5,1,16,2,7번,2023
128,알포드,KT,0.143,7,1,1,0,0,1,1,0,2,0,7번,2023
129,이상호,KT,0.125,8,1,0,0,0,0,0,0,2,1,7번,2023
130,김준태,KT,0.118,17,2,0,0,0,1,2,0,7,1,7번,2023
131,강백호,KT,0.111,9,1,0,0,1,3,2,0,4,0,7번,2023
132,신본기,KT,0.083,12,1,0,0,0,2,4,0,1,2,7번,2023
133,박병호,KT,0.0,4,0,0,0,0,0,0,0,3,0,7번,2023
134,송민섭,KT,0.0,2,0,0,0,0,0,0,0,0,0,7번,2023
135,안치영,KT,0.0,4,0,0,0,0,0,0,0,2,0,7번,2023
136,이시원,KT,0.0,2,0,0,0,0,0,0,0,0,0,7번,2023
137,장성우,KT,0.0,2,0,0,0,0,1,1,0,0,0,7번,2023
138,장준원,KT,0.0,5,0,0,0,0,0,1,0,2,0,7번,2023
139,박병호,KT,0.5,6,3,0,0,1,4,2,0,1,0,8번,2023
140,이호연,KT,0.39,41,16,0,0,0,2,3,0,7,1,8번,2023
141,손민석,KT,0.333,3,1,0,0,0,1,1,0,0,0,8번,2023
142,송민섭,KT,0.333,3,1,0,0,0,0,0,0,1,0,8번,2023
143,장성우,KT,0.333,3,1,0,0,0,2,1,1,0,0,8번,2023
144,조용호,KT,0.333,6,2,0,0,0,0,1,0,1,0,8번,2023
145,신본기,KT,0.29,31,9,2,0,1,3,8,2,5,1,8번,2023
146,김상수,KT,0.286,35,10,2,0,0,5,6,0,4,0,8번,2023
147,정준영,KT,0.25,8,2,0,0,0,1,1,0,4,1,8번,2023
148,문상철,KT,0.235,17,4,1,0,1,6,0,0,5,1,8번,2023
149,오윤석,KT,0.224,58,13,2,0,2,7,6,0,11,1,8번,2023
150,김준태,KT,0.222,18,4,0,0,0,4,6,1,4,0,8번,2023
151,배정대,KT,0.204,49,10,2,0,1,6,3,0,14,0,8번,2023
152,이시원,KT,0.2,5,1,0,0,0,0,0,0,0,0,8번,2023
153,안치영,KT,0.192,26,5,0,0,0,1,1,0,8,1,8번,2023
154,강현우,KT,0.176,17,3,1,0,0,2,4,0,5,2,8번,2023
155,강백호,KT,0.167,6,1,1,0,0,2,0,0,2,0,8번,2023
156,박경수,KT,0.149,87,13,5,0,0,6,11,0,28,0,8번,2023
157,황재균,KT,0.143,7,1,0,0,0,2,0,0,1,1,8번,2023
158,장준원,KT,0.111,18,2,0,0,0,1,3,1,5,0,8번,2023
159,강민성,KT,0.1,10,1,0,0,0,0,1,0,6,0,8번,2023
160,류현인,KT,0.077,13,1,0,0,0,1,0,0,2,0,8번,2023
161,이상호,KT,0.053,19,1,0,0,0,0,0,0,5,1,8번,2023
162,김민혁,KT,0.0,3,0,0,0,0,0,0,0,1,0,8번,2023
163,김병희,KT,0.0,1,0,0,0,0,0,0,0,0,0,8번,2023
164,문상준,KT,0.0,4,0,0,0,0,0,0,0,4,0,8번,2023
165,홍현빈,KT,0.0,5,0,0,0,0,0,1,0,2,0,8번,2023
166,알포드,KT,0.667,3,2,0,0,0,1,0,0,1,0,9번,2023
167,송민섭,KT,0.5,2,1,0,0,0,0,0,0,1,0,9번,2023
168,정준영,KT,0.5,8,4,1,0,0,3,2,0,1,0,9번,2023
169,조용호,KT,0.5,12,6,0,0,0,2,2,0,1,0,9번,2023
170,안치영,KT,0.35,40,14,1,0,0,4,2,1,8,0,9번,2023
171,배정대,KT,0.283,120,34,6,0,1,21,13,1,34,0,9번,2023
172,김상수,KT,0.281,96,27,4,0,0,14,11,1,12,3,9번,2023
173,강민성,KT,0.25,8,2,1,0,0,0,2,0,2,0,9번,2023
174,박경수,KT,0.25,8,2,0,0,1,2,2,0,2,0,9번,2023
175,박민석,KT,0.25,4,1,0,0,0,0,0,0,3,0,9번,2023
176,이시원,KT,0.231,13,3,0,0,0,1,2,0,5,0,9번,2023
177,장준원,KT,0.222,45,10,2,0,1,9,6,0,12,1,9번,2023
178,류현인,KT,0.2,5,1,0,0,0,2,0,0,0,0,9번,2023
179,문상철,KT,0.2,5,1,0,0,0,1,0,0,1,0,9번,2023
180,이호연,KT,0.2,10,2,0,0,0,0,1,0,1,0,9번,2023
181,장성우,KT,0.2,5,1,0,0,0,1,1,0,0,0,9번,2023
182,홍현빈,KT,0.2,10,2,1,0,0,0,4,0,4,0,9번,2023
183,이상호,KT,0.143,7,1,0,0,0,0,0,0,2,0,9번,2023
184,강현우,KT,0.136,22,3,1,0,0,1,1,1,2,0,9번,2023
185,신본기,KT,0.111,9,1,0,0,0,1,2,0,2,0,9번,2023
186,오윤석,KT,0.111,18,2,1,0,0,0,0,0,6,1,9번,2023
187,강백호,KT,0.0,1,0,0,0,0,0,0,0,1,0,9번,2023
188,김민혁,KT,0.0,1,0,0,0,0,0,1,0,1,0,9번,2023
189,김병준,KT,0.0,2,0,0,0,0,0,0,0,2,0,9번,2023
190,김병희,KT,0.0,4,0,0,0,0,0,0,0,4,0,9번,2023
191,김준태,KT,0.0,6,0,0,0,0,0,1,0,1,0,9번,2023
192,박병호,KT,0.0,1,0,0,0,0,0,0,0,0,0,9번,2023
193,손민석,KT,0.0,7,0,0,0,0,0,0,1,3,0,9번,2023
194,황재균,KT,0.0,3,0,0,0,0,0,0,0,0,1,9번,2023
195,박경수,KT,0.5,6,3,1,0,0,3,3,0,1,0,상위(1~2번),2023
196,문상철,KT,0.316,19,6,1,0,0,3,1,0,6,0,상위(1~2번),2023
197,이호연,KT,0.3,30,9,2,0,0,0,2,2,5,1,상위(1~2번),2023
198,배정대,KT,0.297,37,11,3,0,0,3,5,1,10,1,상위(1~2번),2023
199,김민혁,KT,0.289,342,99,18,2,2,35,31,3,42,3,상위(1~2번),2023
200,강백호,KT,0.289,135,39,7,0,4,19,17,0,25,0,상위(1~2번),2023
201,황재균,KT,0.284,95,27,2,0,3,15,5,0,9,1,상위(1~2번),2023
202,김상수,KT,0.28,243,68,12,1,3,32,31,2,36,4,상위(1~2번),2023
203,안치영,KT,0.256,43,11,2,0,0,2,2,0,13,0,상위(1~2번),2023
204,알포드,KT,0.255,51,13,4,0,0,5,5,0,19,2,상위(1~2번),2023
205,강현우,KT,0.25,4,1,0,0,0,0,0,0,1,0,상위(1~2번),2023
206,김준태,KT,0.25,4,1,1,0,0,2,1,0,2,0,상위(1~2번),2023
207,조용호,KT,0.223,94,21,0,0,0,1,13,0,11,2,상위(1~2번),2023
208,홍현빈,KT,0.205,39,8,0,0,0,1,6,0,11,1,상위(1~2번),2023
209,장준원,KT,0.188,16,3,0,1,0,0,1,0,5,0,상위(1~2번),2023
210,송민섭,KT,0.167,6,1,0,0,0,0,1,1,1,0,상위(1~2번),2023
211,이상호,KT,0.167,6,1,0,0,0,1,1,0,0,0,상위(1~2번),2023
212,정준영,KT,0.133,15,2,1,0,0,0,0,0,3,0,상위(1~2번),2023
213,강민성,KT,0.0,1,0,0,0,0,0,0,0,0,0,상위(1~2번),2023
214,김병희,KT,0.0,2,0,0,0,0,0,0,0,0,0,상위(1~2번),2023
215,박병호,KT,0.0,2,0,0,0,0,1,1,0,1,0,상위(1~2번),2023
216,신본기,KT,0.0,1,0,0,0,0,1,0,0,0,0,상위(1~2번),2023
217,오윤석,KT,0.0,5,0,0,0,0,0,0,0,2,0,상위(1~2번),2023
218,이시원,KT,0.0,4,0,0,0,0,0,0,0,0,0,상위(1~2번),2023
219,장성우,KT,0.0,1,0,0,0,0,0,0,0,0,0,상위(1~2번),2023
220,김민혁,KT,0.529,17,9,2,0,1,3,1,0,0,0,중심(3~5번),2023
221,안치영,KT,0.500,8,4,0,0,0,1,1,1,3,0,중심(3~5번),2023
222,홍현빈,KT,0.500,4,2,0,0,0,0,0,0,0,0,중심(3~5번),2023
223,강현우,KT,0.400,15,6,1,0,1,4,1,0,1,0,중심(3~5번),2023
224,정준영,KT,0.333,6,2,0,0,0,1,0,0,1,0,중심(3~5번),2023
225,조용호,KT,0.333,6,2,0,0,0,2,1,0,0,0,중심(3~5번),2023
226,알포드,KT,0.300,407,122,26,3,14,59,41,5,109,4,중심(3~5번),2023
227,강백호,KT,0.286,63,18,2,1,3,14,10,0,16,0,중심(3~5번),2023
228,박병호,KT,0.285,418,119,15,0,17,82,43,8,109,9,중심(3~5번),2023
229,김준태,KT,0.269,26,7,1,0,3,9,4,0,6,1,중심(3~5번),2023
230,황재균,KT,0.267,150,40,12,0,2,13,22,1,26,8,중심(3~5번),2023
231,장성우,KT,0.263,316,83,16,0,9,51,30,1,60,11,중심(3~5번),2023
232,문상철,KT,0.250,172,43,14,0,4,26,9,2,43,2,중심(3~5번),2023
233,이상호,KT,0.250,8,2,1,0,0,2,0,0,0,0,중심(3~5번),2023
234,배정대,KT,0.231,52,12,2,0,0,0,6,1,10,1,중심(3~5번),2023
235,이호연,KT,0.150,20,3,0,0,0,0,1,0,3,0,중심(3~5번),2023
236,김병희,KT,0.000,1,0,0,0,0,0,1,0,0,0,중심(3~5번),2023
237,김상수,KT,0.000,1,0,0,0,0,0,0,0,0,0,중심(3~5번),2023
238,박경수,KT,0.000,10,0,0,0,0,0,2,0,2,1,중심(3~5번),2023
239,송민섭,KT,0.000,8,0,0,0,0,0,0,0,5,0,중심(3~5번),2023
240,오윤석,KT,0.000,4,0,0,0,0,0,1,0,1,0,중심(3~5번),2023
241,이시원,KT,0.000,4,0,0,0,0,0,0,0,0,0,중심(3~5번),2023
242,장준원,KT,-,0,0,0,0,0,0,1,0,0,0,중심(3~5번),2023
243,장성우,KT,0.376,93,35,6,0,2,14,12,1,10,1,하위(6~9번),2023
244,정준영,KT,0.37,27,10,1,0,0,5,3,0,7,1,하위(6~9번),2023
245,황재균,KT,0.327,162,53,12,2,1,21,18,0,29,6,하위(6~9번),2023
246,이호연,KT,0.29,162,47,3,1,3,17,13,2,33,5,하위(6~9번),2023
247,안치영,KT,0.288,73,21,1,1,0,6,3,1,19,1,하위(6~9번),2023
248,배정대,KT,0.284,222,63,11,0,2,35,27,1,56,0,하위(6~9번),2023
249,조용호,KT,0.279,61,17,2,0,0,4,9,0,14,1,하위(6~9번),2023
250,박병호,KT,0.273,11,3,0,0,1,4,2,0,4,0,하위(6~9번),2023
251,문상철,KT,0.265,113,30,5,0,5,17,6,1,32,2,하위(6~9번),2023
252,김민혁,KT,0.263,38,10,0,1,0,3,4,0,6,1,하위(6~9번),2023
253,오윤석,KT,0.263,190,50,13,1,4,17,12,5,41,7,하위(6~9번),2023
254,김상수,KT,0.261,199,52,7,0,0,24,24,1,32,5,하위(6~9번),2023
255,박민석,KT,0.25,4,1,0,0,0,0,0,0,3,0,하위(6~9번),2023
256,홍현빈,KT,0.233,30,7,2,0,0,0,7,0,10,1,하위(6~9번),2023
257,송민섭,KT,0.222,9,2,0,0,0,0,0,0,2,0,하위(6~9번),2023
258,알포드,KT,0.212,33,7,1,0,1,6,1,1,12,0,하위(6~9번),2023
259,신본기,KT,0.208,53,11,2,0,1,6,14,2,8,3,하위(6~9번),2023
260,박경수,KT,0.201,169,34,12,0,1,9,25,1,43,1,하위(6~9번),2023
261,문상준,KT,0.2,5,1,0,0,0,0,0,0,4,0,하위(6~9번),2023
262,강민성,KT,0.19,21,4,1,0,0,0,4,0,10,0,하위(6~9번),2023
263,이시원,KT,0.19,21,4,0,0,0,1,2,0,6,0,하위(6~9번),2023
264,김준태,KT,0.188,85,16,2,0,0,12,14,1,24,2,하위(6~9번),2023
265,장준원,KT,0.169,71,12,2,0,1,10,10,1,20,1,하위(6~9번),2023
266,강현우,KT,0.155,84,13,5,0,0,7,5,1,15,3,하위(6~9번),2023
267,강백호,KT,0.15,40,6,1,0,1,6,4,0,14,1,하위(6~9번),2023
268,류현인,KT,0.13,23,3,0,0,0,3,1,0,4,0,하위(6~9번),2023
269,이상호,KT,0.125,40,5,0,0,0,2,1,0,9,2,하위(6~9번),2023
270,손민석,KT,0.1,10,1,0,0,0,1,1,1,3,0,하위(6~9번),2023
271,김병준,KT,0.0,2,0,0,0,0,0,0,0,2,0,하위(6~9번),2023
272,김병희,KT,0.0,5,0,0,0,0,0,0,0,4,0,하위(6~9번),2023
273,문상인,KT,-,0,0,0,0,0,0,1,0,0,0,하위(6~9번),2023
274,안익훈,LG,0.364,11,4,0,0,0,1,0,0,1,0,1번,2023
275,홍창기,LG,0.331,495,164,32,2,1,62,83,19,78,6,1번,2023
276,박해민,LG,0.189,37,7,0,0,1,5,2,0,7,0,1번,2023
277,이재원,LG,0.167,6,1,0,0,0,0,0,0,2,0,1번,2023
278,서건창,LG,0.118,17,2,1,0,0,1,1,0,3,1,1번,2023
279,김범석,LG,0.0,2,0,0,0,0,0,0,0,0,0,1번,2023
280,김주성,LG,0.0,1,0,0,0,0,0,0,0,0,0,1번,2023
281,손호영,LG,0.0,3,0,0,0,0,0,0,0,1,2,1번,2023
282,오지환,LG,0.0,1,0,0,0,0,0,0,0,1,0,1번,2023
283,최승민,LG,0.0,1,0,0,0,0,0,0,0,1,0,1번,2023
284,박동원,LG,0.333,3,1,0,0,0,1,0,0,1,0,2번,2023
285,안익훈,LG,0.333,6,2,1,0,0,0,0,0,0,0,2번,2023
286,박해민,LG,0.316,95,30,4,0,1,11,9,0,11,2,2번,2023
287,문성주,LG,0.297,303,90,11,2,2,30,41,5,27,7,2번,2023
288,이재원,LG,0.286,7,2,0,0,0,1,0,0,3,0,2번,2023
289,홍창기,LG,0.286,7,2,1,0,0,0,1,0,1,0,2번,2023
290,신민재,LG,0.245,143,35,3,2,0,17,13,0,18,3,2번,2023
291,김민성,LG,0.000,1,0,0,0,0,0,1,0,1,0,2번,2023
292,문보경,LG,0.000,3,0,0,0,0,0,0,0,0,0,2번,2023
293,서건창,LG,0.000,4,0,0,0,0,0,0,0,1,0,2번,2023
294,정주현,LG,-,0,0,0,0,0,0,0,0,0,0,2번,2023
295,최승민,LG,0.000,4,0,0,0,0,0,0,0,1,0,2번,2023
296,허도환,LG,-,0,0,0,0,0,0,0,0,0,0,2번,2023
297,문성주,LG,0.357,14,5,2,0,0,2,2,2,0,0,3번,2023
298,손호영,LG,0.333,3,1,0,0,0,1,0,0,0,2,3번,2023
299,김현수,LG,0.298,456,136,21,2,6,85,54,1,49,9,3번,2023
300,오지환,LG,0.28,25,7,4,0,0,5,6,1,7,0,3번,2023
301,서건창,LG,0.25,4,1,0,0,0,0,0,0,1,0,3번,2023
302,김민성,LG,0.2,15,3,1,0,0,1,2,0,5,1,3번,2023
303,박동원,LG,0.143,7,1,0,0,1,1,2,0,5,0,3번,2023
304,정주현,LG,0.143,7,1,0,0,0,1,0,0,1,0,3번,2023
305,홍창기,LG,0.143,7,1,0,0,0,0,3,0,2,0,3번,2023
306,문보경,LG,0.13,23,3,0,0,1,3,3,0,6,0,3번,2023
307,김기연,LG,0.0,1,0,0,0,0,0,0,0,1,0,3번,2023
308,김주성,LG,0.0,1,0,0,0,0,0,0,0,0,0,3번,2023
309,박해민,LG,0.0,2,0,0,0,0,0,0,0,0,1,3번,2023
310,송찬의,LG,0.0,3,0,0,0,0,0,1,0,3,0,3번,2023
311,신민재,LG,0.0,1,0,0,0,0,0,1,0,1,0,3번,2023
312,안익훈,LG,0.0,1,0,0,0,0,0,0,0,0,0,3번,2023
313,오스틴,LG,0.0,3,0,0,0,0,0,1,0,0,0,3번,2023
314,이재원,LG,0.0,2,0,0,0,0,0,0,0,0,0,3번,2023
315,허도환,LG,0.0,1,0,0,0,0,0,0,0,1,0,3번,2023
316,문보경,LG,0.333,9,3,0,0,0,1,0,0,2,0,4번,2023
317,문성주,LG,0.333,3,1,0,1,0,0,0,0,0,1,4번,2023
318,오스틴,LG,0.315,514,162,28,4,23,94,52,3,75,11,4번,2023
319,김범석,LG,0.25,4,1,0,0,0,0,0,0,2,0,4번,2023
320,정주현,LG,0.25,12,3,0,0,0,2,2,0,1,1,4번,2023
321,박동원,LG,0.188,16,3,1,0,0,2,1,0,4,0,4번,2023
322,김기연,LG,0.0,1,0,0,0,0,0,0,0,0,0,4번,2023
323,김민성,LG,0.0,11,0,0,0,0,0,0,0,4,0,4번,2023
324,서건창,LG,0.0,2,0,0,0,0,0,0,0,0,0,4번,2023
325,손호영,LG,0.0,1,0,0,0,0,0,0,0,0,0,4번,2023
326,송찬의,LG,0.0,2,0,0,0,0,0,1,0,1,0,4번,2023
327,신민재,LG,0.0,1,0,0,0,0,1,1,0,0,0,4번,2023
328,허도환,LG,0.0,1,0,0,0,0,1,0,0,0,1,4번,2023
329,신민재,LG,1.0,1,1,0,0,0,0,0,0,0,0,5번,2023
330,안익훈,LG,1.0,1,1,0,0,0,1,0,0,0,0,5번,2023
331,김주성,LG,0.5,2,1,0,0,0,0,0,0,1,0,5번,2023
332,손호영,LG,0.5,4,2,0,0,0,1,0,0,1,0,5번,2023
333,박동원,LG,0.306,36,11,3,1,1,8,5,1,8,0,5번,2023
334,문보경,LG,0.299,147,44,7,2,3,24,21,0,27,2,5번,2023
335,오지환,LG,0.26,292,76,18,0,6,40,45,4,48,3,5번,2023
336,김현수,LG,0.25,20,5,1,0,0,1,3,0,1,1,5번,2023
337,정주현,LG,0.222,9,2,0,0,0,0,1,0,1,0,5번,2023
338,서건창,LG,0.167,6,1,0,0,0,0,0,0,0,0,5번,2023
339,김민성,LG,0.083,12,1,0,0,0,2,3,0,3,0,5번,2023
340,송찬의,LG,0.0,1,0,0,0,0,0,0,0,0,0,5번,2023
341,허도환,LG,0.0,3,0,0,0,0,0,1,1,0,2,5번,2023
342,홍창기,LG,0.0,1,0,0,0,0,0,0,0,0,0,5번,2023
343,신민재,LG,0.5,2,1,0,0,0,0,0,0,0,0,6번,2023
344,정주현,LG,0.389,18,7,1,0,0,4,1,0,3,0,6번,2023
345,문보경,LG,0.337,202,68,18,3,5,32,24,2,30,3,6번,2023
346,오지환,LG,0.286,84,24,2,3,2,13,10,3,22,1,6번,2023
347,김민성,LG,0.244,78,19,2,0,2,10,6,3,12,2,6번,2023
348,박동원,LG,0.219,96,21,3,0,3,19,9,3,20,4,6번,2023
349,문성주,LG,0.214,14,3,0,0,0,0,4,0,1,1,6번,2023
350,손호영,LG,0.2,5,1,0,0,0,1,1,0,1,1,6번,2023
351,김범석,LG,0.111,9,1,0,0,1,1,0,0,1,1,6번,2023
352,김현수,LG,0.111,9,1,0,0,0,1,1,0,2,0,6번,2023
353,김주성,LG,0.0,1,0,0,0,0,0,1,1,1,0,6번,2023
354,서건창,LG,0.0,6,0,0,0,0,0,0,0,0,1,6번,2023
355,송대현,LG,0.0,2,0,0,0,0,0,0,0,1,0,6번,2023
356,송찬의,LG,0.0,1,0,0,0,0,0,0,0,0,0,6번,2023
357,오스틴,LG,0.0,1,0,0,0,0,0,0,0,0,0,6번,2023
358,이재원,LG,0.0,3,0,0,0,0,0,1,0,1,0,6번,2023
359,허도환,LG,0.0,5,0,0,0,0,0,0,0,2,0,6번,2023
360,오스틴,LG,1.0,1,1,1,0,0,1,0,0,0,0,7번,2023
361,최승민,LG,1.0,1,1,0,0,0,1,0,0,0,0,7번,2023
362,문성주,LG,0.52,25,13,4,0,0,7,4,0,0,1,7번,2023
363,신민재,LG,0.4,5,2,0,0,0,1,0,0,0,0,7번,2023
364,손호영,LG,0.375,8,3,0,0,0,0,0,0,1,0,7번,2023
365,문보경,LG,0.286,77,22,4,0,1,12,9,0,17,0,7번,2023
366,김민성,LG,0.264,72,19,2,0,0,12,8,1,19,1,7번,2023
367,박동원,LG,0.241,220,53,8,0,11,33,26,2,45,3,7번,2023
368,오지환,LG,0.222,18,4,0,0,0,4,2,0,4,0,7번,2023
369,정주현,LG,0.2,20,4,0,0,1,2,3,0,6,0,7번,2023
370,이재원,LG,0.15,20,3,1,0,0,1,2,1,6,0,7번,2023
371,김기연,LG,0.125,16,2,0,0,0,2,3,0,3,0,7번,2023
372,김범석,LG,0.111,9,1,1,0,0,2,0,0,1,0,7번,2023
373,허도환,LG,0.091,11,1,1,0,0,2,0,2,6,0,7번,2023
374,박해민,LG,0.0,3,0,0,0,0,0,0,0,0,0,7번,2023
375,서건창,LG,0.0,4,0,0,0,0,0,0,0,1,0,7번,2023
376,송대현,LG,0.0,1,0,0,0,0,0,0,0,1,0,7번,2023
377,송찬의,LG,0.0,4,0,0,0,0,0,1,0,0,0,7번,2023
378,안익훈,LG,0.0,1,0,0,0,0,0,0,0,1,0,7번,2023
379,신민재,LG,1.0,1,1,0,0,0,0,0,0,0,0,8번,2023
380,오지환,LG,1.0,2,2,0,0,0,0,1,0,0,0,8번,2023
381,박동원,LG,0.455,22,10,2,0,4,11,6,1,4,0,8번,2023
382,홍창기,LG,0.444,9,4,1,0,0,1,1,3,1,0,8번,2023
383,박해민,LG,0.34,106,36,3,2,0,13,12,2,11,2,8번,2023
384,김현수,LG,0.333,3,1,0,0,0,0,0,0,1,0,8번,2023
385,김민성,LG,0.286,56,16,4,0,3,7,3,3,9,2,8번,2023
386,서건창,LG,0.267,60,16,4,2,0,11,8,0,6,3,8번,2023
387,이재원,LG,0.265,68,18,4,0,4,15,8,1,25,1,8번,2023
388,허도환,LG,0.217,23,5,1,0,1,4,1,1,6,0,8번,2023
389,문성주,LG,0.217,83,18,3,1,0,17,15,1,6,0,8번,2023
390,김기연,LG,0.154,13,2,0,0,0,0,2,0,4,0,8번,2023
391,문보경,LG,0.143,7,1,0,0,0,0,1,0,1,0,8번,2023
392,정주현,LG,0.125,16,2,0,0,0,1,0,0,3,0,8번,2023
393,손호영,LG,0.111,9,1,0,0,0,0,0,0,5,0,8번,2023
394,송찬의,LG,0.0,4,0,0,0,0,0,0,0,1,0,8번,2023
395,안익훈,LG,0.0,2,0,0,0,0,0,0,1,0,0,8번,2023
396,오스틴,LG,0.0,1,0,0,0,0,0,0,0,0,0,8번,2023
397,전준호,LG,0.0,1,0,0,0,0,1,0,0,0,0,8번,2023
398,최승민,LG,0.0,1,0,0,0,0,0,0,0,0,0,8번,2023
399,이천웅,LG,1.000,3,3,0,0,0,1,0,0,0,0,9번,2023
400,정주현,LG,0.833,6,5,1,0,0,2,2,0,1,0,9번,2023
401,홍창기,LG,0.600,5,3,1,0,0,2,0,0,1,0,9번,2023
402,김민성,LG,0.357,28,10,2,0,3,9,2,0,5,1,9번,2023
403,송찬의,LG,0.333,3,1,1,0,0,1,1,0,1,0,9번,2023
404,신민재,LG,0.297,128,38,2,0,0,9,14,1,15,2,9번,2023
405,문성주,LG,0.286,7,2,1,0,0,1,1,0,0,0,9번,2023
406,서건창,LG,0.286,7,2,0,0,0,0,1,0,2,0,9번,2023
407,박해민,LG,0.269,242,65,7,0,4,30,22,1,45,2,9번,2023
408,박동원,LG,0.222,9,2,0,0,0,0,0,0,3,0,9번,2023
409,허도환,LG,0.150,20,3,1,0,1,3,1,2,5,0,9번,2023
410,손호영,LG,0.091,11,1,0,0,1,3,0,0,3,0,9번,2023
411,김기연,LG,0.000,3,0,0,0,0,0,0,0,2,0,9번,2023
412,김범석,LG,0.000,3,0,0,0,0,1,1,0,1,0,9번,2023
413,김현수,LG,-,0,0,0,0,0,1,0,0,0,0,9번,2023
414,문보경,LG,0.000,1,0,0,0,0,0,0,0,0,0,9번,2023
415,이재원,LG,0.000,6,0,0,0,0,1,1,0,3,0,9번,2023
416,최승민,LG,0.000,7,0,0,0,0,0,1,0,2,1,9번,2023
417,안익훈,LG,0.353,17,6,1,0,0,1,0,0,1,0,상위(1~2번),2023
418,박동원,LG,0.333,3,1,0,0,0,1,0,0,1,0,상위(1~2번),2023
419,홍창기,LG,0.331,502,166,33,2,1,62,84,19,79,6,상위(1~2번),2023
420,문성주,LG,0.297,303,90,11,2,2,30,41,5,27,7,상위(1~2번),2023
421,박해민,LG,0.280,132,37,4,0,2,16,11,0,18,2,상위(1~2번),2023
422,신민재,LG,0.245,143,35,3,2,0,17,13,0,18,3,상위(1~2번),2023
423,이재원,LG,0.231,13,3,0,0,0,1,0,0,5,0,상위(1~2번),2023
424,서건창,LG,0.095,21,2,1,0,0,1,1,0,4,1,상위(1~2번),2023
425,김민성,LG,0.000,1,0,0,0,0,0,1,0,1,0,상위(1~2번),2023
426,김범석,LG,0.000,2,0,0,0,0,0,0,0,0,0,상위(1~2번),2023
427,김주성,LG,0.000,1,0,0,0,0,0,0,0,0,0,상위(1~2번),2023
428,문보경,LG,0.000,3,0,0,0,0,0,0,0,0,0,상위(1~2번),2023
429,손호영,LG,0.000,3,0,0,0,0,0,0,0,1,2,상위(1~2번),2023
430,오지환,LG,0.000,1,0,0,0,0,0,0,0,1,0,상위(1~2번),2023
431,정주현,LG,-,0,0,0,0,0,0,0,0,0,0,상위(1~2번),2023
432,최승민,LG,0.000,5,0,0,0,0,0,0,0,2,0,상위(1~2번),2023
433,허도환,LG,-,0,0,0,0,0,0,0,0,0,0,상위(1~2번),2023
434,안익훈,LG,0.5,2,1,0,0,0,1,0,0,0,0,중심(3~5번),2023
435,손호영,LG,0.375,8,3,0,0,0,2,0,0,1,2,중심(3~5번),2023
436,문성주,LG,0.353,17,6,2,1,0,2,2,2,0,1,중심(3~5번),2023
437,김주성,LG,0.333,3,1,0,0,0,0,0,0,1,0,중심(3~5번),2023
438,신민재,LG,0.333,3,1,0,0,0,1,2,0,1,0,중심(3~5번),2023
439,오스틴,LG,0.313,517,162,28,4,23,94,53,3,75,11,중심(3~5번),2023
440,김현수,LG,0.296,476,141,22,2,6,86,57,1,50,10,중심(3~5번),2023
441,문보경,LG,0.279,179,50,7,2,4,28,24,0,35,2,중심(3~5번),2023
442,오지환,LG,0.262,317,83,22,0,6,45,51,5,55,3,중심(3~5번),2023
443,박동원,LG,0.254,59,15,4,1,2,11,8,1,17,0,중심(3~5번),2023
444,김범석,LG,0.25,4,1,0,0,0,0,0,0,2,0,중심(3~5번),2023
445,정주현,LG,0.214,28,6,0,0,0,3,3,0,3,1,중심(3~5번),2023
446,서건창,LG,0.167,12,2,0,0,0,0,0,0,1,0,중심(3~5번),2023
447,홍창기,LG,0.125,8,1,0,0,0,0,3,0,2,0,중심(3~5번),2023
448,김민성,LG,0.105,38,4,1,0,0,3,5,0,12,1,중심(3~5번),2023
449,김기연,LG,0.0,2,0,0,0,0,0,0,0,1,0,중심(3~5번),2023
450,박해민,LG,0.0,2,0,0,0,0,0,0,0,0,1,중심(3~5번),2023
451,송찬의,LG,0.0,6,0,0,0,0,0,2,0,4,0,중심(3~5번),2023
452,이재원,LG,0.0,2,0,0,0,0,0,0,0,0,0,중심(3~5번),2023
453,허도환,LG,0.0,5,0,0,0,0,1,1,1,1,3,중심(3~5번),2023
454,이천웅,LG,1.0,3,3,0,0,0,1,0,0,0,0,하위(6~9번),2023
455,홍창기,LG,0.5,14,7,2,0,0,3,1,3,2,0,하위(6~9번),2023
456,오스틴,LG,0.333,3,1,1,0,0,1,0,0,0,0,하위(6~9번),2023
457,문보경,LG,0.317,287,91,22,3,6,44,34,2,48,3,하위(6~9번),2023
458,신민재,LG,0.309,136,42,2,0,0,10,14,1,15,2,하위(6~9번),2023
459,정주현,LG,0.3,60,18,2,0,1,9,6,0,13,0,하위(6~9번),2023
460,오지환,LG,0.288,104,30,2,3,2,17,13,3,26,1,하위(6~9번),2023
461,박해민,LG,0.288,351,101,10,2,4,43,34,3,56,4,하위(6~9번),2023
462,문성주,LG,0.279,129,36,8,1,0,25,24,1,7,2,하위(6~9번),2023
463,김민성,LG,0.274,234,64,10,0,8,38,19,7,45,6,하위(6~9번),2023
464,박동원,LG,0.248,347,86,13,0,18,63,41,6,72,7,하위(6~9번),2023
465,서건창,LG,0.234,77,18,4,2,0,11,9,0,9,4,하위(6~9번),2023
466,이재원,LG,0.216,97,21,5,0,4,17,12,2,35,1,하위(6~9번),2023
467,손호영,LG,0.182,33,6,0,0,1,4,1,0,10,1,하위(6~9번),2023
468,김현수,LG,0.167,12,2,0,0,0,2,1,0,3,0,하위(6~9번),2023
469,허도환,LG,0.153,59,9,3,0,2,9,2,5,19,0,하위(6~9번),2023
470,김기연,LG,0.125,32,4,0,0,0,2,5,0,9,0,하위(6~9번),2023
471,최승민,LG,0.111,9,1,0,0,0,1,1,0,2,1,하위(6~9번),2023
472,김범석,LG,0.095,21,2,1,0,1,4,1,0,3,1,하위(6~9번),2023
473,송찬의,LG,0.083,12,1,1,0,0,1,2,0,2,0,하위(6~9번),2023
474,김주성,LG,0.0,1,0,0,0,0,0,1,1,1,0,하위(6~9번),2023
475,송대현,LG,0.0,3,0,0,0,0,0,0,0,2,0,하위(6~9번),2023
476,안익훈,LG,0.0,3,0,0,0,0,0,0,1,1,0,하위(6~9번),2023
477,전준호,LG,0.0,1,0,0,0,0,1,0,0,0,0,하위(6~9번),2023
478,김성욱,NC,0.667,3,2,1,0,1,1,2,0,1,0,1번,2023
479,박한결,NC,0.667,3,2,0,0,1,2,0,0,1,0,1번,2023
480,김수윤,NC,0.5,2,1,0,0,0,1,0,0,0,0,1번,2023
481,손아섭,NC,0.354,466,165,31,1,5,56,45,2,51,9,1번,2023
482,박민우,NC,0.33,100,33,4,1,0,9,9,4,14,1,1번,2023
483,서호철,NC,0.222,18,4,1,0,0,2,2,0,3,1,1번,2023
484,김형준,NC,0.0,1,0,0,0,0,0,1,0,1,0,1번,2023
485,도태훈,NC,0.0,2,0,0,0,0,0,0,0,2,0,1번,2023
486,박대온,NC,0.0,1,0,0,0,0,1,0,0,0,0,1번,2023
487,박영빈,NC,0.0,4,0,0,0,0,0,1,0,2,0,1번,2023
488,윤형준,NC,0.0,1,0,0,0,0,0,0,0,0,0,1번,2023
489,천재환,NC,0.0,9,0,0,0,0,0,0,0,6,0,1번,2023
490,최보성,NC,0.0,1,0,0,0,0,0,0,0,1,0,1번,2023
491,최정원,NC,0.0,1,0,0,0,0,0,0,0,0,0,1번,2023
492,손아섭,NC,0.5,4,2,1,0,0,0,1,0,0,0,2번,2023
493,윤형준,NC,0.5,6,3,0,0,1,3,0,0,0,0,2번,2023
494,권희동,NC,0.375,8,3,0,0,0,2,2,0,1,0,2번,2023
495,천재환,NC,0.375,24,9,3,0,0,1,1,1,2,0,2번,2023
496,최정원,NC,0.344,32,11,3,1,0,3,1,1,6,1,2번,2023
497,박민우,NC,0.33,267,88,12,5,1,32,20,4,29,9,2번,2023
498,서호철,NC,0.278,144,40,5,0,2,20,6,5,15,5,2번,2023
499,김성욱,NC,0.24,25,6,1,0,1,2,1,2,5,0,2번,2023
500,한석현,NC,0.217,23,5,1,0,0,1,2,0,8,0,2번,2023
501,김주원,NC,0.2,5,1,0,0,0,0,0,0,2,0,2번,2023
502,박세혁,NC,0.184,38,7,0,0,1,3,5,0,13,1,2번,2023
503,도태훈,NC,0.154,13,2,0,0,0,0,2,2,4,0,2번,2023
504,김한별,NC,0.0,8,0,0,0,0,0,0,0,3,1,2번,2023
505,박영빈,NC,0.0,4,0,0,0,0,0,0,0,2,0,2번,2023
506,안중열,NC,0.0,2,0,0,0,0,0,0,0,2,0,2번,2023
507,전사민,NC,0.0,1,0,0,0,0,0,0,0,0,0,2번,2023
508,조현진,NC,0.0,1,0,0,0,0,0,0,0,0,0,2번,2023
509,최보성,NC,0.0,1,0,0,0,0,0,1,0,0,0,2번,2023
510,마틴,NC,0.556,9,5,0,0,2,6,1,0,1,0,3번,2023
511,김한별,NC,0.500,2,1,0,0,0,0,0,0,1,0,3번,2023
512,한석현,NC,0.400,5,2,0,0,0,0,0,0,0,0,3번,2023
513,박한결,NC,0.333,3,1,0,0,0,0,2,0,1,0,3번,2023
514,박건우,NC,0.322,428,138,34,2,11,82,52,9,66,12,3번,2023
515,박민우,NC,0.278,79,22,4,1,1,5,10,1,13,3,3번,2023
516,김성욱,NC,0.222,9,2,1,0,1,1,1,0,2,1,3번,2023
517,천재환,NC,0.200,10,2,0,0,1,1,0,1,6,0,3번,2023
518,권희동,NC,0.000,2,0,0,0,0,0,3,0,2,0,3번,2023
519,김수윤,NC,0.000,1,0,0,0,0,0,0,0,1,0,3번,2023
520,박석민,NC,0.000,2,0,0,0,0,0,0,0,0,0,3번,2023
521,박세혁,NC,-,0,0,0,0,0,1,1,0,0,0,3번,2023
522,박영빈,NC,0.000,1,0,0,0,0,0,0,0,0,0,3번,2023
523,손아섭,NC,0.000,3,0,0,0,0,0,0,0,2,0,3번,2023
524,오영수,NC,0.000,2,0,0,0,0,0,0,0,1,0,3번,2023
525,윤형준,NC,0.000,5,0,0,0,0,1,0,0,2,0,3번,2023
526,최정원,NC,0.000,2,0,0,0,0,0,0,0,2,0,3번,2023
527,윤형준,NC,0.6,5,3,2,0,0,1,0,0,1,0,4번,2023
528,박석민,NC,0.5,4,2,0,0,0,2,1,0,0,1,4번,2023
529,도태훈,NC,0.333,3,1,0,0,0,0,2,0,1,0,4번,2023
530,박건우,NC,0.304,23,7,0,0,1,3,4,0,2,1,4번,2023
531,한석현,NC,0.286,7,2,0,0,0,1,1,0,2,0,4번,2023
532,마틴,NC,0.271,388,105,17,2,14,78,49,1,97,8,4번,2023
533,권희동,NC,0.265,34,9,1,0,2,7,8,1,4,0,4번,2023
534,손아섭,NC,0.25,56,14,3,1,0,7,3,0,11,1,4번,2023
535,김성욱,NC,0.111,9,1,0,0,0,0,1,0,4,0,4번,2023
536,박민우,NC,0.0,1,0,0,0,0,0,0,0,1,0,4번,2023
537,박영빈,NC,0.0,4,0,0,0,0,0,0,0,2,0,4번,2023
538,박한결,NC,0.0,1,0,0,0,0,0,0,0,0,0,4번,2023
539,오영수,NC,0.0,5,0,0,0,0,0,0,0,4,0,4번,2023
540,오태양,NC,0.0,1,0,0,0,0,0,0,0,1,0,4번,2023
541,천재환,NC,0.0,11,0,0,0,0,1,0,0,2,1,4번,2023
542,최정원,NC,0.0,1,0,0,0,0,0,0,0,0,0,4번,2023
543,서호철,NC,0.667,3,2,0,0,1,1,0,0,0,0,5번,2023
544,마틴,NC,0.371,35,13,3,0,1,6,6,0,8,0,5번,2023
545,권희동,NC,0.289,263,76,15,0,5,54,36,5,41,4,5번,2023
546,손아섭,NC,0.278,18,5,1,1,0,2,0,0,2,0,5번,2023
547,천재환,NC,0.277,47,13,2,1,0,3,3,1,11,2,5번,2023
548,윤형준,NC,0.269,26,7,1,1,0,5,2,0,9,0,5번,2023
549,박건우,NC,0.25,4,1,0,0,0,0,0,0,1,0,5번,2023
550,박한결,NC,0.25,4,1,0,0,0,1,1,0,3,0,5번,2023
551,오영수,NC,0.217,23,5,2,0,0,3,3,2,5,1,5번,2023
552,박석민,NC,0.194,31,6,0,0,1,1,8,1,7,2,5번,2023
553,김성욱,NC,0.185,65,12,1,0,1,2,6,3,24,3,5번,2023
554,김수윤,NC,0.0,2,0,0,0,0,0,0,0,1,0,5번,2023
555,김한별,NC,0.0,1,0,0,0,0,0,0,0,0,1,5번,2023
556,도태훈,NC,0.0,5,0,0,0,0,0,0,0,1,0,5번,2023
557,박세혁,NC,0.0,4,0,0,0,0,0,0,0,0,0,5번,2023
558,최정원,NC,0.0,1,0,0,0,0,0,0,0,0,0,5번,2023
559,한석현,NC,0.0,2,0,0,0,0,0,0,0,1,0,5번,2023
560,김수윤,NC,1.000,1,1,0,0,0,0,0,0,0,0,6번,2023
561,박한결,NC,0.500,2,1,1,0,0,2,0,0,0,0,6번,2023
562,김주원,NC,0.333,24,8,0,0,0,0,1,0,6,0,6번,2023
563,천재환,NC,0.273,33,9,0,0,0,5,3,0,8,0,6번,2023
564,박세혁,NC,0.266,64,17,3,1,1,7,5,2,10,0,6번,2023
565,오영수,NC,0.242,132,32,5,0,3,14,5,2,34,2,6번,2023
566,박석민,NC,0.219,32,7,0,0,0,4,5,0,9,1,6번,2023
567,도태훈,NC,0.209,43,9,2,0,1,6,6,1,8,6,6번,2023
568,서호철,NC,0.203,59,12,3,0,0,4,2,0,9,1,6번,2023
569,윤형준,NC,0.192,104,20,4,0,1,5,6,1,32,5,6번,2023
570,김성욱,NC,0.147,34,5,1,0,1,2,4,0,15,3,6번,2023
571,김한별,NC,0.000,1,0,0,0,0,0,0,0,1,0,6번,2023
572,김형준,NC,0.000,3,0,0,0,0,0,0,0,1,0,6번,2023
573,박건우,NC,0.000,1,0,0,0,0,0,0,0,1,0,6번,2023
574,박대온,NC,0.000,1,0,0,0,0,0,0,0,0,0,6번,2023
575,안중열,NC,0.000,5,0,0,0,0,0,1,0,1,1,6번,2023
576,오장한,NC,-,0,0,0,0,0,0,1,0,0,0,6번,2023
577,최보성,NC,0.000,1,0,0,0,0,0,0,0,0,0,6번,2023
578,최정원,NC,0.000,3,0,0,0,0,0,0,1,2,0,6번,2023
579,박대온,NC,0.5,2,1,0,0,0,0,0,0,1,0,7번,2023
580,한석현,NC,0.5,4,2,0,0,0,0,0,0,1,0,7번,2023
581,김성욱,NC,0.385,13,5,3,0,0,3,0,0,3,0,7번,2023
582,최보성,NC,0.357,14,5,0,0,0,0,1,0,0,1,7번,2023
583,윤형준,NC,0.296,54,16,2,0,3,9,1,2,11,1,7번,2023
584,서호철,NC,0.289,135,39,5,2,2,10,9,2,20,2,7번,2023
585,김주원,NC,0.27,63,17,2,0,1,6,8,3,18,1,7번,2023
586,박세혁,NC,0.267,15,4,0,1,0,3,4,1,3,1,7번,2023
587,오영수,NC,0.257,35,9,2,1,1,5,7,0,9,2,7번,2023
588,천재환,NC,0.25,20,5,2,0,0,5,1,0,6,1,7번,2023
589,최정원,NC,0.25,4,1,0,0,0,1,0,0,0,0,7번,2023
590,김한별,NC,0.2,5,1,0,0,0,1,0,0,1,0,7번,2023
591,도태훈,NC,0.2,90,18,2,0,1,6,14,5,19,0,7번,2023
592,김수윤,NC,0.167,6,1,0,0,0,1,1,0,0,0,7번,2023
593,박석민,NC,0.105,19,2,1,0,0,1,0,2,6,0,7번,2023
594,김형준,NC,0.091,11,1,0,0,0,1,2,0,3,1,7번,2023
595,마틴,NC,0.0,3,0,0,0,0,0,1,0,1,0,7번,2023
596,박건우,NC,0.0,1,0,0,0,0,0,0,0,0,1,7번,2023
597,박민우,NC,0.0,3,0,0,0,0,0,0,0,0,0,7번,2023
598,박주찬,NC,0.0,3,0,0,0,0,0,0,0,1,0,7번,2023
599,손아섭,NC,0.0,1,0,0,0,0,0,0,0,0,0,7번,2023
600,안중열,NC,0.0,7,0,0,0,0,1,1,0,4,0,7번,2023
601,오장한,NC,0.0,4,0,0,0,0,0,0,0,4,0,7번,2023
602,서호철,NC,0.455,11,5,1,0,0,1,0,0,2,0,8번,2023
603,김성욱,NC,0.429,7,3,0,0,0,0,0,0,2,0,8번,2023
604,도태훈,NC,0.417,24,10,1,0,1,2,7,1,2,1,8번,2023
605,박대온,NC,0.333,21,7,3,0,0,2,3,1,6,0,8번,2023
606,오영수,NC,0.333,9,3,0,0,0,2,2,1,2,0,8번,2023
607,오장한,NC,0.333,3,1,0,0,0,0,0,0,1,0,8번,2023
608,윤형준,NC,0.333,15,5,2,0,0,3,1,0,3,0,8번,2023
609,김주원,NC,0.252,135,34,6,0,5,27,12,4,38,1,8번,2023
610,김형준,NC,0.245,49,12,2,0,4,10,4,1,18,1,8번,2023
611,안중열,NC,0.204,93,19,6,0,1,10,6,2,27,3,8번,2023
612,박세혁,NC,0.184,98,18,6,1,3,14,14,1,16,0,8번,2023
613,천재환,NC,0.125,8,1,0,0,1,1,0,1,3,0,8번,2023
614,한석현,NC,0.1,10,1,0,0,0,0,0,0,6,0,8번,2023
615,김한별,NC,0.0,8,0,0,0,0,0,0,0,5,1,8번,2023
616,박건우,NC,0.0,1,0,0,0,0,0,0,0,1,0,8번,2023
617,조현진,NC,0.0,1,0,0,0,0,0,0,0,0,0,8번,2023
618,최보성,NC,0.0,1,0,0,0,0,0,0,0,0,0,8번,2023
619,최정원,NC,0.0,1,0,0,0,0,0,0,1,0,0,8번,2023
620,박영빈,NC,1.0,1,1,1,0,0,0,0,0,0,0,9번,2023
621,김형준,NC,0.5,8,4,0,0,2,2,1,0,1,1,9번,2023
622,윤형준,NC,0.5,2,1,1,0,0,0,0,0,0,0,9번,2023
623,서호철,NC,0.444,27,12,2,1,0,3,1,1,2,0,9번,2023
624,손아섭,NC,0.333,3,1,0,0,0,0,1,0,1,0,9번,2023
625,조현진,NC,0.333,3,1,0,0,0,0,0,0,1,1,9번,2023
626,김성욱,NC,0.286,14,4,2,0,1,5,1,0,7,0,9번,2023
627,도태훈,NC,0.271,59,16,1,0,2,9,7,8,11,1,9번,2023
628,김한별,NC,0.264,72,19,0,1,0,3,4,2,12,3,9번,2023
629,안중열,NC,0.234,47,11,0,0,3,6,8,0,11,2,9번,2023
630,박세혁,NC,0.217,23,5,0,0,1,4,1,0,1,1,9번,2023
631,최정원,NC,0.2,5,1,0,1,0,1,0,0,3,0,9번,2023
632,김주원,NC,0.193,176,34,1,2,4,21,23,8,42,4,9번,2023
633,박주찬,NC,0.182,11,2,0,0,0,0,0,0,1,0,9번,2023
634,권희동,NC,0.0,2,0,0,0,0,0,0,0,2,0,9번,2023
635,김수윤,NC,0.0,2,0,0,0,0,0,0,0,2,0,9번,2023
636,박대온,NC,0.0,3,0,0,0,0,0,0,0,1,0,9번,2023
637,박민우,NC,0.0,2,0,0,0,0,0,1,0,0,0,9번,2023
638,박한결,NC,0.0,2,0,0,0,0,0,0,0,2,0,9번,2023
639,오영수,NC,0.0,2,0,0,0,0,0,0,0,0,0,9번,2023
640,오태양,NC,0.0,2,0,0,0,0,0,0,0,2,0,9번,2023
641,천재환,NC,0.0,1,0,0,0,0,0,0,0,0,1,9번,2023
642,최보성,NC,0.0,1,0,0,0,0,0,0,0,1,0,9번,2023
643,한석현,NC,0.0,9,0,0,0,0,0,1,0,2,2,9번,2023
644,박한결,NC,0.667,3,2,0,0,1,2,0,0,1,0,상위(1~2번),2023
645,김수윤,NC,0.5,2,1,0,0,0,1,0,0,0,0,상위(1~2번),2023
646,윤형준,NC,0.429,7,3,0,0,1,3,0,0,0,0,상위(1~2번),2023
647,권희동,NC,0.375,8,3,0,0,0,2,2,0,1,0,상위(1~2번),2023
648,손아섭,NC,0.355,470,167,32,1,5,56,46,2,51,9,상위(1~2번),2023
649,최정원,NC,0.333,33,11,3,1,0,3,1,1,6,1,상위(1~2번),2023
650,박민우,NC,0.33,367,121,16,6,1,41,29,8,43,10,상위(1~2번),2023
651,김성욱,NC,0.286,28,8,2,0,2,3,3,2,6,0,상위(1~2번),2023
652,천재환,NC,0.273,33,9,3,0,0,1,1,1,8,0,상위(1~2번),2023
653,서호철,NC,0.272,162,44,6,0,2,22,8,5,18,6,상위(1~2번),2023
654,한석현,NC,0.217,23,5,1,0,0,1,2,0,8,0,상위(1~2번),2023
655,김주원,NC,0.2,5,1,0,0,0,0,0,0,2,0,상위(1~2번),2023
656,박세혁,NC,0.184,38,7,0,0,1,3,5,0,13,1,상위(1~2번),2023
657,도태훈,NC,0.133,15,2,0,0,0,0,2,2,6,0,상위(1~2번),2023
658,김한별,NC,0.0,8,0,0,0,0,0,0,0,3,1,상위(1~2번),2023
659,김형준,NC,0.0,1,0,0,0,0,0,1,0,1,0,상위(1~2번),2023
660,박대온,NC,0.0,1,0,0,0,0,1,0,0,0,0,상위(1~2번),2023
661,박영빈,NC,0.0,8,0,0,0,0,0,1,0,4,0,상위(1~2번),2023
662,안중열,NC,0.0,2,0,0,0,0,0,0,0,2,0,상위(1~2번),2023
663,전사민,NC,0.0,1,0,0,0,0,0,0,0,0,0,상위(1~2번),2023
664,조현진,NC,0.0,1,0,0,0,0,0,0,0,0,0,상위(1~2번),2023
665,최보성,NC,0.0,2,0,0,0,0,0,1,0,1,0,상위(1~2번),2023
666,서호철,NC,0.667,3,2,0,0,1,1,0,0,0,0,중심(3~5번),2023
667,김한별,NC,0.333,3,1,0,0,0,0,0,0,1,1,중심(3~5번),2023
668,박건우,NC,0.321,455,146,34,2,12,85,56,9,69,13,중심(3~5번),2023
669,한석현,NC,0.286,14,4,0,0,0,1,1,0,3,0,중심(3~5번),2023
670,마틴,NC,0.285,432,123,20,2,17,90,56,1,106,8,중심(3~5번),2023
671,권희동,NC,0.284,299,85,16,0,7,61,47,6,47,4,중심(3~5번),2023
672,윤형준,NC,0.278,36,10,3,1,0,7,2,0,12,0,중심(3~5번),2023
673,박민우,NC,0.275,80,22,4,1,1,5,10,1,14,3,중심(3~5번),2023
674,박한결,NC,0.25,8,2,0,0,0,1,3,0,4,0,중심(3~5번),2023
675,손아섭,NC,0.247,77,19,4,2,0,9,3,0,15,1,중심(3~5번),2023
676,천재환,NC,0.221,68,15,2,1,1,5,3,2,19,3,중심(3~5번),2023
677,박석민,NC,0.216,37,8,0,0,1,3,9,1,7,3,중심(3~5번),2023
678,김성욱,NC,0.181,83,15,2,0,2,3,8,3,30,4,중심(3~5번),2023
679,오영수,NC,0.167,30,5,2,0,0,3,3,2,10,1,중심(3~5번),2023
680,도태훈,NC,0.125,8,1,0,0,0,0,2,0,2,0,중심(3~5번),2023
681,김수윤,NC,0.0,3,0,0,0,0,0,0,0,2,0,중심(3~5번),2023
682,박세혁,NC,0.0,4,0,0,0,0,1,1,0,0,0,중심(3~5번),2023
683,박영빈,NC,0.0,5,0,0,0,0,0,0,0,2,0,중심(3~5번),2023
684,오태양,NC,0.0,1,0,0,0,0,0,0,0,1,0,중심(3~5번),2023
685,최정원,NC,0.0,4,0,0,0,0,0,0,0,2,0,중심(3~5번),2023
686,박영빈,NC,1.0,1,1,1,0,0,0,0,0,0,0,하위(6~9번),2023
687,박대온,NC,0.296,27,8,3,0,0,2,3,1,8,0,하위(6~9번),2023
688,최보성,NC,0.294,17,5,0,0,0,0,1,0,1,1,하위(6~9번),2023
689,서호철,NC,0.293,232,68,11,3,2,18,12,3,33,3,하위(6~9번),2023
690,김성욱,NC,0.25,68,17,6,0,2,10,5,0,27,3,하위(6~9번),2023
691,박한결,NC,0.25,4,1,1,0,0,2,0,0,2,0,하위(6~9번),2023
692,손아섭,NC,0.25,4,1,0,0,0,0,1,0,1,0,하위(6~9번),2023
693,조현진,NC,0.25,4,1,0,0,0,0,0,0,1,1,하위(6~9번),2023
694,오영수,NC,0.247,178,44,7,1,4,21,14,3,45,4,하위(6~9번),2023
695,도태훈,NC,0.245,216,53,6,0,5,23,34,15,40,8,하위(6~9번),2023
696,천재환,NC,0.242,62,15,2,0,1,11,4,1,17,2,하위(6~9번),2023
697,윤형준,NC,0.24,175,42,9,0,4,17,8,3,46,6,하위(6~9번),2023
698,김형준,NC,0.239,71,17,2,0,6,13,7,1,23,3,하위(6~9번),2023
699,김주원,NC,0.234,398,93,9,2,10,54,44,15,104,6,하위(6~9번),2023
700,김한별,NC,0.233,86,20,0,1,0,4,4,2,19,4,하위(6~9번),2023
701,김수윤,NC,0.222,9,2,0,0,0,1,1,0,2,0,하위(6~9번),2023
702,박세혁,NC,0.22,200,44,9,3,5,28,24,4,30,2,하위(6~9번),2023
703,안중열,NC,0.197,152,30,6,0,4,17,16,2,43,6,하위(6~9번),2023
704,박석민,NC,0.176,51,9,1,0,0,5,5,2,15,1,하위(6~9번),2023
705,최정원,NC,0.154,13,2,0,1,0,2,0,2,5,0,하위(6~9번),2023
706,박주찬,NC,0.143,14,2,0,0,0,0,0,0,2,0,하위(6~9번),2023
707,오장한,NC,0.143,7,1,0,0,0,0,1,0,5,0,하위(6~9번),2023
708,한석현,NC,0.13,23,3,0,0,0,0,1,0,9,2,하위(6~9번),2023
709,권희동,NC,0.0,2,0,0,0,0,0,0,0,2,0,하위(6~9번),2023
710,마틴,NC,0.0,3,0,0,0,0,0,1,0,1,0,하위(6~9번),2023
711,박건우,NC,0.0,3,0,0,0,0,0,0,0,2,1,하위(6~9번),2023
712,박민우,NC,0.0,5,0,0,0,0,0,1,0,0,0,하위(6~9번),2023
713,오태양,NC,0.0,2,0,0,0,0,0,0,0,2,0,하위(6~9번),2023
714,김정민,SSG,1.0,1,1,0,0,0,0,0,0,0,0,1번,2023
715,오태곤,SSG,0.408,49,20,6,1,2,7,3,1,6,2,1번,2023
716,하재훈,SSG,0.4,5,2,1,0,0,0,0,0,0,0,1번,2023
717,김강민,SSG,0.286,21,6,0,0,0,0,4,0,5,1,1번,2023
718,추신수,SSG,0.255,369,94,17,0,12,39,61,13,77,7,1번,2023
719,최지훈,SSG,0.221,122,27,5,2,1,9,7,0,19,0,1번,2023
720,최경모,SSG,0.167,6,1,0,0,0,1,0,0,1,0,1번,2023
721,최주환,SSG,0.167,6,1,0,0,0,0,0,0,2,0,1번,2023
722,강진성,SSG,0.0,4,0,0,0,0,0,0,0,1,0,1번,2023
723,안상현,SSG,0.0,1,0,0,0,0,0,0,0,0,0,1번,2023
724,에레디아,SSG,0.0,5,0,0,0,0,0,0,0,1,1,1번,2023
725,이흥련,SSG,0.0,1,0,0,0,0,0,0,0,0,0,1번,2023
726,전의산,SSG,0.0,1,0,0,0,0,0,0,0,1,0,1번,2023
727,최상민,SSG,0.0,1,0,0,0,0,0,2,0,0,0,1번,2023
728,최준우,SSG,0.0,1,0,0,0,0,0,0,0,1,0,1번,2023
729,최항,SSG,0.0,1,0,0,0,0,0,0,0,1,0,1번,2023
730,에레디아,SSG,0.333,9,3,1,0,1,1,4,0,1,0,2번,2023
731,최지훈,SSG,0.294,296,87,14,5,1,19,18,3,25,3,2번,2023
732,최상민,SSG,0.250,4,1,0,0,0,1,1,0,1,0,2번,2023
733,최항,SSG,0.250,4,1,0,0,0,1,0,0,2,0,2번,2023
734,박성한,SSG,0.246,69,17,1,0,0,3,6,0,10,2,2번,2023
735,최주환,SSG,0.228,101,23,7,0,5,10,5,1,22,1,2번,2023
736,오태곤,SSG,0.189,37,7,1,0,1,1,2,0,7,1,2번,2023
737,김성현,SSG,0.158,19,3,2,0,0,2,3,0,2,0,2번,2023
738,최준우,SSG,0.154,13,2,0,0,0,1,1,0,2,0,2번,2023
739,이정범,SSG,0.143,7,1,0,0,0,1,1,0,2,1,2번,2023
740,김강민,SSG,0.132,38,5,2,0,0,1,5,0,9,0,2번,2023
741,강진성,SSG,0.000,2,0,0,0,0,0,0,0,0,0,2번,2023
742,안상현,SSG,0.000,1,0,0,0,0,0,0,0,0,0,2번,2023
743,이흥련,SSG,0.000,1,0,0,0,0,0,0,0,0,0,2번,2023
744,조형우,SSG,0.000,2,0,0,0,0,0,1,0,2,0,2번,2023
745,최경모,SSG,-,0,0,0,0,0,0,0,0,0,0,2번,2023
746,하재훈,SSG,0.000,2,0,0,0,0,0,0,0,0,0,2번,2023
747,추신수,SSG,0.400,5,2,0,1,0,1,1,0,0,1,3번,2023
748,한유섬,SSG,0.333,18,6,2,1,0,5,5,0,3,0,3번,2023
749,최정,SSG,0.308,399,123,27,0,26,78,48,14,75,10,3번,2023
750,김강민,SSG,0.263,19,5,1,0,0,0,3,0,8,0,3번,2023
751,최주환,SSG,0.214,56,12,5,0,0,5,9,0,11,0,3번,2023
752,김찬형,SSG,0.182,11,2,0,0,0,1,0,0,3,1,3번,2023
753,강진성,SSG,0.167,18,3,0,0,0,1,0,0,0,0,3번,2023
754,에레디아,SSG,0.167,18,3,1,0,0,0,4,0,5,1,3번,2023
755,고명준,SSG,0.000,1,0,0,0,0,0,0,0,1,0,3번,2023
756,김성현,SSG,0.000,1,0,0,0,0,0,0,0,0,0,3번,2023
757,안상현,SSG,0.000,1,0,0,0,0,0,0,0,0,0,3번,2023
758,오태곤,SSG,0.000,2,0,0,0,0,0,0,0,1,0,3번,2023
759,최경모,SSG,0.000,4,0,0,0,0,0,0,0,2,0,3번,2023
760,최준우,SSG,0.000,1,0,0,0,0,0,0,0,0,0,3번,2023
761,최항,SSG,0.000,1,0,0,0,0,0,0,0,1,0,3번,2023
762,하재훈,SSG,-,0,0,0,0,0,0,1,0,0,0,3번,2023
763,김찬형,SSG,1.000,1,1,1,0,0,0,0,0,0,0,4번,2023
764,이정범,SSG,1.000,1,1,0,0,0,0,0,0,0,0,4번,2023
765,하재훈,SSG,0.333,3,1,0,0,1,1,0,0,1,0,4번,2023
766,에레디아,SSG,0.320,400,128,25,0,9,65,26,9,63,10,4번,2023
767,한유섬,SSG,0.313,16,5,0,0,0,4,1,1,4,0,4번,2023
768,최정,SSG,0.236,72,17,4,0,3,9,11,1,12,2,4번,2023
769,최주환,SSG,0.228,79,18,4,0,4,16,7,0,22,1,4번,2023
770,강진성,SSG,0.000,2,0,0,0,0,0,0,0,0,0,4번,2023
771,김강민,SSG,-,0,0,0,0,0,0,1,0,0,0,4번,2023
772,김민식,SSG,-,0,0,0,0,0,0,1,0,0,0,4번,2023
773,김성현,SSG,0.000,1,0,0,0,0,0,0,0,0,0,4번,2023
774,박성한,SSG,0.000,1,0,0,0,0,0,0,0,1,0,4번,2023
775,오태곤,SSG,0.000,2,0,0,0,0,0,1,0,0,0,4번,2023
776,전의산,SSG,0.000,2,0,0,0,0,0,0,0,0,0,4번,2023
777,조형우,SSG,-,0,0,0,0,0,0,1,0,0,0,4번,2023
778,최준우,SSG,-,0,0,0,0,0,0,1,0,0,0,4번,2023
779,김찬형,SSG,0.5,2,1,0,0,0,0,0,0,0,0,5번,2023
780,안상현,SSG,0.5,4,2,0,0,0,1,0,0,1,0,5번,2023
781,에레디아,SSG,0.463,41,19,2,0,2,10,5,0,5,1,5번,2023
782,전의산,SSG,0.333,3,1,1,0,0,1,0,0,0,0,5번,2023
783,하재훈,SSG,0.3,40,12,3,0,0,5,3,1,11,0,5번,2023
784,김강민,SSG,0.294,17,5,0,0,1,2,5,0,3,0,5번,2023
785,박성한,SSG,0.283,184,52,6,0,6,22,19,0,25,3,5번,2023
786,한유섬,SSG,0.268,123,33,7,1,3,23,7,4,33,0,5번,2023
787,최주환,SSG,0.215,107,23,4,0,6,17,13,2,22,3,5번,2023
788,오태곤,SSG,0.13,23,3,1,0,0,3,0,0,11,0,5번,2023
789,강진성,SSG,0.0,5,0,0,0,0,1,0,0,2,0,5번,2023
790,김민식,SSG,0.0,1,0,0,0,0,0,0,0,0,0,5번,2023
791,김성현,SSG,0.0,2,0,0,0,0,0,0,0,0,0,5번,2023
792,조형우,SSG,0.0,1,0,0,0,0,0,0,0,1,0,5번,2023
793,최상민,SSG,0.0,1,0,0,0,0,1,0,0,0,0,5번,2023
794,최준우,SSG,0.0,1,0,0,0,0,0,0,0,0,0,5번,2023
795,최항,SSG,0.0,1,0,0,0,0,0,0,0,0,0,5번,2023
796,추신수,SSG,0.0,1,0,0,0,0,0,0,0,1,0,5번,2023
797,김민식,SSG,1.000,1,1,0,0,0,1,0,0,0,0,6번,2023
798,강진성,SSG,0.381,42,16,4,0,0,3,3,3,4,0,6번,2023
799,오태곤,SSG,0.368,38,14,4,0,2,8,4,0,7,0,6번,2023
800,김성현,SSG,0.356,59,21,4,0,0,4,5,0,7,1,6번,2023
801,최주환,SSG,0.318,44,14,1,0,4,10,4,1,7,1,6번,2023
802,하재훈,SSG,0.311,90,28,3,0,1,15,6,2,28,0,6번,2023
803,최지훈,SSG,0.273,11,3,0,1,0,0,2,0,1,0,6번,2023
804,박성한,SSG,0.259,112,29,9,0,1,15,18,1,9,1,6번,2023
805,안상현,SSG,0.250,8,2,1,0,0,0,0,0,3,0,6번,2023
806,한유섬,SSG,0.242,66,16,2,0,0,10,11,4,15,0,6번,2023
807,최준우,SSG,0.200,5,1,0,0,0,0,0,0,0,0,6번,2023
808,김강민,SSG,0.182,22,4,0,0,0,1,1,1,5,1,6번,2023
809,전의산,SSG,0.125,24,3,1,0,0,2,3,1,12,0,6번,2023
810,김정민,SSG,0.000,1,0,0,0,0,0,0,0,1,0,6번,2023
811,류효승,SSG,0.000,3,0,0,0,0,0,0,0,0,1,6번,2023
812,조형우,SSG,0.000,1,0,0,0,0,0,0,0,0,1,6번,2023
813,최상민,SSG,-,0,0,0,0,0,0,0,0,0,0,6번,2023
814,최항,SSG,0.000,1,0,0,0,0,0,0,0,1,0,6번,2023
815,추신수,SSG,0.000,1,0,0,0,0,0,2,0,1,0,6번,2023
816,추신수,SSG,1.0,1,1,0,0,0,1,0,0,0,0,7번,2023
817,최상민,SSG,0.5,2,1,0,0,0,1,0,0,0,0,7번,2023
818,최준우,SSG,0.429,14,6,1,0,0,2,1,0,3,0,7번,2023
819,김강민,SSG,0.375,8,3,0,0,1,1,0,0,1,0,7번,2023
820,최주환,SSG,0.364,22,8,3,0,1,4,5,0,7,0,7번,2023
821,최항,SSG,0.333,15,5,0,0,1,3,2,0,7,0,7번,2023
822,김성현,SSG,0.33,112,37,7,0,1,13,9,0,14,3,7번,2023
823,하재훈,SSG,0.326,46,15,2,1,5,12,6,1,9,0,7번,2023
824,한유섬,SSG,0.303,99,30,4,0,4,12,8,3,23,1,7번,2023
825,박성한,SSG,0.275,80,22,3,0,2,7,13,0,9,1,7번,2023
826,최지훈,SSG,0.25,20,5,0,0,0,2,1,0,2,0,7번,2023
827,전의산,SSG,0.2,25,5,3,0,0,7,1,0,6,1,7번,2023
828,조형우,SSG,0.2,5,1,0,0,1,2,0,0,2,0,7번,2023
829,오태곤,SSG,0.146,41,6,0,0,0,2,2,0,15,0,7번,2023
830,이정범,SSG,0.1,10,1,0,0,0,1,0,0,2,0,7번,2023
831,강진성,SSG,0.067,15,1,0,0,1,2,0,0,4,0,7번,2023
832,고명준,SSG,0.0,3,0,0,0,0,0,0,0,2,0,7번,2023
833,김찬형,SSG,0.0,2,0,0,0,0,0,0,0,1,0,7번,2023
834,안상현,SSG,0.0,4,0,0,0,0,0,0,0,0,0,7번,2023
835,최경모,SSG,0.0,1,0,0,0,0,0,0,0,0,0,7번,2023
836,강진성,SSG,0.321,28,9,0,1,1,7,2,0,4,2,8번,2023
837,최준우,SSG,0.278,18,5,0,0,0,3,3,0,3,2,8번,2023
838,김민식,SSG,0.260,77,20,1,1,2,13,7,0,12,2,8번,2023
839,이재원,SSG,0.250,4,1,0,0,0,0,0,0,1,0,8번,2023
840,최경모,SSG,0.250,8,2,0,0,0,0,0,0,2,0,8번,2023
841,최상민,SSG,0.250,16,4,0,0,0,0,1,0,3,0,8번,2023
842,전의산,SSG,0.230,74,17,1,0,4,10,10,2,20,0,8번,2023
843,이정범,SSG,0.222,9,2,0,0,0,2,1,0,2,0,8번,2023
844,김성현,SSG,0.204,103,21,1,0,0,8,9,0,9,2,8번,2023
845,하재훈,SSG,0.200,10,2,1,0,0,2,2,0,3,0,8번,2023
846,한유섬,SSG,0.200,5,1,0,0,0,1,1,0,2,2,8번,2023
847,오태곤,SSG,0.194,67,13,1,0,2,6,6,2,17,3,8번,2023
848,최주환,SSG,0.125,8,1,0,0,0,1,1,0,0,0,8번,2023
849,박성한,SSG,0.111,9,1,0,0,0,0,2,0,2,0,8번,2023
850,안상현,SSG,0.100,20,2,0,0,0,0,4,0,6,0,8번,2023
851,조형우,SSG,0.071,14,1,0,0,0,0,1,0,2,1,8번,2023
852,김강민,SSG,-,0,0,0,0,0,0,4,0,0,0,8번,2023
853,김건웅,SSG,0.000,3,0,0,0,0,0,0,0,2,0,8번,2023
854,김찬형,SSG,0.000,13,0,0,0,0,0,1,0,5,0,8번,2023
855,최지훈,SSG,0.000,3,0,0,0,0,0,0,0,1,0,8번,2023
856,최항,SSG,0.000,1,0,0,0,0,0,2,0,0,0,8번,2023
857,추신수,SSG,0.000,3,0,0,0,0,0,0,0,0,0,8번,2023
858,최항,SSG,0.500,4,2,1,0,0,2,1,0,0,1,9번,2023
859,안상현,SSG,0.421,19,8,2,0,0,1,1,0,5,1,9번,2023
860,김찬형,SSG,0.368,19,7,2,0,1,4,1,1,1,0,9번,2023
861,강진성,SSG,0.333,18,6,2,0,1,3,1,0,5,0,9번,2023
862,최준우,SSG,0.286,7,2,0,0,0,0,2,0,1,1,9번,2023
863,김강민,SSG,0.250,12,3,0,0,0,2,0,0,7,0,9번,2023
864,박성한,SSG,0.250,4,1,0,0,0,0,0,0,0,0,9번,2023
865,조형우,SSG,0.208,96,20,4,1,1,10,5,1,18,0,9번,2023
866,전의산,SSG,0.200,5,1,0,0,0,1,1,0,1,0,9번,2023
867,최상민,SSG,0.200,10,2,0,0,0,0,0,0,3,0,9번,2023
868,최지훈,SSG,0.200,10,2,0,0,0,0,1,0,2,0,9번,2023
869,하재훈,SSG,0.200,5,1,0,0,0,0,1,1,1,0,9번,2023
870,김민식,SSG,0.198,187,37,8,0,3,20,23,2,45,4,9번,2023
871,오태곤,SSG,0.154,13,2,1,0,0,1,0,1,3,0,9번,2023
872,이흥련,SSG,0.083,12,1,0,0,1,2,2,0,6,0,9번,2023
873,김성현,SSG,0.077,13,1,0,0,0,0,3,0,4,0,9번,2023
874,이재원,SSG,0.075,40,3,1,0,0,2,2,0,7,4,9번,2023
875,류효승,SSG,-,0,0,0,0,0,0,0,1,0,0,9번,2023
876,이정범,SSG,0.000,2,0,0,0,0,0,0,0,0,0,9번,2023
877,최경모,SSG,0.000,1,0,0,0,0,0,0,0,0,0,9번,2023
878,최주환,SSG,0.000,3,0,0,0,0,0,0,0,1,0,9번,2023
879,추신수,SSG,0.000,2,0,0,0,0,0,1,0,0,0,9번,2023
880,한유섬,SSG,0.000,6,0,0,0,0,0,1,0,1,0,9번,2023
881,김정민,SSG,1.0,1,1,0,0,0,0,0,0,0,0,상위(1~2번),2023
882,오태곤,SSG,0.314,86,27,7,1,3,8,5,1,13,3,상위(1~2번),2023
883,하재훈,SSG,0.286,7,2,1,0,0,0,0,0,0,0,상위(1~2번),2023
884,최지훈,SSG,0.273,418,114,19,7,2,28,25,3,44,3,상위(1~2번),2023
885,추신수,SSG,0.255,369,94,17,0,12,39,61,13,77,7,상위(1~2번),2023
886,박성한,SSG,0.246,69,17,1,0,0,3,6,0,10,2,상위(1~2번),2023
887,최주환,SSG,0.224,107,24,7,0,5,10,5,1,24,1,상위(1~2번),2023
888,에레디아,SSG,0.214,14,3,1,0,1,1,4,0,2,1,상위(1~2번),2023
889,최상민,SSG,0.2,5,1,0,0,0,1,3,0,1,0,상위(1~2번),2023
890,최항,SSG,0.2,5,1,0,0,0,1,0,0,3,0,상위(1~2번),2023
891,김강민,SSG,0.186,59,11,2,0,0,1,9,0,14,1,상위(1~2번),2023
892,최경모,SSG,0.167,6,1,0,0,0,1,0,0,1,0,상위(1~2번),2023
893,김성현,SSG,0.158,19,3,2,0,0,2,3,0,2,0,상위(1~2번),2023
894,이정범,SSG,0.143,7,1,0,0,0,1,1,0,2,1,상위(1~2번),2023
895,최준우,SSG,0.143,14,2,0,0,0,1,1,0,3,0,상위(1~2번),2023
896,강진성,SSG,0.0,6,0,0,0,0,0,0,0,1,0,상위(1~2번),2023
897,안상현,SSG,0.0,2,0,0,0,0,0,0,0,0,0,상위(1~2번),2023
898,이흥련,SSG,0.0,2,0,0,0,0,0,0,0,0,0,상위(1~2번),2023
899,전의산,SSG,0.0,1,0,0,0,0,0,0,0,1,0,상위(1~2번),2023
900,조형우,SSG,0.0,2,0,0,0,0,0,1,0,2,0,상위(1~2번),2023
901,이정범,SSG,1.0,1,1,0,0,0,0,0,0,0,0,중심(3~5번),2023
902,안상현,SSG,0.4,5,2,0,0,0,1,0,0,1,0,중심(3~5번),2023
903,추신수,SSG,0.333,6,2,0,1,0,1,1,0,1,1,중심(3~5번),2023
904,에레디아,SSG,0.327,459,150,28,0,11,75,35,9,73,12,중심(3~5번),2023
905,하재훈,SSG,0.302,43,13,3,0,1,6,4,1,12,0,중심(3~5번),2023
906,최정,SSG,0.297,471,140,31,0,29,87,59,15,87,12,중심(3~5번),2023
907,김찬형,SSG,0.286,14,4,1,0,0,1,0,0,3,1,중심(3~5번),2023
908,박성한,SSG,0.281,185,52,6,0,6,22,19,0,26,3,중심(3~5번),2023
909,한유섬,SSG,0.28,157,44,9,2,3,32,13,5,40,0,중심(3~5번),2023
910,김강민,SSG,0.278,36,10,1,0,1,2,9,0,11,0,중심(3~5번),2023
911,최주환,SSG,0.219,242,53,13,0,10,38,29,2,55,4,중심(3~5번),2023
912,전의산,SSG,0.2,5,1,1,0,0,1,0,0,0,0,중심(3~5번),2023
913,강진성,SSG,0.12,25,3,0,0,0,2,0,0,2,0,중심(3~5번),2023
914,오태곤,SSG,0.111,27,3,1,0,0,3,1,0,12,0,중심(3~5번),2023
915,고명준,SSG,0.0,1,0,0,0,0,0,0,0,1,0,중심(3~5번),2023
916,김민식,SSG,0.0,1,0,0,0,0,0,1,0,0,0,중심(3~5번),2023
917,김성현,SSG,0.0,4,0,0,0,0,0,0,0,0,0,중심(3~5번),2023
918,조형우,SSG,0.0,1,0,0,0,0,0,1,0,1,0,중심(3~5번),2023
919,최경모,SSG,0.0,4,0,0,0,0,0,0,0,2,0,중심(3~5번),2023
920,최상민,SSG,0.0,1,0,0,0,0,1,0,0,0,0,중심(3~5번),2023
921,최준우,SSG,0.0,2,0,0,0,0,0,1,0,0,0,중심(3~5번),2023
922,최항,SSG,0.0,2,0,0,0,0,0,0,0,1,0,중심(3~5번),2023
923,최항,SSG,0.333,21,7,1,0,1,5,5,0,8,1,하위(6~9번),2023
924,최준우,SSG,0.318,44,14,1,0,0,5,6,0,7,3,하위(6~9번),2023
925,강진성,SSG,0.311,103,32,6,1,3,15,6,3,17,2,하위(6~9번),2023
926,하재훈,SSG,0.305,151,46,6,1,6,29,15,4,41,0,하위(6~9번),2023
927,최주환,SSG,0.299,77,23,4,0,5,15,10,1,15,1,하위(6~9번),2023
928,김성현,SSG,0.279,287,80,12,0,1,25,26,0,34,6,하위(6~9번),2023
929,한유섬,SSG,0.267,176,47,6,0,4,23,21,7,41,3,하위(6~9번),2023
930,박성한,SSG,0.259,205,53,12,0,3,22,33,1,20,2,하위(6~9번),2023
931,최상민,SSG,0.25,28,7,0,0,0,1,1,0,6,0,하위(6~9번),2023
932,김강민,SSG,0.238,42,10,0,0,1,4,5,1,13,1,하위(6~9번),2023
933,안상현,SSG,0.235,51,12,3,0,0,1,5,0,14,1,하위(6~9번),2023
934,최지훈,SSG,0.227,44,10,0,1,0,2,4,0,6,0,하위(6~9번),2023
935,오태곤,SSG,0.22,159,35,6,0,4,17,12,3,42,3,하위(6~9번),2023
936,김민식,SSG,0.219,265,58,9,1,5,34,30,2,57,6,하위(6~9번),2023
937,김찬형,SSG,0.206,34,7,2,0,1,4,2,1,7,0,하위(6~9번),2023
938,전의산,SSG,0.203,128,26,5,0,4,20,15,3,39,1,하위(6~9번),2023
939,최경모,SSG,0.2,10,2,0,0,0,0,0,0,2,0,하위(6~9번),2023
940,조형우,SSG,0.19,116,22,4,1,2,12,6,1,22,2,하위(6~9번),2023
941,이정범,SSG,0.143,21,3,0,0,0,3,1,0,4,0,하위(6~9번),2023
942,추신수,SSG,0.143,7,1,0,0,0,1,3,0,1,0,하위(6~9번),2023
943,이재원,SSG,0.091,44,4,1,0,0,2,2,0,8,4,하위(6~9번),2023
944,이흥련,SSG,0.083,12,1,0,0,1,2,2,0,6,0,하위(6~9번),2023
945,고명준,SSG,0.0,3,0,0,0,0,0,0,0,2,0,하위(6~9번),2023
946,김건웅,SSG,0.0,3,0,0,0,0,0,0,0,2,0,하위(6~9번),2023
947,김정민,SSG,0.0,1,0,0,0,0,0,0,0,1,0,하위(6~9번),2023
948,류효승,SSG,0.0,3,0,0,0,0,0,0,1,0,1,하위(6~9번),2023
949,박준영,두산,1.000,1,1,0,0,0,0,0,0,0,0,1번,2023
950,김인태,두산,0.667,3,2,1,0,1,2,0,1,0,0,1번,2023
951,안재석,두산,0.500,4,2,0,0,0,0,0,0,2,0,1번,2023
952,전민재,두산,0.500,2,1,1,0,0,1,0,0,0,0,1번,2023
953,정수빈,두산,0.266,447,119,10,11,2,31,55,7,57,2,1번,2023
954,박계범,두산,0.250,4,1,0,0,0,0,1,0,1,0,1번,2023
955,조수행,두산,0.241,29,7,0,1,1,2,6,0,5,1,1번,2023
956,김태근,두산,0.217,23,5,1,0,0,1,0,1,9,0,1번,2023
957,송승환,두산,0.200,5,1,1,0,0,0,1,0,2,0,1번,2023
958,양찬열,두산,0.200,15,3,0,0,0,0,0,0,4,0,1번,2023
959,허경민,두산,0.188,32,6,1,0,0,1,4,0,0,0,1번,2023
960,김대한,두산,0.176,17,3,1,0,0,1,1,0,4,0,1번,2023
961,김재호,두산,0.000,1,0,0,0,0,0,0,0,0,0,1번,2023
962,김재환,두산,-,0,0,0,0,0,0,1,0,0,0,1번,2023
963,로하스,두산,0.000,2,0,0,0,0,0,0,0,0,0,1번,2023
964,신성현,두산,0.000,1,0,0,0,0,0,0,0,0,0,1번,2023
965,이유찬,두산,0.000,2,0,0,0,0,0,1,1,1,0,1번,2023
966,전민재,두산,1.000,1,1,1,0,0,0,0,0,0,0,2번,2023
967,박지훈,두산,0.500,2,1,0,0,0,1,0,0,1,0,2번,2023
968,김재환,두산,0.467,15,7,1,0,0,1,7,0,2,2,2번,2023
969,정수빈,두산,0.467,30,14,2,0,0,2,4,0,4,0,2번,2023
970,김재호,두산,0.275,138,38,6,0,2,14,16,5,14,7,2번,2023
971,허경민,두산,0.268,112,30,5,0,2,16,8,3,6,4,2번,2023
972,김대한,두산,0.250,24,6,0,0,1,2,3,0,5,0,2번,2023
973,김인태,두산,0.250,8,2,0,0,0,0,0,0,1,0,2번,2023
974,로하스,두산,0.250,36,9,3,1,2,6,3,1,4,0,2번,2023
975,박계범,두산,0.206,68,14,3,0,1,6,3,0,21,2,2번,2023
976,강승호,두산,0.200,5,1,0,0,0,0,1,0,0,0,2번,2023
977,양찬열,두산,0.188,16,3,0,0,0,1,1,1,5,0,2번,2023
978,이유찬,두산,0.154,13,2,0,1,0,1,5,0,3,0,2번,2023
979,조수행,두산,0.138,58,8,1,0,0,4,11,2,12,0,2번,2023
980,안재석,두산,0.056,18,1,0,1,0,0,0,0,3,0,2번,2023
981,김민혁,두산,0.000,1,0,0,0,0,0,0,0,0,0,2번,2023
982,김태근,두산,0.000,1,0,0,0,0,0,0,0,1,0,2번,2023
983,박준영,두산,0.000,3,0,0,0,0,0,0,0,0,0,2번,2023
984,송승환,두산,0.000,8,0,0,0,0,0,0,0,4,0,2번,2023
985,홍성호,두산,0.000,1,0,0,0,0,0,0,0,0,0,2번,2023
986,김인태,두산,0.500,2,1,0,0,0,1,0,0,0,0,3번,2023
987,박지훈,두산,0.500,4,2,1,0,0,1,1,0,1,0,3번,2023
988,양의지,두산,0.356,87,31,4,0,5,19,19,1,12,4,3번,2023
989,강승호,두산,0.300,10,3,1,0,0,0,0,0,3,0,3번,2023
990,로하스,두산,0.254,181,46,10,2,8,32,25,0,25,4,3번,2023
991,양석환,두산,0.242,186,45,8,0,7,32,14,1,41,4,3번,2023
992,김재환,두산,0.188,64,12,2,0,2,7,10,0,13,2,3번,2023
993,김민혁,두산,0.000,1,0,0,0,0,0,0,1,0,0,3번,2023
994,김태근,두산,0.000,3,0,0,0,0,0,0,0,2,0,3번,2023
995,박계범,두산,0.000,2,0,0,0,0,0,0,0,0,0,3번,2023
996,송승환,두산,0.000,1,0,0,0,0,0,0,0,1,0,3번,2023
997,신성현,두산,0.000,1,0,0,0,0,0,0,0,0,0,3번,2023
998,안승한,두산,0.000,1,0,0,0,0,0,0,0,1,0,3번,2023
999,장승현,두산,0.000,5,0,0,0,0,0,0,0,1,0,3번,2023
1000,조수행,두산,0.000,4,0,0,0,0,0,0,0,1,0,3번,2023
1001,홍성호,두산,0.000,5,0,0,0,0,0,1,0,3,0,3번,2023
1002,김민혁,두산,0.333,3,1,0,0,0,1,0,0,1,0,4번,2023
1003,송승환,두산,0.333,3,1,0,1,0,1,0,0,0,0,4번,2023
1004,양석환,두산,0.305,118,36,5,0,3,15,9,1,38,3,4번,2023
1005,양의지,두산,0.296,267,79,13,0,11,40,30,7,33,11,4번,2023
1006,김재환,두산,0.223,139,31,8,0,3,12,22,2,38,2,4번,2023
1007,장승현,두산,0.200,10,2,0,0,0,0,0,0,4,0,4번,2023
1008,강승호,두산,-,0,0,0,0,0,0,1,0,0,0,4번,2023
1009,김대한,두산,0.000,1,0,0,0,0,0,0,0,1,0,4번,2023
1010,김인태,두산,0.000,1,0,0,0,0,0,0,0,1,0,4번,2023
1011,김재호,두산,0.000,3,0,0,0,0,0,0,0,0,0,4번,2023
1012,박지훈,두산,0.000,2,0,0,0,0,0,0,0,1,0,4번,2023
1013,신성현,두산,0.000,1,0,0,0,0,0,0,0,1,0,4번,2023
1014,안승한,두산,0.000,1,0,0,0,0,0,0,0,1,0,4번,2023
1015,양찬열,두산,0.000,1,0,0,0,0,0,1,0,0,0,4번,2023
1016,이유찬,두산,0.000,1,0,0,0,0,0,0,0,0,0,4번,2023
1017,조수행,두산,0.000,2,0,0,0,0,0,1,0,1,0,4번,2023
1018,허경민,두산,0.000,1,0,0,0,0,0,0,0,0,0,4번,2023
1019,홍성호,두산,0.000,1,0,0,0,0,0,0,0,1,0,4번,2023
1020,신성현,두산,1.000,1,1,0,0,0,1,0,0,0,0,5번,2023
1021,박준영,두산,0.500,2,1,0,0,0,0,0,0,0,0,5번,2023
1022,전민재,두산,0.500,2,1,0,0,0,0,0,0,1,0,5번,2023
1023,허경민,두산,0.304,23,7,1,0,0,2,2,1,2,0,5번,2023
1024,양석환,두산,0.294,163,48,10,0,7,31,15,2,40,1,5번,2023
1025,홍성호,두산,0.286,14,4,0,0,0,0,1,0,4,0,5번,2023
1026,양의지,두산,0.270,74,20,4,0,1,8,7,3,9,4,5번,2023
1027,로하스,두산,0.244,45,11,5,0,0,9,6,1,6,1,5번,2023
1028,김재환,두산,0.211,123,26,3,0,3,17,22,2,30,1,5번,2023
1029,강승호,두산,0.200,40,8,0,0,0,3,5,0,13,2,5번,2023
1030,김태근,두산,0.200,5,1,0,0,0,0,0,0,1,0,5번,2023
1031,장승현,두산,0.182,11,2,0,0,1,4,0,0,2,0,5번,2023
1032,이유찬,두산,0.167,6,1,0,0,0,0,0,0,2,0,5번,2023
1033,김인태,두산,0.083,12,1,0,0,0,0,0,0,3,1,5번,2023
1034,김대한,두산,0.000,2,0,0,0,0,0,1,0,0,0,5번,2023
1035,김민혁,두산,0.000,4,0,0,0,0,0,1,0,2,1,5번,2023
1036,김재호,두산,0.000,3,0,0,0,0,0,0,0,1,1,5번,2023
1037,박계범,두산,-,0,0,0,0,0,0,1,0,0,0,5번,2023
1038,송승환,두산,0.000,10,0,0,0,0,0,2,0,3,2,5번,2023
1039,정수빈,두산,0.000,1,0,0,0,0,0,0,0,0,0,5번,2023
1040,조수행,두산,0.000,3,0,0,0,0,0,0,0,1,0,5번,2023
1041,서예일,두산,0.667,3,2,0,0,0,0,0,0,1,0,6번,2023
1042,양의지,두산,0.375,8,3,1,0,0,1,0,0,1,0,6번,2023
1043,송승환,두산,0.333,12,4,0,0,0,0,0,0,3,0,6번,2023
1044,양석환,두산,0.319,47,15,5,0,3,8,2,1,11,0,6번,2023
1045,박계범,두산,0.273,11,3,1,0,0,0,2,0,2,0,6번,2023
1046,허경민,두산,0.269,67,18,5,0,1,4,8,1,3,0,6번,2023
1047,로하스,두산,0.256,82,21,3,1,5,10,15,1,22,0,6번,2023
1048,강승호,두산,0.251,171,43,12,5,3,22,10,2,38,4,6번,2023
1049,김인태,두산,0.235,34,8,2,0,0,4,8,0,12,0,6번,2023
1050,김재환,두산,0.214,56,12,1,0,2,6,7,1,15,1,6번,2023
1051,김재호,두산,0.200,5,1,1,0,0,1,0,0,0,0,6번,2023
1052,안재석,두산,0.167,6,1,0,0,0,1,0,0,0,0,6번,2023
1053,조수행,두산,0.143,7,1,0,0,0,0,0,0,2,0,6번,2023
1054,김민혁,두산,0.125,8,1,1,0,0,0,2,0,2,1,6번,2023
1055,김태근,두산,0.000,2,0,0,0,0,0,0,0,0,0,6번,2023
1056,박준영,두산,0.000,4,0,0,0,0,0,0,0,1,0,6번,2023
1057,박지훈,두산,0.000,1,0,0,0,0,0,1,0,1,0,6번,2023
1058,신성현,두산,0.000,3,0,0,0,0,0,0,0,1,0,6번,2023
1059,양찬열,두산,0.000,3,0,0,0,0,1,0,0,1,0,6번,2023
1060,이유찬,두산,0.000,1,0,0,0,0,0,1,0,0,0,6번,2023
1061,전민재,두산,0.000,2,0,0,0,0,0,0,0,0,0,6번,2023
1062,정수빈,두산,0.000,1,0,0,0,0,0,0,0,0,0,6번,2023
1063,홍성호,두산,0.000,1,0,0,0,0,0,0,0,0,0,6번,2023
1064,김태근,두산,0.500,4,2,1,0,0,0,0,0,0,0,7번,2023
1065,홍성호,두산,0.444,18,8,3,0,0,4,0,1,2,0,7번,2023
1066,조수행,두산,0.400,5,2,0,0,0,0,1,0,1,0,7번,2023
1067,김재호,두산,0.393,28,11,2,0,0,1,7,2,5,2,7번,2023
1068,박계범,두산,0.375,24,9,1,0,1,6,3,0,4,1,7번,2023
1069,박지훈,두산,0.333,3,1,0,0,0,0,0,0,0,0,7번,2023
1070,강승호,두산,0.314,153,48,5,1,4,32,8,3,38,4,7번,2023
1071,양찬열,두산,0.308,26,8,1,1,0,2,0,0,7,1,7번,2023
1072,송승환,두산,0.286,14,4,0,0,0,1,1,0,1,0,7번,2023
1073,허경민,두산,0.267,75,20,6,0,0,9,5,1,6,0,7번,2023
1074,김민혁,두산,0.250,8,2,0,0,0,0,0,0,2,0,7번,2023
1075,로하스,두산,0.250,52,13,2,0,4,6,6,0,10,0,7번,2023
1076,이유찬,두산,0.250,4,1,0,0,0,1,0,0,0,0,7번,2023
1077,김인태,두산,0.231,26,6,0,0,0,3,4,0,8,0,7번,2023
1078,양석환,두산,0.167,6,1,0,0,0,0,1,1,2,1,7번,2023
1079,박준영,두산,0.154,52,8,3,0,1,2,3,0,25,0,7번,2023
1080,장승현,두산,0.100,10,1,0,0,0,0,0,2,4,0,7번,2023
1081,김대한,두산,0.091,11,1,0,0,0,1,0,1,2,0,7번,2023
1082,김재환,두산,0.000,1,0,0,0,0,0,1,0,0,0,7번,2023
1083,신성현,두산,0.000,3,0,0,0,0,0,3,0,2,0,7번,2023
1084,양석환,두산,0.500,4,2,0,0,1,3,0,0,1,0,8번,2023
1085,이유찬,두산,0.500,10,5,0,1,0,3,0,1,2,0,8번,2023
1086,김인태,두산,0.400,10,4,1,0,0,2,3,0,1,0,8번,2023
1087,로하스,두산,0.400,5,2,1,0,0,1,0,0,1,0,8번,2023
1088,송승환,두산,0.357,14,5,2,0,0,2,0,0,1,0,8번,2023
1089,김태근,두산,0.333,3,1,0,0,0,2,0,0,1,0,8번,2023
1090,양의지,두산,0.333,3,1,1,0,0,0,1,0,1,1,8번,2023
1091,양찬열,두산,0.304,23,7,1,1,0,2,6,0,6,0,8번,2023
1092,박유연,두산,0.267,15,4,2,0,0,1,0,0,4,0,8번,2023
1093,허경민,두산,0.262,65,17,2,0,3,8,2,0,5,2,8번,2023
1094,김대한,두산,0.250,8,2,0,1,0,1,0,0,5,0,8번,2023
1095,김재호,두산,0.250,40,10,1,0,1,4,2,1,3,0,8번,2023
1096,홍성호,두산,0.250,8,2,1,0,0,1,0,0,4,0,8번,2023
1097,안승한,두산,0.227,22,5,0,0,0,1,2,1,8,0,8번,2023
1098,안재석,두산,0.222,27,6,1,0,1,3,2,0,4,0,8번,2023
1099,박준영,두산,0.212,33,7,2,0,1,5,3,1,14,0,8번,2023
1100,조수행,두산,0.211,19,4,0,0,0,1,0,0,8,0,8번,2023
1101,김재환,두산,0.200,5,1,0,0,0,3,1,0,1,0,8번,2023
1102,장승현,두산,0.165,103,17,1,0,2,5,6,6,25,2,8번,2023
1103,강승호,두산,0.138,29,4,0,0,0,2,2,0,15,2,8번,2023
1104,박계범,두산,0.109,46,5,0,0,0,1,4,2,14,1,8번,2023
1105,김민혁,두산,0.000,4,0,0,0,0,1,1,0,2,1,8번,2023
1106,박지훈,두산,0.000,4,0,0,0,0,0,0,0,2,0,8번,2023
1107,서예일,두산,-,0,0,0,0,0,1,0,0,0,0,8번,2023
1108,신성현,두산,0.000,2,0,0,0,0,0,0,0,0,0,8번,2023
1109,전민재,두산,0.000,6,0,0,0,0,0,0,0,0,2,8번,2023
1110,정수빈,두산,0.526,19,10,2,0,0,0,5,0,2,0,9번,2023
1111,김인태,두산,0.500,2,1,1,0,0,2,0,0,0,0,9번,2023
1112,박준영,두산,0.375,32,12,3,2,2,10,3,1,13,0,9번,2023
1113,강승호,두산,0.364,11,4,0,0,0,0,0,1,3,0,9번,2023
1114,박계범,두산,0.357,14,5,1,0,0,2,1,0,2,0,9번,2023
1115,김재호,두산,0.345,29,10,3,0,0,9,5,0,1,1,9번,2023
1116,송승환,두산,0.333,3,1,0,0,0,0,0,0,1,0,9번,2023
1117,허경민,두산,0.315,54,17,3,1,1,8,6,0,4,0,9번,2023
1118,조수행,두산,0.283,92,26,1,0,0,10,4,0,7,1,9번,2023
1119,전민재,두산,0.250,4,1,0,0,0,0,0,0,2,0,9번,2023
1120,이유찬,두산,0.243,173,42,7,0,1,11,13,1,43,0,9번,2023
1121,김대한,두산,0.222,18,4,2,0,0,2,2,0,4,0,9번,2023
1122,안재석,두산,0.222,9,2,1,0,0,1,1,0,3,0,9번,2023
1123,김태근,두산,0.182,11,2,1,0,0,0,0,0,7,0,9번,2023
1124,권민석,두산,0.000,2,0,0,0,0,0,0,0,1,0,9번,2023
1125,김민혁,두산,-,0,0,0,0,0,1,0,0,0,0,9번,2023
1126,김재환,두산,0.000,2,0,0,0,0,0,1,0,1,0,9번,2023
1127,박지훈,두산,0.000,3,0,0,0,0,0,0,0,1,0,9번,2023
1128,서예일,두산,0.000,6,0,0,0,0,0,0,0,1,0,9번,2023
1129,양찬열,두산,0.000,4,0,0,0,0,0,1,0,0,0,9번,2023
1130,전민재,두산,0.667,3,2,2,0,0,1,0,0,0,0,상위(1~2번),2023
1131,박지훈,두산,0.500,2,1,0,0,0,1,0,0,1,0,상위(1~2번),2023
1132,김재환,두산,0.467,15,7,1,0,0,1,8,0,2,2,상위(1~2번),2023
1133,김인태,두산,0.364,11,4,1,0,1,2,0,1,1,0,상위(1~2번),2023
1134,정수빈,두산,0.279,477,133,12,11,2,33,59,7,61,2,상위(1~2번),2023
1135,김재호,두산,0.273,139,38,6,0,2,14,16,5,14,7,상위(1~2번),2023
1136,박준영,두산,0.250,4,1,0,0,0,0,0,0,0,0,상위(1~2번),2023
1137,허경민,두산,0.250,144,36,6,0,2,17,12,3,6,4,상위(1~2번),2023
1138,로하스,두산,0.237,38,9,3,1,2,6,3,1,4,0,상위(1~2번),2023
1139,김대한,두산,0.220,41,9,1,0,1,3,4,0,9,0,상위(1~2번),2023
1140,김태근,두산,0.208,24,5,1,0,0,1,0,1,10,0,상위(1~2번),2023
1141,박계범,두산,0.208,72,15,3,0,1,6,4,0,22,2,상위(1~2번),2023
1142,강승호,두산,0.200,5,1,0,0,0,0,1,0,0,0,상위(1~2번),2023
1143,양찬열,두산,0.194,31,6,0,0,0,1,1,1,9,0,상위(1~2번),2023
1144,조수행,두산,0.172,87,15,1,1,1,6,17,2,17,1,상위(1~2번),2023
1145,안재석,두산,0.136,22,3,0,1,0,0,0,0,5,0,상위(1~2번),2023
1146,이유찬,두산,0.133,15,2,0,1,0,1,6,1,4,0,상위(1~2번),2023
1147,송승환,두산,0.077,13,1,1,0,0,0,1,0,6,0,상위(1~2번),2023
1148,김민혁,두산,0.000,1,0,0,0,0,0,0,0,0,0,상위(1~2번),2023
1149,신성현,두산,0.000,1,0,0,0,0,0,0,0,0,0,상위(1~2번),2023
1150,홍성호,두산,0.000,1,0,0,0,0,0,0,0,0,0,상위(1~2번),2023
1151,박준영,두산,0.500,2,1,0,0,0,0,0,0,0,0,중심(3~5번),2023
1152,전민재,두산,0.500,2,1,0,0,0,0,0,0,1,0,중심(3~5번),2023
1153,박지훈,두산,0.333,6,2,1,0,0,1,1,0,2,0,중심(3~5번),2023
1154,신성현,두산,0.333,3,1,0,0,0,1,0,0,1,0,중심(3~5번),2023
1155,양의지,두산,0.304,428,130,21,0,17,67,56,11,54,19,중심(3~5번),2023
1156,허경민,두산,0.292,24,7,1,0,0,2,2,1,2,0,중심(3~5번),2023
1157,양석환,두산,0.276,467,129,23,0,17,78,38,4,119,8,중심(3~5번),2023
1158,로하스,두산,0.252,226,57,15,2,8,41,31,1,31,5,중심(3~5번),2023
1159,강승호,두산,0.220,50,11,1,0,0,3,6,0,16,2,중심(3~5번),2023
1160,김재환,두산,0.212,326,69,13,0,8,36,54,4,81,5,중심(3~5번),2023
1161,홍성호,두산,0.200,20,4,0,0,0,0,2,0,8,0,중심(3~5번),2023
1162,장승현,두산,0.154,26,4,0,0,1,4,0,0,7,0,중심(3~5번),2023
1163,이유찬,두산,0.143,7,1,0,0,0,0,0,0,2,0,중심(3~5번),2023
1164,김인태,두산,0.133,15,2,0,0,0,1,0,0,4,1,중심(3~5번),2023
1165,김민혁,두산,0.125,8,1,0,0,0,1,1,1,3,1,중심(3~5번),2023
1166,김태근,두산,0.125,8,1,0,0,0,0,0,0,3,0,중심(3~5번),2023
1167,송승환,두산,0.071,14,1,0,1,0,1,2,0,4,2,중심(3~5번),2023
1168,김대한,두산,0.000,3,0,0,0,0,0,1,0,1,0,중심(3~5번),2023
1169,김재호,두산,0.000,6,0,0,0,0,0,0,0,1,1,중심(3~5번),2023
1170,박계범,두산,0.000,2,0,0,0,0,0,1,0,0,0,중심(3~5번),2023
1171,안승한,두산,0.000,2,0,0,0,0,0,0,0,2,0,중심(3~5번),2023
1172,양찬열,두산,0.000,1,0,0,0,0,0,1,0,0,0,중심(3~5번),2023
1173,정수빈,두산,0.000,1,0,0,0,0,0,0,0,0,0,중심(3~5번),2023
1174,조수행,두산,0.000,9,0,0,0,0,0,1,0,3,0,중심(3~5번),2023
1175,정수빈,두산,0.500,20,10,2,0,0,0,5,0,2,0,하위(6~9번),2023
1176,홍성호,두산,0.370,27,10,4,0,0,5,0,1,6,0,하위(6~9번),2023
1177,양의지,두산,0.364,11,4,2,0,0,1,1,0,2,1,하위(6~9번),2023
1178,송승환,두산,0.326,43,14,2,0,0,3,1,0,6,0,하위(6~9번),2023
1179,양석환,두산,0.316,57,18,5,0,4,11,3,2,14,1,하위(6~9번),2023
1180,김재호,두산,0.314,102,32,7,0,1,15,14,3,9,3,하위(6~9번),2023
1181,허경민,두산,0.276,261,72,16,1,5,29,21,2,18,2,하위(6~9번),2023
1182,강승호,두산,0.272,364,99,17,6,7,56,20,6,94,10,하위(6~9번),2023
1183,조수행,두산,0.268,123,33,1,0,0,11,5,0,18,1,하위(6~9번),2023
1184,양찬열,두산,0.268,56,15,2,2,0,5,7,0,14,1,하위(6~9번),2023
1185,박유연,두산,0.267,15,4,2,0,0,1,0,0,4,0,하위(6~9번),2023
1186,김인태,두산,0.264,72,19,4,0,0,11,15,0,21,0,하위(6~9번),2023
1187,로하스,두산,0.259,139,36,6,1,9,17,21,1,33,0,하위(6~9번),2023
1188,이유찬,두산,0.255,188,48,7,1,1,15,14,2,45,0,하위(6~9번),2023
1189,김태근,두산,0.250,20,5,2,0,0,2,0,0,8,0,하위(6~9번),2023
1190,박계범,두산,0.232,95,22,3,0,1,9,10,2,22,2,하위(6~9번),2023
1191,안승한,두산,0.227,22,5,0,0,0,1,2,1,8,0,하위(6~9번),2023
1192,박준영,두산,0.223,121,27,8,2,4,17,9,2,53,0,하위(6~9번),2023
1193,서예일,두산,0.222,9,2,0,0,0,1,0,0,2,0,하위(6~9번),2023
1194,안재석,두산,0.214,42,9,2,0,1,5,3,0,7,0,하위(6~9번),2023
1195,김재환,두산,0.203,64,13,1,0,2,9,10,1,17,1,하위(6~9번),2023
1196,김대한,두산,0.189,37,7,2,1,0,4,2,1,11,0,하위(6~9번),2023
1197,장승현,두산,0.159,113,18,1,0,2,5,6,8,29,2,하위(6~9번),2023
1198,김민혁,두산,0.150,20,3,1,0,0,2,3,0,6,2,하위(6~9번),2023
1199,박지훈,두산,0.091,11,1,0,0,0,0,1,0,4,0,하위(6~9번),2023
1200,전민재,두산,0.083,12,1,0,0,0,0,0,0,2,2,하위(6~9번),2023
1201,권민석,두산,0.000,2,0,0,0,0,0,0,0,1,0,하위(6~9번),2023
1202,신성현,두산,0.000,8,0,0,0,0,0,3,0,3,0,하위(6~9번),2023
